[2025-10-10T06:56:09.833+0000] {manager.py:469} INFO - Processing files using up to 2 processes at a time 
[2025-10-10T06:56:09.834+0000] {manager.py:470} INFO - Process each file at most once every 30 seconds
[2025-10-10T06:56:09.835+0000] {manager.py:471} INFO - Checking for new files in /opt/airflow/dags every 300 seconds
[2025-10-10T06:56:09.837+0000] {manager.py:738} INFO - Searching for files in /opt/airflow/dags
[2025-10-10T06:56:09.853+0000] {manager.py:741} INFO - There are 1 files in /opt/airflow/dags
[2025-10-10T06:56:10.453+0000] {manager.py:879} INFO - 
================================================================================
DAG File Processing Stats

File Path                                           PID  Runtime      # DAGs    # Errors  Last Runtime    Last Run
------------------------------------------------  -----  ---------  --------  ----------  --------------  ----------
/opt/airflow/dags/environmental_data_pipeline.py    159  0.32s             0           0
================================================================================
[2025-10-10T06:56:38.570+0000] {manager.py:879} INFO - 
================================================================================
DAG File Processing Stats

File Path                                         PID    Runtime      # DAGs    # Errors  Last Runtime    Last Run
------------------------------------------------  -----  ---------  --------  ----------  --------------  -------------------
/opt/airflow/dags/environmental_data_pipeline.py                           1           0  1.29s           2025-10-10T06:56:11
================================================================================
[2025-10-10T06:57:06.709+0000] {manager.py:879} INFO - 
================================================================================
DAG File Processing Stats

File Path                                         PID    Runtime      # DAGs    # Errors  Last Runtime    Last Run
------------------------------------------------  -----  ---------  --------  ----------  --------------  -------------------
/opt/airflow/dags/environmental_data_pipeline.py                           1           0  0.55s           2025-10-10T06:56:42
================================================================================
[2025-10-10T06:57:17.620+0000] {manager.py:451} INFO - Exiting gracefully upon receiving signal 15
[2025-10-10T07:03:40.551+0000] {manager.py:469} INFO - Processing files using up to 2 processes at a time 
[2025-10-10T07:03:40.553+0000] {manager.py:470} INFO - Process each file at most once every 30 seconds
[2025-10-10T07:03:40.554+0000] {manager.py:471} INFO - Checking for new files in /opt/airflow/dags every 300 seconds
[2025-10-10T07:03:40.554+0000] {manager.py:738} INFO - Searching for files in /opt/airflow/dags
[2025-10-10T07:03:40.566+0000] {manager.py:741} INFO - There are 1 files in /opt/airflow/dags
[2025-10-10T07:03:41.617+0000] {manager.py:879} INFO - 
================================================================================
DAG File Processing Stats

File Path                                           PID  Runtime      # DAGs    # Errors  Last Runtime    Last Run
------------------------------------------------  -----  ---------  --------  ----------  --------------  ----------
/opt/airflow/dags/environmental_data_pipeline.py    159  0.51s             0           0
================================================================================
[2025-10-10T07:04:09.932+0000] {manager.py:879} INFO - 
================================================================================
DAG File Processing Stats

File Path                                         PID    Runtime      # DAGs    # Errors  Last Runtime    Last Run
------------------------------------------------  -----  ---------  --------  ----------  --------------  -------------------
/opt/airflow/dags/environmental_data_pipeline.py                           1           0  1.61s           2025-10-10T07:03:42
================================================================================
[2025-10-10T07:04:38.216+0000] {manager.py:879} INFO - 
================================================================================
DAG File Processing Stats

File Path                                         PID    Runtime      # DAGs    # Errors  Last Runtime    Last Run
------------------------------------------------  -----  ---------  --------  ----------  --------------  -------------------
/opt/airflow/dags/environmental_data_pipeline.py                           1           0  1.40s           2025-10-10T07:04:14
================================================================================
[2025-10-10T07:05:06.665+0000] {manager.py:879} INFO - 
================================================================================
DAG File Processing Stats

File Path                                         PID    Runtime      # DAGs    # Errors  Last Runtime    Last Run
------------------------------------------------  -----  ---------  --------  ----------  --------------  -------------------
/opt/airflow/dags/environmental_data_pipeline.py                           1           0  0.22s           2025-10-10T07:04:44
================================================================================
[2025-10-10T07:05:34.948+0000] {manager.py:879} INFO - 
================================================================================
DAG File Processing Stats

File Path                                         PID    Runtime      # DAGs    # Errors  Last Runtime    Last Run
------------------------------------------------  -----  ---------  --------  ----------  --------------  -------------------
/opt/airflow/dags/environmental_data_pipeline.py                           1           0  0.11s           2025-10-10T07:05:15
================================================================================
[2025-10-10T07:06:03.159+0000] {manager.py:879} INFO - 
================================================================================
DAG File Processing Stats

File Path                                         PID    Runtime      # DAGs    # Errors  Last Runtime    Last Run
------------------------------------------------  -----  ---------  --------  ----------  --------------  -------------------
/opt/airflow/dags/environmental_data_pipeline.py                           1           0  0.17s           2025-10-10T07:05:45
================================================================================
[2025-10-10T07:06:31.402+0000] {manager.py:879} INFO - 
================================================================================
DAG File Processing Stats

File Path                                         PID    Runtime      # DAGs    # Errors  Last Runtime    Last Run
------------------------------------------------  -----  ---------  --------  ----------  --------------  -------------------
/opt/airflow/dags/environmental_data_pipeline.py                           1           0  0.23s           2025-10-10T07:06:15
================================================================================
[2025-10-10T07:06:59.842+0000] {manager.py:879} INFO - 
================================================================================
DAG File Processing Stats

File Path                                         PID    Runtime      # DAGs    # Errors  Last Runtime    Last Run
------------------------------------------------  -----  ---------  --------  ----------  --------------  -------------------
/opt/airflow/dags/environmental_data_pipeline.py                           1           0  -1.71s          2025-10-10T07:06:44
================================================================================
[2025-10-10T07:07:28.250+0000] {manager.py:879} INFO - 
================================================================================
DAG File Processing Stats

File Path                                         PID    Runtime      # DAGs    # Errors  Last Runtime    Last Run
------------------------------------------------  -----  ---------  --------  ----------  --------------  -------------------
/opt/airflow/dags/environmental_data_pipeline.py                           1           0  0.18s           2025-10-10T07:07:14
================================================================================
[2025-10-10T07:07:56.472+0000] {manager.py:879} INFO - 
================================================================================
DAG File Processing Stats

File Path                                         PID    Runtime      # DAGs    # Errors  Last Runtime    Last Run
------------------------------------------------  -----  ---------  --------  ----------  --------------  -------------------
/opt/airflow/dags/environmental_data_pipeline.py                           1           0  0.31s           2025-10-10T07:07:44
================================================================================
[2025-10-10T07:08:24.861+0000] {manager.py:879} INFO - 
================================================================================
DAG File Processing Stats

File Path                                         PID    Runtime      # DAGs    # Errors  Last Runtime    Last Run
------------------------------------------------  -----  ---------  --------  ----------  --------------  -------------------
/opt/airflow/dags/environmental_data_pipeline.py                           1           0  0.18s           2025-10-10T07:08:15
================================================================================
[2025-10-10T07:08:40.930+0000] {manager.py:738} INFO - Searching for files in /opt/airflow/dags
[2025-10-10T07:08:40.933+0000] {manager.py:741} INFO - There are 1 files in /opt/airflow/dags
[2025-10-10T07:08:53.089+0000] {manager.py:879} INFO - 
================================================================================
DAG File Processing Stats

File Path                                         PID    Runtime      # DAGs    # Errors  Last Runtime    Last Run
------------------------------------------------  -----  ---------  --------  ----------  --------------  -------------------
/opt/airflow/dags/environmental_data_pipeline.py                           1           0  0.40s           2025-10-10T07:08:45
================================================================================
[2025-10-10T07:09:21.571+0000] {manager.py:879} INFO - 
================================================================================
DAG File Processing Stats

File Path                                         PID    Runtime      # DAGs    # Errors  Last Runtime    Last Run
------------------------------------------------  -----  ---------  --------  ----------  --------------  -------------------
/opt/airflow/dags/environmental_data_pipeline.py                           1           0  0.18s           2025-10-10T07:09:15
================================================================================
[2025-10-10T07:09:49.755+0000] {manager.py:879} INFO - 
================================================================================
DAG File Processing Stats

File Path                                         PID    Runtime      # DAGs    # Errors  Last Runtime    Last Run
------------------------------------------------  -----  ---------  --------  ----------  --------------  -------------------
/opt/airflow/dags/environmental_data_pipeline.py                           1           0  0.11s           2025-10-10T07:09:45
================================================================================
[2025-10-10T07:10:17.870+0000] {manager.py:879} INFO - 
================================================================================
DAG File Processing Stats

File Path                                         PID    Runtime      # DAGs    # Errors  Last Runtime    Last Run
------------------------------------------------  -----  ---------  --------  ----------  --------------  -------------------
/opt/airflow/dags/environmental_data_pipeline.py                           1           0  -1.85s          2025-10-10T07:10:15
================================================================================
[2025-10-10T07:10:46.101+0000] {manager.py:879} INFO - 
================================================================================
DAG File Processing Stats

File Path                                         PID    Runtime      # DAGs    # Errors  Last Runtime    Last Run
------------------------------------------------  -----  ---------  --------  ----------  --------------  -------------------
/opt/airflow/dags/environmental_data_pipeline.py                           1           0  0.11s           2025-10-10T07:10:45
================================================================================
[2025-10-10T07:11:16.313+0000] {manager.py:879} INFO - 
================================================================================
DAG File Processing Stats

File Path                                         PID    Runtime      # DAGs    # Errors  Last Runtime    Last Run
------------------------------------------------  -----  ---------  --------  ----------  --------------  -------------------
/opt/airflow/dags/environmental_data_pipeline.py                           1           0  0.15s           2025-10-10T07:11:15
================================================================================
[2025-10-10T07:11:44.282+0000] {manager.py:879} INFO - 
================================================================================
DAG File Processing Stats

File Path                                         PID    Runtime      # DAGs    # Errors  Last Runtime    Last Run
------------------------------------------------  -----  ---------  --------  ----------  --------------  -------------------
/opt/airflow/dags/environmental_data_pipeline.py                           1           0  0.15s           2025-10-10T07:11:15
================================================================================
[2025-10-10T07:12:12.377+0000] {manager.py:879} INFO - 
================================================================================
DAG File Processing Stats

File Path                                         PID    Runtime      # DAGs    # Errors  Last Runtime    Last Run
------------------------------------------------  -----  ---------  --------  ----------  --------------  -------------------
/opt/airflow/dags/environmental_data_pipeline.py                           1           0  0.14s           2025-10-10T07:11:46
================================================================================
[2025-10-10T07:12:40.496+0000] {manager.py:879} INFO - 
================================================================================
DAG File Processing Stats

File Path                                         PID    Runtime      # DAGs    # Errors  Last Runtime    Last Run
------------------------------------------------  -----  ---------  --------  ----------  --------------  -------------------
/opt/airflow/dags/environmental_data_pipeline.py                           1           0  -1.90s          2025-10-10T07:12:15
================================================================================
[2025-10-10T07:13:08.515+0000] {manager.py:879} INFO - 
================================================================================
DAG File Processing Stats

File Path                                         PID    Runtime      # DAGs    # Errors  Last Runtime    Last Run
------------------------------------------------  -----  ---------  --------  ----------  --------------  -------------------
/opt/airflow/dags/environmental_data_pipeline.py                           1           0  0.13s           2025-10-10T07:12:45
================================================================================
[2025-10-10T07:13:36.605+0000] {manager.py:879} INFO - 
================================================================================
DAG File Processing Stats

File Path                                         PID    Runtime      # DAGs    # Errors  Last Runtime    Last Run
------------------------------------------------  -----  ---------  --------  ----------  --------------  -------------------
/opt/airflow/dags/environmental_data_pipeline.py                           1           0  0.18s           2025-10-10T07:13:15
================================================================================
[2025-10-10T07:13:41.630+0000] {manager.py:738} INFO - Searching for files in /opt/airflow/dags
[2025-10-10T07:13:41.631+0000] {manager.py:741} INFO - There are 1 files in /opt/airflow/dags
[2025-10-10T07:14:04.721+0000] {manager.py:879} INFO - 
================================================================================
DAG File Processing Stats

File Path                                         PID    Runtime      # DAGs    # Errors  Last Runtime    Last Run
------------------------------------------------  -----  ---------  --------  ----------  --------------  -------------------
/opt/airflow/dags/environmental_data_pipeline.py                           1           0  0.16s           2025-10-10T07:13:46
================================================================================
[2025-10-10T07:14:32.801+0000] {manager.py:879} INFO - 
================================================================================
DAG File Processing Stats

File Path                                         PID    Runtime      # DAGs    # Errors  Last Runtime    Last Run
------------------------------------------------  -----  ---------  --------  ----------  --------------  -------------------
/opt/airflow/dags/environmental_data_pipeline.py                           1           0  -1.94s          2025-10-10T07:14:15
================================================================================
[2025-10-10T07:15:00.932+0000] {manager.py:879} INFO - 
================================================================================
DAG File Processing Stats

File Path                                         PID    Runtime      # DAGs    # Errors  Last Runtime    Last Run
------------------------------------------------  -----  ---------  --------  ----------  --------------  -------------------
/opt/airflow/dags/environmental_data_pipeline.py                           1           0  0.17s           2025-10-10T07:14:46
================================================================================
[2025-10-10T07:15:28.932+0000] {manager.py:879} INFO - 
================================================================================
DAG File Processing Stats

File Path                                         PID    Runtime      # DAGs    # Errors  Last Runtime    Last Run
------------------------------------------------  -----  ---------  --------  ----------  --------------  -------------------
/opt/airflow/dags/environmental_data_pipeline.py                           1           0  0.20s           2025-10-10T07:15:16
================================================================================
[2025-10-10T07:15:56.915+0000] {manager.py:879} INFO - 
================================================================================
DAG File Processing Stats

File Path                                         PID    Runtime      # DAGs    # Errors  Last Runtime    Last Run
------------------------------------------------  -----  ---------  --------  ----------  --------------  -------------------
/opt/airflow/dags/environmental_data_pipeline.py                           1           0  0.11s           2025-10-10T07:15:47
================================================================================
[2025-10-10T07:16:25.033+0000] {manager.py:879} INFO - 
================================================================================
DAG File Processing Stats

File Path                                         PID    Runtime      # DAGs    # Errors  Last Runtime    Last Run
------------------------------------------------  -----  ---------  --------  ----------  --------------  -------------------
/opt/airflow/dags/environmental_data_pipeline.py                           1           0  0.10s           2025-10-10T07:16:18
================================================================================
[2025-10-10T07:16:53.100+0000] {manager.py:879} INFO - 
================================================================================
DAG File Processing Stats

File Path                                         PID    Runtime      # DAGs    # Errors  Last Runtime    Last Run
------------------------------------------------  -----  ---------  --------  ----------  --------------  -------------------
/opt/airflow/dags/environmental_data_pipeline.py                           1           0  0.22s           2025-10-10T07:16:48
================================================================================
[2025-10-10T07:17:21.031+0000] {manager.py:879} INFO - 
================================================================================
DAG File Processing Stats

File Path                                         PID    Runtime      # DAGs    # Errors  Last Runtime    Last Run
------------------------------------------------  -----  ---------  --------  ----------  --------------  -------------------
/opt/airflow/dags/environmental_data_pipeline.py                           1           0  0.17s           2025-10-10T07:17:19
================================================================================
[2025-10-10T07:17:49.080+0000] {manager.py:879} INFO - 
================================================================================
DAG File Processing Stats

File Path                                         PID    Runtime      # DAGs    # Errors  Last Runtime    Last Run
------------------------------------------------  -----  ---------  --------  ----------  --------------  -------------------
/opt/airflow/dags/environmental_data_pipeline.py                           1           0  0.17s           2025-10-10T07:17:19
================================================================================
[2025-10-10T07:18:17.154+0000] {manager.py:879} INFO - 
================================================================================
DAG File Processing Stats

File Path                                         PID    Runtime      # DAGs    # Errors  Last Runtime    Last Run
------------------------------------------------  -----  ---------  --------  ----------  --------------  -------------------
/opt/airflow/dags/environmental_data_pipeline.py                           1           0  0.13s           2025-10-10T07:17:50
================================================================================
[2025-10-10T07:18:42.269+0000] {manager.py:738} INFO - Searching for files in /opt/airflow/dags
[2025-10-10T07:18:42.272+0000] {manager.py:741} INFO - There are 1 files in /opt/airflow/dags
[2025-10-10T07:18:47.308+0000] {manager.py:879} INFO - 
================================================================================
DAG File Processing Stats

File Path                                         PID    Runtime      # DAGs    # Errors  Last Runtime    Last Run
------------------------------------------------  -----  ---------  --------  ----------  --------------  -------------------
/opt/airflow/dags/environmental_data_pipeline.py                           1           0  0.12s           2025-10-10T07:18:21
================================================================================
[2025-10-10T07:19:15.420+0000] {manager.py:879} INFO - 
================================================================================
DAG File Processing Stats

File Path                                         PID    Runtime      # DAGs    # Errors  Last Runtime    Last Run
------------------------------------------------  -----  ---------  --------  ----------  --------------  -------------------
/opt/airflow/dags/environmental_data_pipeline.py                           1           0  0.21s           2025-10-10T07:18:52
================================================================================
[2025-10-10T07:19:43.473+0000] {manager.py:879} INFO - 
================================================================================
DAG File Processing Stats

File Path                                         PID    Runtime      # DAGs    # Errors  Last Runtime    Last Run
------------------------------------------------  -----  ---------  --------  ----------  --------------  -------------------
/opt/airflow/dags/environmental_data_pipeline.py                           1           0  0.26s           2025-10-10T07:19:23
================================================================================
[2025-10-10T07:20:11.583+0000] {manager.py:879} INFO - 
================================================================================
DAG File Processing Stats

File Path                                         PID    Runtime      # DAGs    # Errors  Last Runtime    Last Run
------------------------------------------------  -----  ---------  --------  ----------  --------------  -------------------
/opt/airflow/dags/environmental_data_pipeline.py                           1           0  0.17s           2025-10-10T07:19:54
================================================================================
[2025-10-10T07:20:39.579+0000] {manager.py:879} INFO - 
================================================================================
DAG File Processing Stats

File Path                                         PID    Runtime      # DAGs    # Errors  Last Runtime    Last Run
------------------------------------------------  -----  ---------  --------  ----------  --------------  -------------------
/opt/airflow/dags/environmental_data_pipeline.py                           1           0  0.15s           2025-10-10T07:20:25
================================================================================
[2025-10-10T07:21:07.674+0000] {manager.py:879} INFO - 
================================================================================
DAG File Processing Stats

File Path                                         PID    Runtime      # DAGs    # Errors  Last Runtime    Last Run
------------------------------------------------  -----  ---------  --------  ----------  --------------  -------------------
/opt/airflow/dags/environmental_data_pipeline.py                           1           0  0.12s           2025-10-10T07:20:56
================================================================================
[2025-10-10T07:21:35.613+0000] {manager.py:879} INFO - 
================================================================================
DAG File Processing Stats

File Path                                         PID    Runtime      # DAGs    # Errors  Last Runtime    Last Run
------------------------------------------------  -----  ---------  --------  ----------  --------------  -------------------
/opt/airflow/dags/environmental_data_pipeline.py                           1           0  0.21s           2025-10-10T07:21:27
================================================================================
[2025-10-10T07:22:03.557+0000] {manager.py:879} INFO - 
================================================================================
DAG File Processing Stats

File Path                                         PID    Runtime      # DAGs    # Errors  Last Runtime    Last Run
------------------------------------------------  -----  ---------  --------  ----------  --------------  -------------------
/opt/airflow/dags/environmental_data_pipeline.py                           1           0  0.15s           2025-10-10T07:21:58
================================================================================
[2025-10-10T07:22:31.679+0000] {manager.py:879} INFO - 
================================================================================
DAG File Processing Stats

File Path                                         PID    Runtime      # DAGs    # Errors  Last Runtime    Last Run
------------------------------------------------  -----  ---------  --------  ----------  --------------  -------------------
/opt/airflow/dags/environmental_data_pipeline.py                           1           0  0.22s           2025-10-10T07:22:29
================================================================================
[2025-10-10T07:22:59.717+0000] {manager.py:879} INFO - 
================================================================================
DAG File Processing Stats

File Path                                         PID    Runtime      # DAGs    # Errors  Last Runtime    Last Run
------------------------------------------------  -----  ---------  --------  ----------  --------------  -------------------
/opt/airflow/dags/environmental_data_pipeline.py                           1           0  0.22s           2025-10-10T07:22:29
================================================================================
[2025-10-10T07:23:27.723+0000] {manager.py:879} INFO - 
================================================================================
DAG File Processing Stats

File Path                                         PID    Runtime      # DAGs    # Errors  Last Runtime    Last Run
------------------------------------------------  -----  ---------  --------  ----------  --------------  -------------------
/opt/airflow/dags/environmental_data_pipeline.py                           1           0  0.17s           2025-10-10T07:22:59
================================================================================
[2025-10-10T07:23:42.950+0000] {manager.py:738} INFO - Searching for files in /opt/airflow/dags
[2025-10-10T07:23:42.952+0000] {manager.py:741} INFO - There are 1 files in /opt/airflow/dags
[2025-10-10T07:23:55.830+0000] {manager.py:879} INFO - 
================================================================================
DAG File Processing Stats

File Path                                         PID    Runtime      # DAGs    # Errors  Last Runtime    Last Run
------------------------------------------------  -----  ---------  --------  ----------  --------------  -------------------
/opt/airflow/dags/environmental_data_pipeline.py                           1           0  0.26s           2025-10-10T07:23:30
================================================================================
[2025-10-10T07:24:23.900+0000] {manager.py:879} INFO - 
================================================================================
DAG File Processing Stats

File Path                                         PID    Runtime      # DAGs    # Errors  Last Runtime    Last Run
------------------------------------------------  -----  ---------  --------  ----------  --------------  -------------------
/opt/airflow/dags/environmental_data_pipeline.py                           1           0  0.22s           2025-10-10T07:24:02
================================================================================
[2025-10-10T07:24:52.054+0000] {manager.py:879} INFO - 
================================================================================
DAG File Processing Stats

File Path                                         PID    Runtime      # DAGs    # Errors  Last Runtime    Last Run
------------------------------------------------  -----  ---------  --------  ----------  --------------  -------------------
/opt/airflow/dags/environmental_data_pipeline.py                           1           0  0.34s           2025-10-10T07:24:33
================================================================================
[2025-10-10T07:25:20.288+0000] {manager.py:879} INFO - 
================================================================================
DAG File Processing Stats

File Path                                         PID    Runtime      # DAGs    # Errors  Last Runtime    Last Run
------------------------------------------------  -----  ---------  --------  ----------  --------------  -------------------
/opt/airflow/dags/environmental_data_pipeline.py                           1           0  0.26s           2025-10-10T07:25:03
================================================================================
[2025-10-10T07:25:48.486+0000] {manager.py:879} INFO - 
================================================================================
DAG File Processing Stats

File Path                                         PID    Runtime      # DAGs    # Errors  Last Runtime    Last Run
------------------------------------------------  -----  ---------  --------  ----------  --------------  -------------------
/opt/airflow/dags/environmental_data_pipeline.py                           1           0  0.31s           2025-10-10T07:25:33
================================================================================
[2025-10-10T07:26:18.628+0000] {manager.py:879} INFO - 
================================================================================
DAG File Processing Stats

File Path                                         PID    Runtime      # DAGs    # Errors  Last Runtime    Last Run
------------------------------------------------  -----  ---------  --------  ----------  --------------  -------------------
/opt/airflow/dags/environmental_data_pipeline.py                           1           0  0.14s           2025-10-10T07:26:04
================================================================================
[2025-10-10T07:26:37.330+0000] {manager.py:451} INFO - Exiting gracefully upon receiving signal 15
[2025-10-10T07:42:03.967+0000] {manager.py:469} INFO - Processing files using up to 2 processes at a time 
[2025-10-10T07:42:03.974+0000] {manager.py:470} INFO - Process each file at most once every 30 seconds
[2025-10-10T07:42:03.974+0000] {manager.py:471} INFO - Checking for new files in /opt/airflow/dags every 300 seconds
[2025-10-10T07:42:03.975+0000] {manager.py:738} INFO - Searching for files in /opt/airflow/dags
[2025-10-10T07:42:03.980+0000] {manager.py:741} INFO - There are 1 files in /opt/airflow/dags
[2025-10-10T07:42:04.396+0000] {manager.py:879} INFO - 
================================================================================
DAG File Processing Stats

File Path                                           PID  Runtime      # DAGs    # Errors  Last Runtime    Last Run
------------------------------------------------  -----  ---------  --------  ----------  --------------  ----------
/opt/airflow/dags/environmental_data_pipeline.py    160  0.27s             0           0
================================================================================
[2025-10-10T07:42:32.376+0000] {manager.py:879} INFO - 
================================================================================
DAG File Processing Stats

File Path                                         PID    Runtime      # DAGs    # Errors  Last Runtime    Last Run
------------------------------------------------  -----  ---------  --------  ----------  --------------  -------------------
/opt/airflow/dags/environmental_data_pipeline.py                           1           0  0.86s           2025-10-10T07:42:04
================================================================================
[2025-10-10T07:43:00.382+0000] {manager.py:879} INFO - 
================================================================================
DAG File Processing Stats

File Path                                         PID    Runtime      # DAGs    # Errors  Last Runtime    Last Run
------------------------------------------------  -----  ---------  --------  ----------  --------------  -------------------
/opt/airflow/dags/environmental_data_pipeline.py                           1           0  0.25s           2025-10-10T07:42:35
================================================================================
[2025-10-10T07:43:28.529+0000] {manager.py:879} INFO - 
================================================================================
DAG File Processing Stats

File Path                                         PID    Runtime      # DAGs    # Errors  Last Runtime    Last Run
------------------------------------------------  -----  ---------  --------  ----------  --------------  -------------------
/opt/airflow/dags/environmental_data_pipeline.py                           1           0  0.56s           2025-10-10T07:43:06
================================================================================
[2025-10-10T07:43:56.501+0000] {manager.py:879} INFO - 
================================================================================
DAG File Processing Stats

File Path                                         PID    Runtime      # DAGs    # Errors  Last Runtime    Last Run
------------------------------------------------  -----  ---------  --------  ----------  --------------  -------------------
/opt/airflow/dags/environmental_data_pipeline.py                           1           0  0.21s           2025-10-10T07:43:37
================================================================================
[2025-10-10T07:44:24.399+0000] {manager.py:879} INFO - 
================================================================================
DAG File Processing Stats

File Path                                         PID    Runtime      # DAGs    # Errors  Last Runtime    Last Run
------------------------------------------------  -----  ---------  --------  ----------  --------------  -------------------
/opt/airflow/dags/environmental_data_pipeline.py                           1           0  0.15s           2025-10-10T07:44:08
================================================================================
[2025-10-10T07:44:52.359+0000] {manager.py:879} INFO - 
================================================================================
DAG File Processing Stats

File Path                                         PID    Runtime      # DAGs    # Errors  Last Runtime    Last Run
------------------------------------------------  -----  ---------  --------  ----------  --------------  -------------------
/opt/airflow/dags/environmental_data_pipeline.py                           1           0  0.14s           2025-10-10T07:44:39
================================================================================
[2025-10-10T07:45:20.381+0000] {manager.py:879} INFO - 
================================================================================
DAG File Processing Stats

File Path                                         PID    Runtime      # DAGs    # Errors  Last Runtime    Last Run
------------------------------------------------  -----  ---------  --------  ----------  --------------  -------------------
/opt/airflow/dags/environmental_data_pipeline.py                           1           0  0.13s           2025-10-10T07:45:10
================================================================================
[2025-10-10T07:45:50.607+0000] {manager.py:879} INFO - 
================================================================================
DAG File Processing Stats

File Path                                         PID    Runtime      # DAGs    # Errors  Last Runtime    Last Run
------------------------------------------------  -----  ---------  --------  ----------  --------------  -------------------
/opt/airflow/dags/environmental_data_pipeline.py                           1           0  0.28s           2025-10-10T07:45:41
================================================================================
[2025-10-10T07:46:18.490+0000] {manager.py:879} INFO - 
================================================================================
DAG File Processing Stats

File Path                                         PID    Runtime      # DAGs    # Errors  Last Runtime    Last Run
------------------------------------------------  -----  ---------  --------  ----------  --------------  -------------------
/opt/airflow/dags/environmental_data_pipeline.py                           1           0  0.13s           2025-10-10T07:46:12
================================================================================
[2025-10-10T07:46:46.487+0000] {manager.py:879} INFO - 
================================================================================
DAG File Processing Stats

File Path                                         PID    Runtime      # DAGs    # Errors  Last Runtime    Last Run
------------------------------------------------  -----  ---------  --------  ----------  --------------  -------------------
/opt/airflow/dags/environmental_data_pipeline.py                           1           0  0.14s           2025-10-10T07:46:43
================================================================================
[2025-10-10T07:47:04.310+0000] {manager.py:738} INFO - Searching for files in /opt/airflow/dags
[2025-10-10T07:47:04.312+0000] {manager.py:741} INFO - There are 1 files in /opt/airflow/dags
[2025-10-10T07:47:14.372+0000] {manager.py:879} INFO - 
================================================================================
DAG File Processing Stats

File Path                                           PID  Runtime      # DAGs    # Errors  Last Runtime    Last Run
------------------------------------------------  -----  ---------  --------  ----------  --------------  -------------------
/opt/airflow/dags/environmental_data_pipeline.py    213  0.00s             1           0  0.14s           2025-10-10T07:46:43
================================================================================
[2025-10-10T07:47:42.307+0000] {manager.py:879} INFO - 
================================================================================
DAG File Processing Stats

File Path                                         PID    Runtime      # DAGs    # Errors  Last Runtime    Last Run
------------------------------------------------  -----  ---------  --------  ----------  --------------  -------------------
/opt/airflow/dags/environmental_data_pipeline.py                           1           0  0.78s           2025-10-10T07:47:32
================================================================================
[2025-10-10T07:48:10.375+0000] {manager.py:879} INFO - 
================================================================================
DAG File Processing Stats

File Path                                         PID    Runtime      # DAGs    # Errors  Last Runtime    Last Run
------------------------------------------------  -----  ---------  --------  ----------  --------------  -------------------
/opt/airflow/dags/environmental_data_pipeline.py                           1           0  0.31s           2025-10-10T07:47:53
================================================================================
[2025-10-10T07:48:38.294+0000] {manager.py:879} INFO - 
================================================================================
DAG File Processing Stats

File Path                                         PID    Runtime      # DAGs    # Errors  Last Runtime    Last Run
------------------------------------------------  -----  ---------  --------  ----------  --------------  -------------------
/opt/airflow/dags/environmental_data_pipeline.py                           1           0  0.12s           2025-10-10T07:48:24
================================================================================
[2025-10-10T07:49:06.341+0000] {manager.py:879} INFO - 
================================================================================
DAG File Processing Stats

File Path                                         PID    Runtime      # DAGs    # Errors  Last Runtime    Last Run
------------------------------------------------  -----  ---------  --------  ----------  --------------  -------------------
/opt/airflow/dags/environmental_data_pipeline.py                           1           0  0.28s           2025-10-10T07:48:55
================================================================================
[2025-10-10T07:49:34.183+0000] {manager.py:879} INFO - 
================================================================================
DAG File Processing Stats

File Path                                         PID    Runtime      # DAGs    # Errors  Last Runtime    Last Run
------------------------------------------------  -----  ---------  --------  ----------  --------------  -------------------
/opt/airflow/dags/environmental_data_pipeline.py                           1           0  0.19s           2025-10-10T07:49:26
================================================================================
[2025-10-10T07:49:48.412+0000] {manager.py:451} INFO - Exiting gracefully upon receiving signal 15
[2025-10-10T07:55:04.049+0000] {manager.py:469} INFO - Processing files using up to 2 processes at a time 
[2025-10-10T07:55:04.050+0000] {manager.py:470} INFO - Process each file at most once every 30 seconds
[2025-10-10T07:55:04.051+0000] {manager.py:471} INFO - Checking for new files in /opt/airflow/dags every 300 seconds
[2025-10-10T07:55:04.052+0000] {manager.py:738} INFO - Searching for files in /opt/airflow/dags
[2025-10-10T07:55:04.054+0000] {manager.py:741} INFO - There are 1 files in /opt/airflow/dags
[2025-10-10T07:55:04.322+0000] {manager.py:879} INFO - 
================================================================================
DAG File Processing Stats

File Path                                           PID  Runtime      # DAGs    # Errors  Last Runtime    Last Run
------------------------------------------------  -----  ---------  --------  ----------  --------------  ----------
/opt/airflow/dags/environmental_data_pipeline.py    160  0.15s             0           0
================================================================================
[2025-10-10T07:55:32.218+0000] {manager.py:879} INFO - 
================================================================================
DAG File Processing Stats

File Path                                         PID    Runtime      # DAGs    # Errors  Last Runtime    Last Run
------------------------------------------------  -----  ---------  --------  ----------  --------------  -------------------
/opt/airflow/dags/environmental_data_pipeline.py                           1           0  0.34s           2025-10-10T07:55:04
================================================================================
[2025-10-10T07:56:00.198+0000] {manager.py:879} INFO - 
================================================================================
DAG File Processing Stats

File Path                                         PID    Runtime      # DAGs    # Errors  Last Runtime    Last Run
------------------------------------------------  -----  ---------  --------  ----------  --------------  -------------------
/opt/airflow/dags/environmental_data_pipeline.py                           1           0  0.62s           2025-10-10T07:55:35
================================================================================
[2025-10-10T07:56:28.026+0000] {manager.py:879} INFO - 
================================================================================
DAG File Processing Stats

File Path                                         PID    Runtime      # DAGs    # Errors  Last Runtime    Last Run
------------------------------------------------  -----  ---------  --------  ----------  --------------  -------------------
/opt/airflow/dags/environmental_data_pipeline.py                           1           0  0.12s           2025-10-10T07:56:06
================================================================================
[2025-10-10T07:56:56.006+0000] {manager.py:879} INFO - 
================================================================================
DAG File Processing Stats

File Path                                         PID    Runtime      # DAGs    # Errors  Last Runtime    Last Run
------------------------------------------------  -----  ---------  --------  ----------  --------------  -------------------
/opt/airflow/dags/environmental_data_pipeline.py                           1           0  0.36s           2025-10-10T07:56:37
================================================================================
[2025-10-10T07:57:23.888+0000] {manager.py:879} INFO - 
================================================================================
DAG File Processing Stats

File Path                                         PID    Runtime      # DAGs    # Errors  Last Runtime    Last Run
------------------------------------------------  -----  ---------  --------  ----------  --------------  -------------------
/opt/airflow/dags/environmental_data_pipeline.py                           1           0  0.18s           2025-10-10T07:57:08
================================================================================
[2025-10-10T07:57:51.748+0000] {manager.py:879} INFO - 
================================================================================
DAG File Processing Stats

File Path                                         PID    Runtime      # DAGs    # Errors  Last Runtime    Last Run
------------------------------------------------  -----  ---------  --------  ----------  --------------  -------------------
/opt/airflow/dags/environmental_data_pipeline.py                           1           0  0.13s           2025-10-10T07:57:39
================================================================================
[2025-10-10T07:58:19.702+0000] {manager.py:879} INFO - 
================================================================================
DAG File Processing Stats

File Path                                         PID    Runtime      # DAGs    # Errors  Last Runtime    Last Run
------------------------------------------------  -----  ---------  --------  ----------  --------------  -------------------
/opt/airflow/dags/environmental_data_pipeline.py                           1           0  0.13s           2025-10-10T07:58:09
================================================================================
[2025-10-10T07:58:49.869+0000] {manager.py:879} INFO - 
================================================================================
DAG File Processing Stats

File Path                                         PID    Runtime      # DAGs    # Errors  Last Runtime    Last Run
------------------------------------------------  -----  ---------  --------  ----------  --------------  -------------------
/opt/airflow/dags/environmental_data_pipeline.py                           1           0  0.18s           2025-10-10T07:58:40
================================================================================
[2025-10-10T07:59:17.902+0000] {manager.py:879} INFO - 
================================================================================
DAG File Processing Stats

File Path                                         PID    Runtime      # DAGs    # Errors  Last Runtime    Last Run
------------------------------------------------  -----  ---------  --------  ----------  --------------  -------------------
/opt/airflow/dags/environmental_data_pipeline.py                           1           0  0.17s           2025-10-10T07:59:11
================================================================================
[2025-10-10T07:59:29.739+0000] {manager.py:451} INFO - Exiting gracefully upon receiving signal 15
[2025-10-10T08:02:31.220+0000] {manager.py:469} INFO - Processing files using up to 2 processes at a time 
[2025-10-10T08:02:31.224+0000] {manager.py:470} INFO - Process each file at most once every 30 seconds
[2025-10-10T08:02:31.224+0000] {manager.py:471} INFO - Checking for new files in /opt/airflow/dags every 300 seconds
[2025-10-10T08:02:31.233+0000] {manager.py:738} INFO - Searching for files in /opt/airflow/dags
[2025-10-10T08:02:31.235+0000] {manager.py:741} INFO - There are 1 files in /opt/airflow/dags
[2025-10-10T08:02:31.434+0000] {manager.py:879} INFO - 
================================================================================
DAG File Processing Stats

File Path                                           PID  Runtime      # DAGs    # Errors  Last Runtime    Last Run
------------------------------------------------  -----  ---------  --------  ----------  --------------  ----------
/opt/airflow/dags/environmental_data_pipeline.py    159  0.09s             0           0
================================================================================
[2025-10-10T08:02:59.391+0000] {manager.py:879} INFO - 
================================================================================
DAG File Processing Stats

File Path                                         PID    Runtime      # DAGs    # Errors  Last Runtime    Last Run
------------------------------------------------  -----  ---------  --------  ----------  --------------  -------------------
/opt/airflow/dags/environmental_data_pipeline.py                           1           0  0.22s           2025-10-10T08:02:31
================================================================================
[2025-10-10T08:03:27.348+0000] {manager.py:879} INFO - 
================================================================================
DAG File Processing Stats

File Path                                         PID    Runtime      # DAGs    # Errors  Last Runtime    Last Run
------------------------------------------------  -----  ---------  --------  ----------  --------------  -------------------
/opt/airflow/dags/environmental_data_pipeline.py                           1           0  0.31s           2025-10-10T08:03:02
================================================================================
[2025-10-10T08:03:55.162+0000] {manager.py:879} INFO - 
================================================================================
DAG File Processing Stats

File Path                                         PID    Runtime      # DAGs    # Errors  Last Runtime    Last Run
------------------------------------------------  -----  ---------  --------  ----------  --------------  -------------------
/opt/airflow/dags/environmental_data_pipeline.py                           1           0  0.18s           2025-10-10T08:03:33
================================================================================
[2025-10-10T08:04:23.364+0000] {manager.py:879} INFO - 
================================================================================
DAG File Processing Stats

File Path                                         PID    Runtime      # DAGs    # Errors  Last Runtime    Last Run
------------------------------------------------  -----  ---------  --------  ----------  --------------  -------------------
/opt/airflow/dags/environmental_data_pipeline.py                           1           0  0.39s           2025-10-10T08:04:04
================================================================================
[2025-10-10T08:04:51.416+0000] {manager.py:879} INFO - 
================================================================================
DAG File Processing Stats

File Path                                         PID    Runtime      # DAGs    # Errors  Last Runtime    Last Run
------------------------------------------------  -----  ---------  --------  ----------  --------------  -------------------
/opt/airflow/dags/environmental_data_pipeline.py                           1           0  0.80s           2025-10-10T08:04:35
================================================================================
[2025-10-10T08:05:19.395+0000] {manager.py:879} INFO - 
================================================================================
DAG File Processing Stats

File Path                                         PID    Runtime      # DAGs    # Errors  Last Runtime    Last Run
------------------------------------------------  -----  ---------  --------  ----------  --------------  -------------------
/opt/airflow/dags/environmental_data_pipeline.py                           1           0  0.33s           2025-10-10T08:05:05
================================================================================
[2025-10-10T08:05:49.834+0000] {manager.py:879} INFO - 
================================================================================
DAG File Processing Stats

File Path                                         PID    Runtime      # DAGs    # Errors  Last Runtime    Last Run
------------------------------------------------  -----  ---------  --------  ----------  --------------  -------------------
/opt/airflow/dags/environmental_data_pipeline.py                           1           0  0.60s           2025-10-10T08:05:37
================================================================================
[2025-10-10T08:06:17.695+0000] {manager.py:879} INFO - 
================================================================================
DAG File Processing Stats

File Path                                         PID    Runtime      # DAGs    # Errors  Last Runtime    Last Run
------------------------------------------------  -----  ---------  --------  ----------  --------------  -------------------
/opt/airflow/dags/environmental_data_pipeline.py                           1           0  0.19s           2025-10-10T08:06:07
================================================================================
[2025-10-10T08:06:45.562+0000] {manager.py:879} INFO - 
================================================================================
DAG File Processing Stats

File Path                                         PID    Runtime      # DAGs    # Errors  Last Runtime    Last Run
------------------------------------------------  -----  ---------  --------  ----------  --------------  -------------------
/opt/airflow/dags/environmental_data_pipeline.py                           1           0  0.15s           2025-10-10T08:06:38
================================================================================
[2025-10-10T08:07:13.457+0000] {manager.py:879} INFO - 
================================================================================
DAG File Processing Stats

File Path                                         PID    Runtime      # DAGs    # Errors  Last Runtime    Last Run
------------------------------------------------  -----  ---------  --------  ----------  --------------  -------------------
/opt/airflow/dags/environmental_data_pipeline.py                           1           0  0.18s           2025-10-10T08:07:09
================================================================================
[2025-10-10T08:07:31.333+0000] {manager.py:738} INFO - Searching for files in /opt/airflow/dags
[2025-10-10T08:07:31.334+0000] {manager.py:741} INFO - There are 1 files in /opt/airflow/dags
[2025-10-10T08:07:41.404+0000] {manager.py:879} INFO - 
================================================================================
DAG File Processing Stats

File Path                                         PID    Runtime      # DAGs    # Errors  Last Runtime    Last Run
------------------------------------------------  -----  ---------  --------  ----------  --------------  -------------------
/opt/airflow/dags/environmental_data_pipeline.py                           1           0  0.13s           2025-10-10T08:07:40
================================================================================
[2025-10-10T08:08:09.270+0000] {manager.py:879} INFO - 
================================================================================
DAG File Processing Stats

File Path                                         PID    Runtime      # DAGs    # Errors  Last Runtime    Last Run
------------------------------------------------  -----  ---------  --------  ----------  --------------  -------------------
/opt/airflow/dags/environmental_data_pipeline.py                           1           0  0.13s           2025-10-10T08:07:40
================================================================================
[2025-10-10T08:08:37.187+0000] {manager.py:879} INFO - 
================================================================================
DAG File Processing Stats

File Path                                         PID    Runtime      # DAGs    # Errors  Last Runtime    Last Run
------------------------------------------------  -----  ---------  --------  ----------  --------------  -------------------
/opt/airflow/dags/environmental_data_pipeline.py                           1           0  0.31s           2025-10-10T08:08:11
================================================================================
[2025-10-10T08:09:04.168+0000] {manager.py:879} INFO - 
================================================================================
DAG File Processing Stats

File Path                                         PID    Runtime      # DAGs    # Errors  Last Runtime    Last Run
------------------------------------------------  -----  ---------  --------  ----------  --------------  -------------------
/opt/airflow/dags/environmental_data_pipeline.py                           1           0  0.16s           2025-10-10T08:08:42
================================================================================
[2025-10-10T08:09:32.218+0000] {manager.py:879} INFO - 
================================================================================
DAG File Processing Stats

File Path                                         PID    Runtime      # DAGs    # Errors  Last Runtime    Last Run
------------------------------------------------  -----  ---------  --------  ----------  --------------  -------------------
/opt/airflow/dags/environmental_data_pipeline.py                           1           0  0.16s           2025-10-10T08:09:13
================================================================================
[2025-10-10T08:10:02.420+0000] {manager.py:879} INFO - 
================================================================================
DAG File Processing Stats

File Path                                         PID    Runtime      # DAGs    # Errors  Last Runtime    Last Run
------------------------------------------------  -----  ---------  --------  ----------  --------------  -------------------
/opt/airflow/dags/environmental_data_pipeline.py                           1           0  0.23s           2025-10-10T08:09:44
================================================================================
[2025-10-10T08:10:30.601+0000] {manager.py:879} INFO - 
================================================================================
DAG File Processing Stats

File Path                                         PID    Runtime      # DAGs    # Errors  Last Runtime    Last Run
------------------------------------------------  -----  ---------  --------  ----------  --------------  -------------------
/opt/airflow/dags/environmental_data_pipeline.py                           1           0  0.55s           2025-10-10T08:10:15
================================================================================
[2025-10-10T08:10:58.483+0000] {manager.py:879} INFO - 
================================================================================
DAG File Processing Stats

File Path                                         PID    Runtime      # DAGs    # Errors  Last Runtime    Last Run
------------------------------------------------  -----  ---------  --------  ----------  --------------  -------------------
/opt/airflow/dags/environmental_data_pipeline.py                           1           0  0.12s           2025-10-10T08:10:46
================================================================================
[2025-10-10T08:11:26.529+0000] {manager.py:879} INFO - 
================================================================================
DAG File Processing Stats

File Path                                         PID    Runtime      # DAGs    # Errors  Last Runtime    Last Run
------------------------------------------------  -----  ---------  --------  ----------  --------------  -------------------
/opt/airflow/dags/environmental_data_pipeline.py                           1           0  0.23s           2025-10-10T08:11:17
================================================================================
[2025-10-10T08:11:54.552+0000] {manager.py:879} INFO - 
================================================================================
DAG File Processing Stats

File Path                                         PID    Runtime      # DAGs    # Errors  Last Runtime    Last Run
------------------------------------------------  -----  ---------  --------  ----------  --------------  -------------------
/opt/airflow/dags/environmental_data_pipeline.py                           1           0  0.18s           2025-10-10T08:11:48
================================================================================
[2025-10-10T08:12:22.579+0000] {manager.py:879} INFO - 
================================================================================
DAG File Processing Stats

File Path                                         PID    Runtime      # DAGs    # Errors  Last Runtime    Last Run
------------------------------------------------  -----  ---------  --------  ----------  --------------  -------------------
/opt/airflow/dags/environmental_data_pipeline.py                           1           0  0.20s           2025-10-10T08:12:19
================================================================================
[2025-10-10T08:12:31.654+0000] {manager.py:738} INFO - Searching for files in /opt/airflow/dags
[2025-10-10T08:12:31.656+0000] {manager.py:741} INFO - There are 1 files in /opt/airflow/dags
[2025-10-10T08:12:50.603+0000] {manager.py:879} INFO - 
================================================================================
DAG File Processing Stats

File Path                                           PID  Runtime      # DAGs    # Errors  Last Runtime    Last Run
------------------------------------------------  -----  ---------  --------  ----------  --------------  -------------------
/opt/airflow/dags/environmental_data_pipeline.py    269  0.01s             1           0  0.20s           2025-10-10T08:12:19
================================================================================
[2025-10-10T08:13:18.532+0000] {manager.py:879} INFO - 
================================================================================
DAG File Processing Stats

File Path                                         PID    Runtime      # DAGs    # Errors  Last Runtime    Last Run
------------------------------------------------  -----  ---------  --------  ----------  --------------  -------------------
/opt/airflow/dags/environmental_data_pipeline.py                           1           0  0.33s           2025-10-10T08:12:50
================================================================================
[2025-10-10T08:13:46.668+0000] {manager.py:879} INFO - 
================================================================================
DAG File Processing Stats

File Path                                         PID    Runtime      # DAGs    # Errors  Last Runtime    Last Run
------------------------------------------------  -----  ---------  --------  ----------  --------------  -------------------
/opt/airflow/dags/environmental_data_pipeline.py                           1           0  0.39s           2025-10-10T08:13:21
================================================================================
[2025-10-10T08:14:14.679+0000] {manager.py:879} INFO - 
================================================================================
DAG File Processing Stats

File Path                                         PID    Runtime      # DAGs    # Errors  Last Runtime    Last Run
------------------------------------------------  -----  ---------  --------  ----------  --------------  -------------------
/opt/airflow/dags/environmental_data_pipeline.py                           1           0  0.21s           2025-10-10T08:13:52
================================================================================
[2025-10-10T08:14:42.727+0000] {manager.py:879} INFO - 
================================================================================
DAG File Processing Stats

File Path                                         PID    Runtime      # DAGs    # Errors  Last Runtime    Last Run
------------------------------------------------  -----  ---------  --------  ----------  --------------  -------------------
/opt/airflow/dags/environmental_data_pipeline.py                           1           0  0.37s           2025-10-10T08:14:24
================================================================================
[2025-10-10T08:15:10.606+0000] {manager.py:879} INFO - 
================================================================================
DAG File Processing Stats

File Path                                         PID    Runtime      # DAGs    # Errors  Last Runtime    Last Run
------------------------------------------------  -----  ---------  --------  ----------  --------------  -------------------
/opt/airflow/dags/environmental_data_pipeline.py                           1           0  0.16s           2025-10-10T08:14:54
================================================================================
[2025-10-10T08:15:38.680+0000] {manager.py:879} INFO - 
================================================================================
DAG File Processing Stats

File Path                                         PID    Runtime      # DAGs    # Errors  Last Runtime    Last Run
------------------------------------------------  -----  ---------  --------  ----------  --------------  -------------------
/opt/airflow/dags/environmental_data_pipeline.py                           1           0  0.24s           2025-10-10T08:15:25
================================================================================
[2025-10-10T08:16:06.724+0000] {manager.py:879} INFO - 
================================================================================
DAG File Processing Stats

File Path                                         PID    Runtime      # DAGs    # Errors  Last Runtime    Last Run
------------------------------------------------  -----  ---------  --------  ----------  --------------  -------------------
/opt/airflow/dags/environmental_data_pipeline.py                           1           0  0.30s           2025-10-10T08:15:57
================================================================================
[2025-10-10T08:16:34.573+0000] {manager.py:879} INFO - 
================================================================================
DAG File Processing Stats

File Path                                         PID    Runtime      # DAGs    # Errors  Last Runtime    Last Run
------------------------------------------------  -----  ---------  --------  ----------  --------------  -------------------
/opt/airflow/dags/environmental_data_pipeline.py                           1           0  0.17s           2025-10-10T08:16:28
================================================================================
[2025-10-10T08:17:02.584+0000] {manager.py:879} INFO - 
================================================================================
DAG File Processing Stats

File Path                                         PID    Runtime      # DAGs    # Errors  Last Runtime    Last Run
------------------------------------------------  -----  ---------  --------  ----------  --------------  -------------------
/opt/airflow/dags/environmental_data_pipeline.py                           1           0  0.35s           2025-10-10T08:16:59
================================================================================
[2025-10-10T08:17:11.948+0000] {manager.py:451} INFO - Exiting gracefully upon receiving signal 15
[2025-10-10T08:19:27.741+0000] {manager.py:469} INFO - Processing files using up to 2 processes at a time 
[2025-10-10T08:19:27.753+0000] {manager.py:470} INFO - Process each file at most once every 30 seconds
[2025-10-10T08:19:27.754+0000] {manager.py:471} INFO - Checking for new files in /opt/airflow/dags every 300 seconds
[2025-10-10T08:19:27.758+0000] {manager.py:738} INFO - Searching for files in /opt/airflow/dags
[2025-10-10T08:19:27.760+0000] {manager.py:741} INFO - There are 1 files in /opt/airflow/dags
[2025-10-10T08:19:28.209+0000] {manager.py:879} INFO - 
================================================================================
DAG File Processing Stats

File Path                                           PID  Runtime      # DAGs    # Errors  Last Runtime    Last Run
------------------------------------------------  -----  ---------  --------  ----------  --------------  ----------
/opt/airflow/dags/environmental_data_pipeline.py    160  0.27s             0           0
================================================================================
[2025-10-10T08:19:56.223+0000] {manager.py:879} INFO - 
================================================================================
DAG File Processing Stats

File Path                                         PID    Runtime      # DAGs    # Errors  Last Runtime    Last Run
------------------------------------------------  -----  ---------  --------  ----------  --------------  -------------------
/opt/airflow/dags/environmental_data_pipeline.py                           1           0  0.60s           2025-10-10T08:19:28
================================================================================
[2025-10-10T08:20:24.182+0000] {manager.py:879} INFO - 
================================================================================
DAG File Processing Stats

File Path                                         PID    Runtime      # DAGs    # Errors  Last Runtime    Last Run
------------------------------------------------  -----  ---------  --------  ----------  --------------  -------------------
/opt/airflow/dags/environmental_data_pipeline.py                           1           0  0.76s           2025-10-10T08:19:59
================================================================================
[2025-10-10T08:20:52.127+0000] {manager.py:879} INFO - 
================================================================================
DAG File Processing Stats

File Path                                         PID    Runtime      # DAGs    # Errors  Last Runtime    Last Run
------------------------------------------------  -----  ---------  --------  ----------  --------------  -------------------
/opt/airflow/dags/environmental_data_pipeline.py                           1           0  0.34s           2025-10-10T08:20:30
================================================================================
[2025-10-10T08:21:20.002+0000] {manager.py:879} INFO - 
================================================================================
DAG File Processing Stats

File Path                                         PID    Runtime      # DAGs    # Errors  Last Runtime    Last Run
------------------------------------------------  -----  ---------  --------  ----------  --------------  -------------------
/opt/airflow/dags/environmental_data_pipeline.py                           1           0  0.19s           2025-10-10T08:21:01
================================================================================
[2025-10-10T08:21:48.062+0000] {manager.py:879} INFO - 
================================================================================
DAG File Processing Stats

File Path                                         PID    Runtime      # DAGs    # Errors  Last Runtime    Last Run
------------------------------------------------  -----  ---------  --------  ----------  --------------  -------------------
/opt/airflow/dags/environmental_data_pipeline.py                           1           0  0.19s           2025-10-10T08:21:32
================================================================================
[2025-10-10T08:22:16.091+0000] {manager.py:879} INFO - 
================================================================================
DAG File Processing Stats

File Path                                         PID    Runtime      # DAGs    # Errors  Last Runtime    Last Run
------------------------------------------------  -----  ---------  --------  ----------  --------------  -------------------
/opt/airflow/dags/environmental_data_pipeline.py                           1           0  -1.82s          2025-10-10T08:22:01
================================================================================
[2025-10-10T08:22:44.209+0000] {manager.py:879} INFO - 
================================================================================
DAG File Processing Stats

File Path                                         PID    Runtime      # DAGs    # Errors  Last Runtime    Last Run
------------------------------------------------  -----  ---------  --------  ----------  --------------  -------------------
/opt/airflow/dags/environmental_data_pipeline.py                           1           0  0.20s           2025-10-10T08:22:31
================================================================================
[2025-10-10T08:23:12.302+0000] {manager.py:879} INFO - 
================================================================================
DAG File Processing Stats

File Path                                         PID    Runtime      # DAGs    # Errors  Last Runtime    Last Run
------------------------------------------------  -----  ---------  --------  ----------  --------------  -------------------
/opt/airflow/dags/environmental_data_pipeline.py                           1           0  0.55s           2025-10-10T08:23:02
================================================================================
[2025-10-10T08:23:40.188+0000] {manager.py:879} INFO - 
================================================================================
DAG File Processing Stats

File Path                                         PID    Runtime      # DAGs    # Errors  Last Runtime    Last Run
------------------------------------------------  -----  ---------  --------  ----------  --------------  -------------------
/opt/airflow/dags/environmental_data_pipeline.py                           1           0  0.18s           2025-10-10T08:23:33
================================================================================
[2025-10-10T08:24:08.208+0000] {manager.py:879} INFO - 
================================================================================
DAG File Processing Stats

File Path                                         PID    Runtime      # DAGs    # Errors  Last Runtime    Last Run
------------------------------------------------  -----  ---------  --------  ----------  --------------  -------------------
/opt/airflow/dags/environmental_data_pipeline.py                           1           0  0.25s           2025-10-10T08:24:04
================================================================================
[2025-10-10T08:24:28.335+0000] {manager.py:738} INFO - Searching for files in /opt/airflow/dags
[2025-10-10T08:24:28.336+0000] {manager.py:741} INFO - There are 1 files in /opt/airflow/dags
[2025-10-10T08:24:36.230+0000] {manager.py:879} INFO - 
================================================================================
DAG File Processing Stats

File Path                                         PID    Runtime      # DAGs    # Errors  Last Runtime    Last Run
------------------------------------------------  -----  ---------  --------  ----------  --------------  -------------------
/opt/airflow/dags/environmental_data_pipeline.py                           1           0  0.23s           2025-10-10T08:24:35
================================================================================
[2025-10-10T08:25:04.156+0000] {manager.py:879} INFO - 
================================================================================
DAG File Processing Stats

File Path                                         PID    Runtime      # DAGs    # Errors  Last Runtime    Last Run
------------------------------------------------  -----  ---------  --------  ----------  --------------  -------------------
/opt/airflow/dags/environmental_data_pipeline.py                           1           0  0.23s           2025-10-10T08:24:35
================================================================================
[2025-10-10T08:25:32.110+0000] {manager.py:879} INFO - 
================================================================================
DAG File Processing Stats

File Path                                         PID    Runtime      # DAGs    # Errors  Last Runtime    Last Run
------------------------------------------------  -----  ---------  --------  ----------  --------------  -------------------
/opt/airflow/dags/environmental_data_pipeline.py                           1           0  0.45s           2025-10-10T08:25:06
================================================================================
[2025-10-10T08:26:02.652+0000] {manager.py:879} INFO - 
================================================================================
DAG File Processing Stats

File Path                                         PID    Runtime      # DAGs    # Errors  Last Runtime    Last Run
------------------------------------------------  -----  ---------  --------  ----------  --------------  -------------------
/opt/airflow/dags/environmental_data_pipeline.py                           1           0  0.35s           2025-10-10T08:25:37
================================================================================
[2025-10-10T08:26:30.604+0000] {manager.py:879} INFO - 
================================================================================
DAG File Processing Stats

File Path                                         PID    Runtime      # DAGs    # Errors  Last Runtime    Last Run
------------------------------------------------  -----  ---------  --------  ----------  --------------  -------------------
/opt/airflow/dags/environmental_data_pipeline.py                           1           0  0.34s           2025-10-10T08:26:08
================================================================================
[2025-10-10T08:26:58.468+0000] {manager.py:879} INFO - 
================================================================================
DAG File Processing Stats

File Path                                         PID    Runtime      # DAGs    # Errors  Last Runtime    Last Run
------------------------------------------------  -----  ---------  --------  ----------  --------------  -------------------
/opt/airflow/dags/environmental_data_pipeline.py                           1           0  0.26s           2025-10-10T08:26:39
================================================================================
[2025-10-10T08:27:26.448+0000] {manager.py:879} INFO - 
================================================================================
DAG File Processing Stats

File Path                                         PID    Runtime      # DAGs    # Errors  Last Runtime    Last Run
------------------------------------------------  -----  ---------  --------  ----------  --------------  -------------------
/opt/airflow/dags/environmental_data_pipeline.py                           1           0  0.22s           2025-10-10T08:27:10
================================================================================
[2025-10-10T08:27:39.826+0000] {manager.py:451} INFO - Exiting gracefully upon receiving signal 15
[2025-10-10T08:30:26.861+0000] {manager.py:469} INFO - Processing files using up to 2 processes at a time 
[2025-10-10T08:30:26.873+0000] {manager.py:470} INFO - Process each file at most once every 30 seconds
[2025-10-10T08:30:26.874+0000] {manager.py:471} INFO - Checking for new files in /opt/airflow/dags every 300 seconds
[2025-10-10T08:30:26.875+0000] {manager.py:738} INFO - Searching for files in /opt/airflow/dags
[2025-10-10T08:30:26.878+0000] {manager.py:741} INFO - There are 1 files in /opt/airflow/dags
[2025-10-10T08:30:27.591+0000] {manager.py:879} INFO - 
================================================================================
DAG File Processing Stats

File Path                                           PID  Runtime      # DAGs    # Errors  Last Runtime    Last Run
------------------------------------------------  -----  ---------  --------  ----------  --------------  ----------
/opt/airflow/dags/environmental_data_pipeline.py    159  0.30s             0           0
================================================================================
[2025-10-10T08:30:55.584+0000] {manager.py:879} INFO - 
================================================================================
DAG File Processing Stats

File Path                                         PID    Runtime      # DAGs    # Errors  Last Runtime    Last Run
------------------------------------------------  -----  ---------  --------  ----------  --------------  -------------------
/opt/airflow/dags/environmental_data_pipeline.py                           1           0  0.96s           2025-10-10T08:30:28
================================================================================
[2025-10-10T08:31:23.627+0000] {manager.py:879} INFO - 
================================================================================
DAG File Processing Stats

File Path                                         PID    Runtime      # DAGs    # Errors  Last Runtime    Last Run
------------------------------------------------  -----  ---------  --------  ----------  --------------  -------------------
/opt/airflow/dags/environmental_data_pipeline.py                           1           0  1.30s           2025-10-10T08:30:59
================================================================================
[2025-10-10T08:31:51.544+0000] {manager.py:879} INFO - 
================================================================================
DAG File Processing Stats

File Path                                         PID    Runtime      # DAGs    # Errors  Last Runtime    Last Run
------------------------------------------------  -----  ---------  --------  ----------  --------------  -------------------
/opt/airflow/dags/environmental_data_pipeline.py                           1           0  0.80s           2025-10-10T08:31:30
================================================================================
[2025-10-10T08:32:19.649+0000] {manager.py:879} INFO - 
================================================================================
DAG File Processing Stats

File Path                                         PID    Runtime      # DAGs    # Errors  Last Runtime    Last Run
------------------------------------------------  -----  ---------  --------  ----------  --------------  -------------------
/opt/airflow/dags/environmental_data_pipeline.py                           1           0  0.21s           2025-10-10T08:32:01
================================================================================
[2025-10-10T08:32:47.698+0000] {manager.py:879} INFO - 
================================================================================
DAG File Processing Stats

File Path                                         PID    Runtime      # DAGs    # Errors  Last Runtime    Last Run
------------------------------------------------  -----  ---------  --------  ----------  --------------  -------------------
/opt/airflow/dags/environmental_data_pipeline.py                           1           0  0.37s           2025-10-10T08:32:33
================================================================================
[2025-10-10T08:33:15.876+0000] {manager.py:879} INFO - 
================================================================================
DAG File Processing Stats

File Path                                         PID    Runtime      # DAGs    # Errors  Last Runtime    Last Run
------------------------------------------------  -----  ---------  --------  ----------  --------------  -------------------
/opt/airflow/dags/environmental_data_pipeline.py                           1           0  0.74s           2025-10-10T08:33:04
================================================================================
[2025-10-10T08:33:46.069+0000] {manager.py:879} INFO - 
================================================================================
DAG File Processing Stats

File Path                                         PID    Runtime      # DAGs    # Errors  Last Runtime    Last Run
------------------------------------------------  -----  ---------  --------  ----------  --------------  -------------------
/opt/airflow/dags/environmental_data_pipeline.py                           1           0  0.22s           2025-10-10T08:33:35
================================================================================
[2025-10-10T08:34:13.995+0000] {manager.py:879} INFO - 
================================================================================
DAG File Processing Stats

File Path                                         PID    Runtime      # DAGs    # Errors  Last Runtime    Last Run
------------------------------------------------  -----  ---------  --------  ----------  --------------  -------------------
/opt/airflow/dags/environmental_data_pipeline.py                           1           0  0.18s           2025-10-10T08:34:06
================================================================================
[2025-10-10T08:34:41.989+0000] {manager.py:879} INFO - 
================================================================================
DAG File Processing Stats

File Path                                         PID    Runtime      # DAGs    # Errors  Last Runtime    Last Run
------------------------------------------------  -----  ---------  --------  ----------  --------------  -------------------
/opt/airflow/dags/environmental_data_pipeline.py                           1           0  0.16s           2025-10-10T08:34:37
================================================================================
[2025-10-10T08:35:10.019+0000] {manager.py:879} INFO - 
================================================================================
DAG File Processing Stats

File Path                                         PID    Runtime      # DAGs    # Errors  Last Runtime    Last Run
------------------------------------------------  -----  ---------  --------  ----------  --------------  -------------------
/opt/airflow/dags/environmental_data_pipeline.py                           1           0  0.17s           2025-10-10T08:35:08
================================================================================
[2025-10-10T08:35:26.926+0000] {manager.py:738} INFO - Searching for files in /opt/airflow/dags
[2025-10-10T08:35:26.928+0000] {manager.py:741} INFO - There are 1 files in /opt/airflow/dags
[2025-10-10T08:35:38.015+0000] {manager.py:879} INFO - 
================================================================================
DAG File Processing Stats

File Path                                         PID    Runtime      # DAGs    # Errors  Last Runtime    Last Run
------------------------------------------------  -----  ---------  --------  ----------  --------------  -------------------
/opt/airflow/dags/environmental_data_pipeline.py                           1           0  0.17s           2025-10-10T08:35:08
================================================================================
[2025-10-10T08:36:05.957+0000] {manager.py:879} INFO - 
================================================================================
DAG File Processing Stats

File Path                                         PID    Runtime      # DAGs    # Errors  Last Runtime    Last Run
------------------------------------------------  -----  ---------  --------  ----------  --------------  -------------------
/opt/airflow/dags/environmental_data_pipeline.py                           1           0  0.18s           2025-10-10T08:35:39
================================================================================
[2025-10-10T08:36:34.061+0000] {manager.py:879} INFO - 
================================================================================
DAG File Processing Stats

File Path                                         PID    Runtime      # DAGs    # Errors  Last Runtime    Last Run
------------------------------------------------  -----  ---------  --------  ----------  --------------  -------------------
/opt/airflow/dags/environmental_data_pipeline.py                           1           0  0.15s           2025-10-10T08:36:10
================================================================================
[2025-10-10T08:37:01.997+0000] {manager.py:879} INFO - 
================================================================================
DAG File Processing Stats

File Path                                         PID    Runtime      # DAGs    # Errors  Last Runtime    Last Run
------------------------------------------------  -----  ---------  --------  ----------  --------------  -------------------
/opt/airflow/dags/environmental_data_pipeline.py                           1           0  0.15s           2025-10-10T08:36:41
================================================================================
[2025-10-10T08:37:29.856+0000] {manager.py:879} INFO - 
================================================================================
DAG File Processing Stats

File Path                                         PID    Runtime      # DAGs    # Errors  Last Runtime    Last Run
------------------------------------------------  -----  ---------  --------  ----------  --------------  -------------------
/opt/airflow/dags/environmental_data_pipeline.py                           1           0  0.14s           2025-10-10T08:37:12
================================================================================
[2025-10-10T08:37:57.790+0000] {manager.py:879} INFO - 
================================================================================
DAG File Processing Stats

File Path                                         PID    Runtime      # DAGs    # Errors  Last Runtime    Last Run
------------------------------------------------  -----  ---------  --------  ----------  --------------  -------------------
/opt/airflow/dags/environmental_data_pipeline.py                           1           0  0.35s           2025-10-10T08:37:43
================================================================================
[2025-10-10T08:38:25.969+0000] {manager.py:879} INFO - 
================================================================================
DAG File Processing Stats

File Path                                         PID    Runtime      # DAGs    # Errors  Last Runtime    Last Run
------------------------------------------------  -----  ---------  --------  ----------  --------------  -------------------
/opt/airflow/dags/environmental_data_pipeline.py                           1           0  0.29s           2025-10-10T08:38:14
================================================================================
[2025-10-10T08:38:54.068+0000] {manager.py:879} INFO - 
================================================================================
DAG File Processing Stats

File Path                                         PID    Runtime      # DAGs    # Errors  Last Runtime    Last Run
------------------------------------------------  -----  ---------  --------  ----------  --------------  -------------------
/opt/airflow/dags/environmental_data_pipeline.py                           1           0  0.28s           2025-10-10T08:38:45
================================================================================
[2025-10-10T08:39:21.905+0000] {manager.py:879} INFO - 
================================================================================
DAG File Processing Stats

File Path                                         PID    Runtime      # DAGs    # Errors  Last Runtime    Last Run
------------------------------------------------  -----  ---------  --------  ----------  --------------  -------------------
/opt/airflow/dags/environmental_data_pipeline.py                           1           0  0.88s           2025-10-10T08:39:17
================================================================================
[2025-10-10T08:39:49.627+0000] {manager.py:879} INFO - 
================================================================================
DAG File Processing Stats

File Path                                         PID    Runtime      # DAGs    # Errors  Last Runtime    Last Run
------------------------------------------------  -----  ---------  --------  ----------  --------------  -------------------
/opt/airflow/dags/environmental_data_pipeline.py                           1           0  0.40s           2025-10-10T08:39:47
================================================================================
[2025-10-10T08:40:17.517+0000] {manager.py:879} INFO - 
================================================================================
DAG File Processing Stats

File Path                                         PID    Runtime      # DAGs    # Errors  Last Runtime    Last Run
------------------------------------------------  -----  ---------  --------  ----------  --------------  -------------------
/opt/airflow/dags/environmental_data_pipeline.py                           1           0  0.40s           2025-10-10T08:39:47
================================================================================
[2025-10-10T08:40:27.200+0000] {manager.py:738} INFO - Searching for files in /opt/airflow/dags
[2025-10-10T08:40:27.202+0000] {manager.py:741} INFO - There are 1 files in /opt/airflow/dags
[2025-10-10T08:40:45.368+0000] {manager.py:879} INFO - 
================================================================================
DAG File Processing Stats

File Path                                         PID    Runtime      # DAGs    # Errors  Last Runtime    Last Run
------------------------------------------------  -----  ---------  --------  ----------  --------------  -------------------
/opt/airflow/dags/environmental_data_pipeline.py                           1           0  0.37s           2025-10-10T08:40:18
================================================================================
[2025-10-10T08:41:15.651+0000] {manager.py:879} INFO - 
================================================================================
DAG File Processing Stats

File Path                                         PID    Runtime      # DAGs    # Errors  Last Runtime    Last Run
------------------------------------------------  -----  ---------  --------  ----------  --------------  -------------------
/opt/airflow/dags/environmental_data_pipeline.py                           1           0  0.33s           2025-10-10T08:40:49
================================================================================
[2025-10-10T08:41:43.556+0000] {manager.py:879} INFO - 
================================================================================
DAG File Processing Stats

File Path                                         PID    Runtime      # DAGs    # Errors  Last Runtime    Last Run
------------------------------------------------  -----  ---------  --------  ----------  --------------  -------------------
/opt/airflow/dags/environmental_data_pipeline.py                           1           0  0.71s           2025-10-10T08:41:21
================================================================================
[2025-10-10T08:42:11.456+0000] {manager.py:879} INFO - 
================================================================================
DAG File Processing Stats

File Path                                         PID    Runtime      # DAGs    # Errors  Last Runtime    Last Run
------------------------------------------------  -----  ---------  --------  ----------  --------------  -------------------
/opt/airflow/dags/environmental_data_pipeline.py                           1           0  0.25s           2025-10-10T08:41:51
================================================================================
[2025-10-10T08:42:39.576+0000] {manager.py:879} INFO - 
================================================================================
DAG File Processing Stats

File Path                                         PID    Runtime      # DAGs    # Errors  Last Runtime    Last Run
------------------------------------------------  -----  ---------  --------  ----------  --------------  -------------------
/opt/airflow/dags/environmental_data_pipeline.py                           1           0  0.31s           2025-10-10T08:42:22
================================================================================
[2025-10-10T08:43:07.580+0000] {manager.py:879} INFO - 
================================================================================
DAG File Processing Stats

File Path                                         PID    Runtime      # DAGs    # Errors  Last Runtime    Last Run
------------------------------------------------  -----  ---------  --------  ----------  --------------  -------------------
/opt/airflow/dags/environmental_data_pipeline.py                           1           0  0.44s           2025-10-10T08:42:53
================================================================================
[2025-10-10T08:43:35.466+0000] {manager.py:879} INFO - 
================================================================================
DAG File Processing Stats

File Path                                         PID    Runtime      # DAGs    # Errors  Last Runtime    Last Run
------------------------------------------------  -----  ---------  --------  ----------  --------------  -------------------
/opt/airflow/dags/environmental_data_pipeline.py                           1           0  0.20s           2025-10-10T08:43:24
================================================================================
[2025-10-10T08:44:03.239+0000] {manager.py:879} INFO - 
================================================================================
DAG File Processing Stats

File Path                                         PID    Runtime      # DAGs    # Errors  Last Runtime    Last Run
------------------------------------------------  -----  ---------  --------  ----------  --------------  -------------------
/opt/airflow/dags/environmental_data_pipeline.py                           1           0  0.17s           2025-10-10T08:43:55
================================================================================
[2025-10-10T08:44:31.259+0000] {manager.py:879} INFO - 
================================================================================
DAG File Processing Stats

File Path                                         PID    Runtime      # DAGs    # Errors  Last Runtime    Last Run
------------------------------------------------  -----  ---------  --------  ----------  --------------  -------------------
/opt/airflow/dags/environmental_data_pipeline.py                           1           0  0.22s           2025-10-10T08:44:26
================================================================================
[2025-10-10T08:44:59.228+0000] {manager.py:879} INFO - 
================================================================================
DAG File Processing Stats

File Path                                         PID    Runtime      # DAGs    # Errors  Last Runtime    Last Run
------------------------------------------------  -----  ---------  --------  ----------  --------------  -------------------
/opt/airflow/dags/environmental_data_pipeline.py                           1           0  0.62s           2025-10-10T08:44:57
================================================================================
[2025-10-10T08:45:27.113+0000] {manager.py:879} INFO - 
================================================================================
DAG File Processing Stats

File Path                                         PID    Runtime      # DAGs    # Errors  Last Runtime    Last Run
------------------------------------------------  -----  ---------  --------  ----------  --------------  -------------------
/opt/airflow/dags/environmental_data_pipeline.py                           1           0  0.62s           2025-10-10T08:44:57
================================================================================
[2025-10-10T08:45:27.676+0000] {manager.py:738} INFO - Searching for files in /opt/airflow/dags
[2025-10-10T08:45:27.678+0000] {manager.py:741} INFO - There are 1 files in /opt/airflow/dags
[2025-10-10T08:45:55.056+0000] {manager.py:879} INFO - 
================================================================================
DAG File Processing Stats

File Path                                         PID    Runtime      # DAGs    # Errors  Last Runtime    Last Run
------------------------------------------------  -----  ---------  --------  ----------  --------------  -------------------
/opt/airflow/dags/environmental_data_pipeline.py                           1           0  1.24s           2025-10-10T08:45:29
================================================================================
[2025-10-10T08:46:23.075+0000] {manager.py:879} INFO - 
================================================================================
DAG File Processing Stats

File Path                                         PID    Runtime      # DAGs    # Errors  Last Runtime    Last Run
------------------------------------------------  -----  ---------  --------  ----------  --------------  -------------------
/opt/airflow/dags/environmental_data_pipeline.py                           1           0  0.25s           2025-10-10T08:46:00
================================================================================
[2025-10-10T08:46:51.037+0000] {manager.py:879} INFO - 
================================================================================
DAG File Processing Stats

File Path                                         PID    Runtime      # DAGs    # Errors  Last Runtime    Last Run
------------------------------------------------  -----  ---------  --------  ----------  --------------  -------------------
/opt/airflow/dags/environmental_data_pipeline.py                           1           0  0.33s           2025-10-10T08:46:31
================================================================================
[2025-10-10T08:47:18.848+0000] {manager.py:879} INFO - 
================================================================================
DAG File Processing Stats

File Path                                         PID    Runtime      # DAGs    # Errors  Last Runtime    Last Run
------------------------------------------------  -----  ---------  --------  ----------  --------------  -------------------
/opt/airflow/dags/environmental_data_pipeline.py                           1           0  0.16s           2025-10-10T08:47:02
================================================================================
[2025-10-10T08:47:46.784+0000] {manager.py:879} INFO - 
================================================================================
DAG File Processing Stats

File Path                                         PID    Runtime      # DAGs    # Errors  Last Runtime    Last Run
------------------------------------------------  -----  ---------  --------  ----------  --------------  -------------------
/opt/airflow/dags/environmental_data_pipeline.py                           1           0  0.25s           2025-10-10T08:47:33
================================================================================
[2025-10-10T08:48:14.708+0000] {manager.py:879} INFO - 
================================================================================
DAG File Processing Stats

File Path                                         PID    Runtime      # DAGs    # Errors  Last Runtime    Last Run
------------------------------------------------  -----  ---------  --------  ----------  --------------  -------------------
/opt/airflow/dags/environmental_data_pipeline.py                           1           0  0.16s           2025-10-10T08:48:04
================================================================================
[2025-10-10T08:48:44.984+0000] {manager.py:879} INFO - 
================================================================================
DAG File Processing Stats

File Path                                         PID    Runtime      # DAGs    # Errors  Last Runtime    Last Run
------------------------------------------------  -----  ---------  --------  ----------  --------------  -------------------
/opt/airflow/dags/environmental_data_pipeline.py                           1           0  0.21s           2025-10-10T08:48:35
================================================================================
[2025-10-10T08:49:13.035+0000] {manager.py:879} INFO - 
================================================================================
DAG File Processing Stats

File Path                                         PID    Runtime      # DAGs    # Errors  Last Runtime    Last Run
------------------------------------------------  -----  ---------  --------  ----------  --------------  -------------------
/opt/airflow/dags/environmental_data_pipeline.py                           1           0  0.16s           2025-10-10T08:49:06
================================================================================
[2025-10-10T08:49:40.895+0000] {manager.py:879} INFO - 
================================================================================
DAG File Processing Stats

File Path                                         PID    Runtime      # DAGs    # Errors  Last Runtime    Last Run
------------------------------------------------  -----  ---------  --------  ----------  --------------  -------------------
/opt/airflow/dags/environmental_data_pipeline.py                           1           0  0.19s           2025-10-10T08:49:37
================================================================================
[2025-10-10T08:50:08.879+0000] {manager.py:879} INFO - 
================================================================================
DAG File Processing Stats

File Path                                         PID    Runtime      # DAGs    # Errors  Last Runtime    Last Run
------------------------------------------------  -----  ---------  --------  ----------  --------------  -------------------
/opt/airflow/dags/environmental_data_pipeline.py                           1           0  0.39s           2025-10-10T08:50:08
================================================================================
[2025-10-10T08:50:27.736+0000] {manager.py:738} INFO - Searching for files in /opt/airflow/dags
[2025-10-10T08:50:27.739+0000] {manager.py:741} INFO - There are 1 files in /opt/airflow/dags
[2025-10-10T08:50:36.820+0000] {manager.py:879} INFO - 
================================================================================
DAG File Processing Stats

File Path                                         PID    Runtime      # DAGs    # Errors  Last Runtime    Last Run
------------------------------------------------  -----  ---------  --------  ----------  --------------  -------------------
/opt/airflow/dags/environmental_data_pipeline.py                           1           0  0.39s           2025-10-10T08:50:08
================================================================================
[2025-10-10T08:51:04.849+0000] {manager.py:879} INFO - 
================================================================================
DAG File Processing Stats

File Path                                         PID    Runtime      # DAGs    # Errors  Last Runtime    Last Run
------------------------------------------------  -----  ---------  --------  ----------  --------------  -------------------
/opt/airflow/dags/environmental_data_pipeline.py                           1           0  0.16s           2025-10-10T08:50:39
================================================================================
[2025-10-10T08:51:32.777+0000] {manager.py:879} INFO - 
================================================================================
DAG File Processing Stats

File Path                                         PID    Runtime      # DAGs    # Errors  Last Runtime    Last Run
------------------------------------------------  -----  ---------  --------  ----------  --------------  -------------------
/opt/airflow/dags/environmental_data_pipeline.py                           1           0  0.18s           2025-10-10T08:51:10
================================================================================
[2025-10-10T08:52:00.805+0000] {manager.py:879} INFO - 
================================================================================
DAG File Processing Stats

File Path                                         PID    Runtime      # DAGs    # Errors  Last Runtime    Last Run
------------------------------------------------  -----  ---------  --------  ----------  --------------  -------------------
/opt/airflow/dags/environmental_data_pipeline.py                           1           0  0.45s           2025-10-10T08:51:41
================================================================================
[2025-10-10T08:52:29.027+0000] {manager.py:879} INFO - 
================================================================================
DAG File Processing Stats

File Path                                         PID    Runtime      # DAGs    # Errors  Last Runtime    Last Run
------------------------------------------------  -----  ---------  --------  ----------  --------------  -------------------
/opt/airflow/dags/environmental_data_pipeline.py                           1           0  0.71s           2025-10-10T08:52:12
================================================================================
[2025-10-10T08:52:56.832+0000] {manager.py:879} INFO - 
================================================================================
DAG File Processing Stats

File Path                                         PID    Runtime      # DAGs    # Errors  Last Runtime    Last Run
------------------------------------------------  -----  ---------  --------  ----------  --------------  -------------------
/opt/airflow/dags/environmental_data_pipeline.py                           1           0  0.18s           2025-10-10T08:52:43
================================================================================
[2025-10-10T08:53:24.924+0000] {manager.py:879} INFO - 
================================================================================
DAG File Processing Stats

File Path                                         PID    Runtime      # DAGs    # Errors  Last Runtime    Last Run
------------------------------------------------  -----  ---------  --------  ----------  --------------  -------------------
/opt/airflow/dags/environmental_data_pipeline.py                           1           0  0.43s           2025-10-10T08:53:14
================================================================================
[2025-10-10T08:53:53.067+0000] {manager.py:879} INFO - 
================================================================================
DAG File Processing Stats

File Path                                         PID    Runtime      # DAGs    # Errors  Last Runtime    Last Run
------------------------------------------------  -----  ---------  --------  ----------  --------------  -------------------
/opt/airflow/dags/environmental_data_pipeline.py                           1           0  0.70s           2025-10-10T08:53:45
================================================================================
[2025-10-10T08:54:20.903+0000] {manager.py:879} INFO - 
================================================================================
DAG File Processing Stats

File Path                                         PID    Runtime      # DAGs    # Errors  Last Runtime    Last Run
------------------------------------------------  -----  ---------  --------  ----------  --------------  -------------------
/opt/airflow/dags/environmental_data_pipeline.py                           1           0  0.33s           2025-10-10T08:54:16
================================================================================
[2025-10-10T08:54:48.803+0000] {manager.py:879} INFO - 
================================================================================
DAG File Processing Stats

File Path                                         PID    Runtime      # DAGs    # Errors  Last Runtime    Last Run
------------------------------------------------  -----  ---------  --------  ----------  --------------  -------------------
/opt/airflow/dags/environmental_data_pipeline.py                           1           0  0.20s           2025-10-10T08:54:46
================================================================================
[2025-10-10T08:55:16.712+0000] {manager.py:879} INFO - 
================================================================================
DAG File Processing Stats

File Path                                         PID    Runtime      # DAGs    # Errors  Last Runtime    Last Run
------------------------------------------------  -----  ---------  --------  ----------  --------------  -------------------
/opt/airflow/dags/environmental_data_pipeline.py                           1           0  0.20s           2025-10-10T08:54:46
================================================================================
[2025-10-10T08:55:27.976+0000] {manager.py:738} INFO - Searching for files in /opt/airflow/dags
[2025-10-10T08:55:27.978+0000] {manager.py:741} INFO - There are 1 files in /opt/airflow/dags
[2025-10-10T08:55:44.796+0000] {manager.py:879} INFO - 
================================================================================
DAG File Processing Stats

File Path                                         PID    Runtime      # DAGs    # Errors  Last Runtime    Last Run
------------------------------------------------  -----  ---------  --------  ----------  --------------  -------------------
/opt/airflow/dags/environmental_data_pipeline.py                           1           0  0.23s           2025-10-10T08:55:17
================================================================================
[2025-10-10T08:56:14.994+0000] {manager.py:879} INFO - 
================================================================================
DAG File Processing Stats

File Path                                         PID    Runtime      # DAGs    # Errors  Last Runtime    Last Run
------------------------------------------------  -----  ---------  --------  ----------  --------------  -------------------
/opt/airflow/dags/environmental_data_pipeline.py                           1           0  0.45s           2025-10-10T08:55:49
================================================================================
[2025-10-10T08:56:42.801+0000] {manager.py:879} INFO - 
================================================================================
DAG File Processing Stats

File Path                                         PID    Runtime      # DAGs    # Errors  Last Runtime    Last Run
------------------------------------------------  -----  ---------  --------  ----------  --------------  -------------------
/opt/airflow/dags/environmental_data_pipeline.py                           1           0  0.35s           2025-10-10T08:56:19
================================================================================
[2025-10-10T08:57:10.952+0000] {manager.py:879} INFO - 
================================================================================
DAG File Processing Stats

File Path                                         PID    Runtime      # DAGs    # Errors  Last Runtime    Last Run
------------------------------------------------  -----  ---------  --------  ----------  --------------  -------------------
/opt/airflow/dags/environmental_data_pipeline.py                           1           0  0.40s           2025-10-10T08:56:50
================================================================================
[2025-10-10T08:57:38.894+0000] {manager.py:879} INFO - 
================================================================================
DAG File Processing Stats

File Path                                         PID    Runtime      # DAGs    # Errors  Last Runtime    Last Run
------------------------------------------------  -----  ---------  --------  ----------  --------------  -------------------
/opt/airflow/dags/environmental_data_pipeline.py                           1           0  0.43s           2025-10-10T08:57:22
================================================================================
[2025-10-10T08:58:06.744+0000] {manager.py:879} INFO - 
================================================================================
DAG File Processing Stats

File Path                                         PID    Runtime      # DAGs    # Errors  Last Runtime    Last Run
------------------------------------------------  -----  ---------  --------  ----------  --------------  -------------------
/opt/airflow/dags/environmental_data_pipeline.py                           1           0  0.33s           2025-10-10T08:57:52
================================================================================
[2025-10-10T08:58:34.513+0000] {manager.py:879} INFO - 
================================================================================
DAG File Processing Stats

File Path                                         PID    Runtime      # DAGs    # Errors  Last Runtime    Last Run
------------------------------------------------  -----  ---------  --------  ----------  --------------  -------------------
/opt/airflow/dags/environmental_data_pipeline.py                           1           0  0.23s           2025-10-10T08:58:23
================================================================================
[2025-10-10T08:59:02.360+0000] {manager.py:879} INFO - 
================================================================================
DAG File Processing Stats

File Path                                         PID    Runtime      # DAGs    # Errors  Last Runtime    Last Run
------------------------------------------------  -----  ---------  --------  ----------  --------------  -------------------
/opt/airflow/dags/environmental_data_pipeline.py                           1           0  0.30s           2025-10-10T08:58:54
================================================================================
[2025-10-10T08:59:30.522+0000] {manager.py:879} INFO - 
================================================================================
DAG File Processing Stats

File Path                                         PID    Runtime      # DAGs    # Errors  Last Runtime    Last Run
------------------------------------------------  -----  ---------  --------  ----------  --------------  -------------------
/opt/airflow/dags/environmental_data_pipeline.py                           1           0  0.29s           2025-10-10T08:59:25
================================================================================
[2025-10-10T08:59:58.274+0000] {manager.py:879} INFO - 
================================================================================
DAG File Processing Stats

File Path                                         PID    Runtime      # DAGs    # Errors  Last Runtime    Last Run
------------------------------------------------  -----  ---------  --------  ----------  --------------  -------------------
/opt/airflow/dags/environmental_data_pipeline.py                           1           0  0.21s           2025-10-10T08:59:56
================================================================================
[2025-10-10T09:00:26.120+0000] {manager.py:879} INFO - 
================================================================================
DAG File Processing Stats

File Path                                         PID    Runtime      # DAGs    # Errors  Last Runtime    Last Run
------------------------------------------------  -----  ---------  --------  ----------  --------------  -------------------
/opt/airflow/dags/environmental_data_pipeline.py                           1           0  0.21s           2025-10-10T08:59:56
================================================================================
[2025-10-10T09:00:28.527+0000] {manager.py:738} INFO - Searching for files in /opt/airflow/dags
[2025-10-10T09:00:28.529+0000] {manager.py:741} INFO - There are 1 files in /opt/airflow/dags
[2025-10-10T09:00:54.349+0000] {manager.py:879} INFO - 
================================================================================
DAG File Processing Stats

File Path                                         PID    Runtime      # DAGs    # Errors  Last Runtime    Last Run
------------------------------------------------  -----  ---------  --------  ----------  --------------  -------------------
/opt/airflow/dags/environmental_data_pipeline.py                           1           0  0.26s           2025-10-10T09:00:26
================================================================================
[2025-10-10T09:01:22.448+0000] {manager.py:879} INFO - 
================================================================================
DAG File Processing Stats

File Path                                         PID    Runtime      # DAGs    # Errors  Last Runtime    Last Run
------------------------------------------------  -----  ---------  --------  ----------  --------------  -------------------
/opt/airflow/dags/environmental_data_pipeline.py                           1           0  0.21s           2025-10-10T09:00:57
================================================================================
[2025-10-10T09:01:50.308+0000] {manager.py:879} INFO - 
================================================================================
DAG File Processing Stats

File Path                                         PID    Runtime      # DAGs    # Errors  Last Runtime    Last Run
------------------------------------------------  -----  ---------  --------  ----------  --------------  -------------------
/opt/airflow/dags/environmental_data_pipeline.py                           1           0  0.22s           2025-10-10T09:01:28
================================================================================
[2025-10-10T09:02:18.334+0000] {manager.py:879} INFO - 
================================================================================
DAG File Processing Stats

File Path                                         PID    Runtime      # DAGs    # Errors  Last Runtime    Last Run
------------------------------------------------  -----  ---------  --------  ----------  --------------  -------------------
/opt/airflow/dags/environmental_data_pipeline.py                           1           0  0.22s           2025-10-10T09:01:59
================================================================================
[2025-10-10T09:02:46.285+0000] {manager.py:879} INFO - 
================================================================================
DAG File Processing Stats

File Path                                         PID    Runtime      # DAGs    # Errors  Last Runtime    Last Run
------------------------------------------------  -----  ---------  --------  ----------  --------------  -------------------
/opt/airflow/dags/environmental_data_pipeline.py                           1           0  0.47s           2025-10-10T09:02:30
================================================================================
[2025-10-10T09:03:14.068+0000] {manager.py:879} INFO - 
================================================================================
DAG File Processing Stats

File Path                                         PID    Runtime      # DAGs    # Errors  Last Runtime    Last Run
------------------------------------------------  -----  ---------  --------  ----------  --------------  -------------------
/opt/airflow/dags/environmental_data_pipeline.py                           1           0  0.23s           2025-10-10T09:03:01
================================================================================
[2025-10-10T09:03:42.199+0000] {manager.py:879} INFO - 
================================================================================
DAG File Processing Stats

File Path                                         PID    Runtime      # DAGs    # Errors  Last Runtime    Last Run
------------------------------------------------  -----  ---------  --------  ----------  --------------  -------------------
/opt/airflow/dags/environmental_data_pipeline.py                           1           0  0.21s           2025-10-10T09:03:32
================================================================================
[2025-10-10T09:04:12.458+0000] {manager.py:879} INFO - 
================================================================================
DAG File Processing Stats

File Path                                         PID    Runtime      # DAGs    # Errors  Last Runtime    Last Run
------------------------------------------------  -----  ---------  --------  ----------  --------------  -------------------
/opt/airflow/dags/environmental_data_pipeline.py                           1           0  0.23s           2025-10-10T09:04:03
================================================================================
[2025-10-10T09:04:40.497+0000] {manager.py:879} INFO - 
================================================================================
DAG File Processing Stats

File Path                                         PID    Runtime      # DAGs    # Errors  Last Runtime    Last Run
------------------------------------------------  -----  ---------  --------  ----------  --------------  -------------------
/opt/airflow/dags/environmental_data_pipeline.py                           1           0  0.22s           2025-10-10T09:04:34
================================================================================
[2025-10-10T09:05:08.315+0000] {manager.py:879} INFO - 
================================================================================
DAG File Processing Stats

File Path                                         PID    Runtime      # DAGs    # Errors  Last Runtime    Last Run
------------------------------------------------  -----  ---------  --------  ----------  --------------  -------------------
/opt/airflow/dags/environmental_data_pipeline.py                           1           0  0.27s           2025-10-10T09:05:05
================================================================================
[2025-10-10T09:05:29.019+0000] {manager.py:738} INFO - Searching for files in /opt/airflow/dags
[2025-10-10T09:05:29.021+0000] {manager.py:741} INFO - There are 1 files in /opt/airflow/dags
[2025-10-10T09:05:36.102+0000] {manager.py:879} INFO - 
================================================================================
DAG File Processing Stats

File Path                                           PID  Runtime      # DAGs    # Errors  Last Runtime    Last Run
------------------------------------------------  -----  ---------  --------  ----------  --------------  -------------------
/opt/airflow/dags/environmental_data_pipeline.py    512  0.01s             1           0  0.27s           2025-10-10T09:05:05
================================================================================
[2025-10-10T09:06:04.169+0000] {manager.py:879} INFO - 
================================================================================
DAG File Processing Stats

File Path                                         PID    Runtime      # DAGs    # Errors  Last Runtime    Last Run
------------------------------------------------  -----  ---------  --------  ----------  --------------  -------------------
/opt/airflow/dags/environmental_data_pipeline.py                           1           0  0.27s           2025-10-10T09:05:36
================================================================================
[2025-10-10T09:06:32.086+0000] {manager.py:879} INFO - 
================================================================================
DAG File Processing Stats

File Path                                         PID    Runtime      # DAGs    # Errors  Last Runtime    Last Run
------------------------------------------------  -----  ---------  --------  ----------  --------------  -------------------
/opt/airflow/dags/environmental_data_pipeline.py                           1           0  0.18s           2025-10-10T09:06:07
================================================================================
[2025-10-10T09:06:59.962+0000] {manager.py:879} INFO - 
================================================================================
DAG File Processing Stats

File Path                                         PID    Runtime      # DAGs    # Errors  Last Runtime    Last Run
------------------------------------------------  -----  ---------  --------  ----------  --------------  -------------------
/opt/airflow/dags/environmental_data_pipeline.py                           1           0  0.19s           2025-10-10T09:06:38
================================================================================
[2025-10-10T09:07:27.859+0000] {manager.py:879} INFO - 
================================================================================
DAG File Processing Stats

File Path                                         PID    Runtime      # DAGs    # Errors  Last Runtime    Last Run
------------------------------------------------  -----  ---------  --------  ----------  --------------  -------------------
/opt/airflow/dags/environmental_data_pipeline.py                           1           0  0.18s           2025-10-10T09:07:09
================================================================================
[2025-10-10T09:07:55.797+0000] {manager.py:879} INFO - 
================================================================================
DAG File Processing Stats

File Path                                         PID    Runtime      # DAGs    # Errors  Last Runtime    Last Run
------------------------------------------------  -----  ---------  --------  ----------  --------------  -------------------
/opt/airflow/dags/environmental_data_pipeline.py                           1           0  0.17s           2025-10-10T09:07:40
================================================================================
[2025-10-10T09:08:23.645+0000] {manager.py:879} INFO - 
================================================================================
DAG File Processing Stats

File Path                                         PID    Runtime      # DAGs    # Errors  Last Runtime    Last Run
------------------------------------------------  -----  ---------  --------  ----------  --------------  -------------------
/opt/airflow/dags/environmental_data_pipeline.py                           1           0  0.20s           2025-10-10T09:08:11
================================================================================
[2025-10-10T09:08:51.555+0000] {manager.py:879} INFO - 
================================================================================
DAG File Processing Stats

File Path                                         PID    Runtime      # DAGs    # Errors  Last Runtime    Last Run
------------------------------------------------  -----  ---------  --------  ----------  --------------  -------------------
/opt/airflow/dags/environmental_data_pipeline.py                           1           0  0.19s           2025-10-10T09:08:41
================================================================================
[2025-10-10T09:09:19.428+0000] {manager.py:879} INFO - 
================================================================================
DAG File Processing Stats

File Path                                         PID    Runtime      # DAGs    # Errors  Last Runtime    Last Run
------------------------------------------------  -----  ---------  --------  ----------  --------------  -------------------
/opt/airflow/dags/environmental_data_pipeline.py                           1           0  -2.14s          2025-10-10T09:09:10
================================================================================
[2025-10-10T09:09:47.281+0000] {manager.py:879} INFO - 
================================================================================
DAG File Processing Stats

File Path                                         PID    Runtime      # DAGs    # Errors  Last Runtime    Last Run
------------------------------------------------  -----  ---------  --------  ----------  --------------  -------------------
/opt/airflow/dags/environmental_data_pipeline.py                           1           0  0.16s           2025-10-10T09:09:40
================================================================================
[2025-10-10T09:10:15.201+0000] {manager.py:879} INFO - 
================================================================================
DAG File Processing Stats

File Path                                         PID    Runtime      # DAGs    # Errors  Last Runtime    Last Run
------------------------------------------------  -----  ---------  --------  ----------  --------------  -------------------
/opt/airflow/dags/environmental_data_pipeline.py                           1           0  0.25s           2025-10-10T09:10:11
================================================================================
[2025-10-10T09:10:29.311+0000] {manager.py:738} INFO - Searching for files in /opt/airflow/dags
[2025-10-10T09:10:29.313+0000] {manager.py:741} INFO - There are 1 files in /opt/airflow/dags
[2025-10-10T09:10:43.044+0000] {manager.py:879} INFO - 
================================================================================
DAG File Processing Stats

File Path                                         PID    Runtime      # DAGs    # Errors  Last Runtime    Last Run
------------------------------------------------  -----  ---------  --------  ----------  --------------  -------------------
/opt/airflow/dags/environmental_data_pipeline.py                           1           0  0.34s           2025-10-10T09:10:42
================================================================================
[2025-10-10T09:11:10.842+0000] {manager.py:879} INFO - 
================================================================================
DAG File Processing Stats

File Path                                         PID    Runtime      # DAGs    # Errors  Last Runtime    Last Run
------------------------------------------------  -----  ---------  --------  ----------  --------------  -------------------
/opt/airflow/dags/environmental_data_pipeline.py                           1           0  0.34s           2025-10-10T09:10:42
================================================================================
[2025-10-10T09:11:41.320+0000] {manager.py:879} INFO - 
================================================================================
DAG File Processing Stats

File Path                                         PID    Runtime      # DAGs    # Errors  Last Runtime    Last Run
------------------------------------------------  -----  ---------  --------  ----------  --------------  -------------------
/opt/airflow/dags/environmental_data_pipeline.py                           1           0  0.58s           2025-10-10T09:11:13
================================================================================
[2025-10-10T09:12:09.441+0000] {manager.py:879} INFO - 
================================================================================
DAG File Processing Stats

File Path                                         PID    Runtime      # DAGs    # Errors  Last Runtime    Last Run
------------------------------------------------  -----  ---------  --------  ----------  --------------  -------------------
/opt/airflow/dags/environmental_data_pipeline.py                           1           0  0.30s           2025-10-10T09:11:44
================================================================================
[2025-10-10T09:12:37.264+0000] {manager.py:879} INFO - 
================================================================================
DAG File Processing Stats

File Path                                         PID    Runtime      # DAGs    # Errors  Last Runtime    Last Run
------------------------------------------------  -----  ---------  --------  ----------  --------------  -------------------
/opt/airflow/dags/environmental_data_pipeline.py                           1           0  0.45s           2025-10-10T09:12:15
================================================================================
[2025-10-10T09:13:05.090+0000] {manager.py:879} INFO - 
================================================================================
DAG File Processing Stats

File Path                                         PID    Runtime      # DAGs    # Errors  Last Runtime    Last Run
------------------------------------------------  -----  ---------  --------  ----------  --------------  -------------------
/opt/airflow/dags/environmental_data_pipeline.py                           1           0  0.20s           2025-10-10T09:12:46
================================================================================
[2025-10-10T09:13:33.064+0000] {manager.py:879} INFO - 
================================================================================
DAG File Processing Stats

File Path                                         PID    Runtime      # DAGs    # Errors  Last Runtime    Last Run
------------------------------------------------  -----  ---------  --------  ----------  --------------  -------------------
/opt/airflow/dags/environmental_data_pipeline.py                           1           0  0.42s           2025-10-10T09:13:17
================================================================================
[2025-10-10T09:14:01.188+0000] {manager.py:879} INFO - 
================================================================================
DAG File Processing Stats

File Path                                         PID    Runtime      # DAGs    # Errors  Last Runtime    Last Run
------------------------------------------------  -----  ---------  --------  ----------  --------------  -------------------
/opt/airflow/dags/environmental_data_pipeline.py                           1           0  0.33s           2025-10-10T09:13:48
================================================================================
[2025-10-10T09:14:29.005+0000] {manager.py:879} INFO - 
================================================================================
DAG File Processing Stats

File Path                                         PID    Runtime      # DAGs    # Errors  Last Runtime    Last Run
------------------------------------------------  -----  ---------  --------  ----------  --------------  -------------------
/opt/airflow/dags/environmental_data_pipeline.py                           1           0  0.33s           2025-10-10T09:14:19
================================================================================
[2025-10-10T09:14:56.774+0000] {manager.py:879} INFO - 
================================================================================
DAG File Processing Stats

File Path                                         PID    Runtime      # DAGs    # Errors  Last Runtime    Last Run
------------------------------------------------  -----  ---------  --------  ----------  --------------  -------------------
/opt/airflow/dags/environmental_data_pipeline.py                           1           0  0.25s           2025-10-10T09:14:49
================================================================================
[2025-10-10T09:15:24.806+0000] {manager.py:879} INFO - 
================================================================================
DAG File Processing Stats

File Path                                         PID    Runtime      # DAGs    # Errors  Last Runtime    Last Run
------------------------------------------------  -----  ---------  --------  ----------  --------------  -------------------
/opt/airflow/dags/environmental_data_pipeline.py                           1           0  0.30s           2025-10-10T09:15:20
================================================================================
[2025-10-10T09:15:29.869+0000] {manager.py:738} INFO - Searching for files in /opt/airflow/dags
[2025-10-10T09:15:29.871+0000] {manager.py:741} INFO - There are 1 files in /opt/airflow/dags
[2025-10-10T09:15:52.722+0000] {manager.py:879} INFO - 
================================================================================
DAG File Processing Stats

File Path                                         PID    Runtime      # DAGs    # Errors  Last Runtime    Last Run
------------------------------------------------  -----  ---------  --------  ----------  --------------  -------------------
/opt/airflow/dags/environmental_data_pipeline.py                           1           0  0.26s           2025-10-10T09:15:51
================================================================================
[2025-10-10T09:16:20.601+0000] {manager.py:879} INFO - 
================================================================================
DAG File Processing Stats

File Path                                         PID    Runtime      # DAGs    # Errors  Last Runtime    Last Run
------------------------------------------------  -----  ---------  --------  ----------  --------------  -------------------
/opt/airflow/dags/environmental_data_pipeline.py                           1           0  0.26s           2025-10-10T09:15:51
================================================================================
[2025-10-10T09:16:48.378+0000] {manager.py:879} INFO - 
================================================================================
DAG File Processing Stats

File Path                                         PID    Runtime      # DAGs    # Errors  Last Runtime    Last Run
------------------------------------------------  -----  ---------  --------  ----------  --------------  -------------------
/opt/airflow/dags/environmental_data_pipeline.py                           1           0  0.18s           2025-10-10T09:16:22
================================================================================
[2025-10-10T09:17:16.406+0000] {manager.py:879} INFO - 
================================================================================
DAG File Processing Stats

File Path                                         PID    Runtime      # DAGs    # Errors  Last Runtime    Last Run
------------------------------------------------  -----  ---------  --------  ----------  --------------  -------------------
/opt/airflow/dags/environmental_data_pipeline.py                           1           0  0.23s           2025-10-10T09:16:53
================================================================================
[2025-10-10T09:17:44.143+0000] {manager.py:879} INFO - 
================================================================================
DAG File Processing Stats

File Path                                         PID    Runtime      # DAGs    # Errors  Last Runtime    Last Run
------------------------------------------------  -----  ---------  --------  ----------  --------------  -------------------
/opt/airflow/dags/environmental_data_pipeline.py                           1           0  0.20s           2025-10-10T09:17:24
================================================================================
[2025-10-10T09:18:12.229+0000] {manager.py:879} INFO - 
================================================================================
DAG File Processing Stats

File Path                                         PID    Runtime      # DAGs    # Errors  Last Runtime    Last Run
------------------------------------------------  -----  ---------  --------  ----------  --------------  -------------------
/opt/airflow/dags/environmental_data_pipeline.py                           1           0  0.28s           2025-10-10T09:17:55
================================================================================
[2025-10-10T09:18:40.083+0000] {manager.py:879} INFO - 
================================================================================
DAG File Processing Stats

File Path                                         PID    Runtime      # DAGs    # Errors  Last Runtime    Last Run
------------------------------------------------  -----  ---------  --------  ----------  --------------  -------------------
/opt/airflow/dags/environmental_data_pipeline.py                           1           0  0.35s           2025-10-10T09:18:26
================================================================================
[2025-10-10T09:19:07.798+0000] {manager.py:879} INFO - 
================================================================================
DAG File Processing Stats

File Path                                         PID    Runtime      # DAGs    # Errors  Last Runtime    Last Run
------------------------------------------------  -----  ---------  --------  ----------  --------------  -------------------
/opt/airflow/dags/environmental_data_pipeline.py                           1           0  0.25s           2025-10-10T09:18:57
================================================================================
[2025-10-10T09:19:37.999+0000] {manager.py:879} INFO - 
================================================================================
DAG File Processing Stats

File Path                                         PID    Runtime      # DAGs    # Errors  Last Runtime    Last Run
------------------------------------------------  -----  ---------  --------  ----------  --------------  -------------------
/opt/airflow/dags/environmental_data_pipeline.py                           1           0  0.19s           2025-10-10T09:19:28
================================================================================
[2025-10-10T09:20:05.934+0000] {manager.py:879} INFO - 
================================================================================
DAG File Processing Stats

File Path                                         PID    Runtime      # DAGs    # Errors  Last Runtime    Last Run
------------------------------------------------  -----  ---------  --------  ----------  --------------  -------------------
/opt/airflow/dags/environmental_data_pipeline.py                           1           0  0.22s           2025-10-10T09:19:58
================================================================================
[2025-10-10T09:20:30.206+0000] {manager.py:738} INFO - Searching for files in /opt/airflow/dags
[2025-10-10T09:20:30.208+0000] {manager.py:741} INFO - There are 1 files in /opt/airflow/dags
[2025-10-10T09:20:33.827+0000] {manager.py:879} INFO - 
================================================================================
DAG File Processing Stats

File Path                                         PID    Runtime      # DAGs    # Errors  Last Runtime    Last Run
------------------------------------------------  -----  ---------  --------  ----------  --------------  -------------------
/opt/airflow/dags/environmental_data_pipeline.py                           1           0  0.52s           2025-10-10T09:20:30
================================================================================
[2025-10-10T09:21:01.554+0000] {manager.py:879} INFO - 
================================================================================
DAG File Processing Stats

File Path                                         PID    Runtime      # DAGs    # Errors  Last Runtime    Last Run
------------------------------------------------  -----  ---------  --------  ----------  --------------  -------------------
/opt/airflow/dags/environmental_data_pipeline.py                           1           0  0.22s           2025-10-10T09:21:00
================================================================================
[2025-10-10T09:21:29.213+0000] {manager.py:879} INFO - 
================================================================================
DAG File Processing Stats

File Path                                         PID    Runtime      # DAGs    # Errors  Last Runtime    Last Run
------------------------------------------------  -----  ---------  --------  ----------  --------------  -------------------
/opt/airflow/dags/environmental_data_pipeline.py                           1           0  0.22s           2025-10-10T09:21:00
================================================================================
[2025-10-10T09:21:57.053+0000] {manager.py:879} INFO - 
================================================================================
DAG File Processing Stats

File Path                                         PID    Runtime      # DAGs    # Errors  Last Runtime    Last Run
------------------------------------------------  -----  ---------  --------  ----------  --------------  -------------------
/opt/airflow/dags/environmental_data_pipeline.py                           1           0  0.22s           2025-10-10T09:21:31
================================================================================
[2025-10-10T09:22:24.873+0000] {manager.py:879} INFO - 
================================================================================
DAG File Processing Stats

File Path                                         PID    Runtime      # DAGs    # Errors  Last Runtime    Last Run
------------------------------------------------  -----  ---------  --------  ----------  --------------  -------------------
/opt/airflow/dags/environmental_data_pipeline.py                           1           0  0.25s           2025-10-10T09:22:02
================================================================================
[2025-10-10T09:22:52.628+0000] {manager.py:879} INFO - 
================================================================================
DAG File Processing Stats

File Path                                         PID    Runtime      # DAGs    # Errors  Last Runtime    Last Run
------------------------------------------------  -----  ---------  --------  ----------  --------------  -------------------
/opt/airflow/dags/environmental_data_pipeline.py                           1           0  0.19s           2025-10-10T09:22:33
================================================================================
[2025-10-10T09:23:20.549+0000] {manager.py:879} INFO - 
================================================================================
DAG File Processing Stats

File Path                                         PID    Runtime      # DAGs    # Errors  Last Runtime    Last Run
------------------------------------------------  -----  ---------  --------  ----------  --------------  -------------------
/opt/airflow/dags/environmental_data_pipeline.py                           1           0  0.22s           2025-10-10T09:23:03
================================================================================
[2025-10-10T09:23:48.360+0000] {manager.py:879} INFO - 
================================================================================
DAG File Processing Stats

File Path                                         PID    Runtime      # DAGs    # Errors  Last Runtime    Last Run
------------------------------------------------  -----  ---------  --------  ----------  --------------  -------------------
/opt/airflow/dags/environmental_data_pipeline.py                           1           0  0.32s           2025-10-10T09:23:35
================================================================================
[2025-10-10T09:24:16.412+0000] {manager.py:879} INFO - 
================================================================================
DAG File Processing Stats

File Path                                         PID    Runtime      # DAGs    # Errors  Last Runtime    Last Run
------------------------------------------------  -----  ---------  --------  ----------  --------------  -------------------
/opt/airflow/dags/environmental_data_pipeline.py                           1           0  0.35s           2025-10-10T09:24:05
================================================================================
[2025-10-10T09:24:44.199+0000] {manager.py:879} INFO - 
================================================================================
DAG File Processing Stats

File Path                                         PID    Runtime      # DAGs    # Errors  Last Runtime    Last Run
------------------------------------------------  -----  ---------  --------  ----------  --------------  -------------------
/opt/airflow/dags/environmental_data_pipeline.py                           1           0  0.20s           2025-10-10T09:24:36
================================================================================
[2025-10-10T09:25:12.122+0000] {manager.py:879} INFO - 
================================================================================
DAG File Processing Stats

File Path                                         PID    Runtime      # DAGs    # Errors  Last Runtime    Last Run
------------------------------------------------  -----  ---------  --------  ----------  --------------  -------------------
/opt/airflow/dags/environmental_data_pipeline.py                           1           0  0.23s           2025-10-10T09:25:07
================================================================================
[2025-10-10T09:25:30.243+0000] {manager.py:738} INFO - Searching for files in /opt/airflow/dags
[2025-10-10T09:25:30.244+0000] {manager.py:741} INFO - There are 1 files in /opt/airflow/dags
[2025-10-10T09:25:40.029+0000] {manager.py:879} INFO - 
================================================================================
DAG File Processing Stats

File Path                                         PID    Runtime      # DAGs    # Errors  Last Runtime    Last Run
------------------------------------------------  -----  ---------  --------  ----------  --------------  -------------------
/opt/airflow/dags/environmental_data_pipeline.py                           1           0  0.20s           2025-10-10T09:25:38
================================================================================
[2025-10-10T09:26:07.605+0000] {manager.py:879} INFO - 
================================================================================
DAG File Processing Stats

File Path                                         PID    Runtime      # DAGs    # Errors  Last Runtime    Last Run
------------------------------------------------  -----  ---------  --------  ----------  --------------  -------------------
/opt/airflow/dags/environmental_data_pipeline.py                           1           0  -1.76s          2025-10-10T09:26:06
================================================================================
[2025-10-10T09:26:37.629+0000] {manager.py:879} INFO - 
================================================================================
DAG File Processing Stats

File Path                                         PID    Runtime      # DAGs    # Errors  Last Runtime    Last Run
------------------------------------------------  -----  ---------  --------  ----------  --------------  -------------------
/opt/airflow/dags/environmental_data_pipeline.py                           1           0  0.85s           2025-10-10T09:26:37
================================================================================
[2025-10-10T09:27:05.367+0000] {manager.py:879} INFO - 
================================================================================
DAG File Processing Stats

File Path                                         PID    Runtime      # DAGs    # Errors  Last Runtime    Last Run
------------------------------------------------  -----  ---------  --------  ----------  --------------  -------------------
/opt/airflow/dags/environmental_data_pipeline.py                           1           0  0.85s           2025-10-10T09:26:37
================================================================================
[2025-10-10T09:27:33.404+0000] {manager.py:879} INFO - 
================================================================================
DAG File Processing Stats

File Path                                         PID    Runtime      # DAGs    # Errors  Last Runtime    Last Run
------------------------------------------------  -----  ---------  --------  ----------  --------------  -------------------
/opt/airflow/dags/environmental_data_pipeline.py                           1           0  -1.91s          2025-10-10T09:27:05
================================================================================
[2025-10-10T09:28:01.182+0000] {manager.py:879} INFO - 
================================================================================
DAG File Processing Stats

File Path                                         PID    Runtime      # DAGs    # Errors  Last Runtime    Last Run
------------------------------------------------  -----  ---------  --------  ----------  --------------  -------------------
/opt/airflow/dags/environmental_data_pipeline.py                           1           0  0.51s           2025-10-10T09:27:36
================================================================================
[2025-10-10T09:28:28.883+0000] {manager.py:879} INFO - 
================================================================================
DAG File Processing Stats

File Path                                         PID    Runtime      # DAGs    # Errors  Last Runtime    Last Run
------------------------------------------------  -----  ---------  --------  ----------  --------------  -------------------
/opt/airflow/dags/environmental_data_pipeline.py                           1           0  -1.87s          2025-10-10T09:28:05
================================================================================
[2025-10-10T09:28:57.251+0000] {manager.py:879} INFO - 
================================================================================
DAG File Processing Stats

File Path                                         PID    Runtime      # DAGs    # Errors  Last Runtime    Last Run
------------------------------------------------  -----  ---------  --------  ----------  --------------  -------------------
/opt/airflow/dags/environmental_data_pipeline.py                           1           0  0.27s           2025-10-10T09:28:35
================================================================================
[2025-10-10T09:29:25.231+0000] {manager.py:879} INFO - 
================================================================================
DAG File Processing Stats

File Path                                         PID    Runtime      # DAGs    # Errors  Last Runtime    Last Run
------------------------------------------------  -----  ---------  --------  ----------  --------------  -------------------
/opt/airflow/dags/environmental_data_pipeline.py                           1           0  0.38s           2025-10-10T09:29:06
================================================================================
[2025-10-10T09:29:53.028+0000] {manager.py:879} INFO - 
================================================================================
DAG File Processing Stats

File Path                                         PID    Runtime      # DAGs    # Errors  Last Runtime    Last Run
------------------------------------------------  -----  ---------  --------  ----------  --------------  -------------------
/opt/airflow/dags/environmental_data_pipeline.py                           1           0  0.55s           2025-10-10T09:29:37
================================================================================
[2025-10-10T09:30:20.662+0000] {manager.py:879} INFO - 
================================================================================
DAG File Processing Stats

File Path                                         PID    Runtime      # DAGs    # Errors  Last Runtime    Last Run
------------------------------------------------  -----  ---------  --------  ----------  --------------  -------------------
/opt/airflow/dags/environmental_data_pipeline.py                           1           0  0.37s           2025-10-10T09:30:07
================================================================================
[2025-10-10T09:30:30.712+0000] {manager.py:738} INFO - Searching for files in /opt/airflow/dags
[2025-10-10T09:30:30.713+0000] {manager.py:741} INFO - There are 1 files in /opt/airflow/dags
[2025-10-10T09:30:48.491+0000] {manager.py:879} INFO - 
================================================================================
DAG File Processing Stats

File Path                                         PID    Runtime      # DAGs    # Errors  Last Runtime    Last Run
------------------------------------------------  -----  ---------  --------  ----------  --------------  -------------------
/opt/airflow/dags/environmental_data_pipeline.py                           1           0  0.30s           2025-10-10T09:30:38
================================================================================
[2025-10-10T09:31:16.283+0000] {manager.py:879} INFO - 
================================================================================
DAG File Processing Stats

File Path                                         PID    Runtime      # DAGs    # Errors  Last Runtime    Last Run
------------------------------------------------  -----  ---------  --------  ----------  --------------  -------------------
/opt/airflow/dags/environmental_data_pipeline.py                           1           0  0.17s           2025-10-10T09:31:09
================================================================================
[2025-10-10T09:31:44.146+0000] {manager.py:879} INFO - 
================================================================================
DAG File Processing Stats

File Path                                         PID    Runtime      # DAGs    # Errors  Last Runtime    Last Run
------------------------------------------------  -----  ---------  --------  ----------  --------------  -------------------
/opt/airflow/dags/environmental_data_pipeline.py                           1           0  0.26s           2025-10-10T09:31:40
================================================================================
[2025-10-10T09:32:11.859+0000] {manager.py:879} INFO - 
================================================================================
DAG File Processing Stats

File Path                                         PID    Runtime      # DAGs    # Errors  Last Runtime    Last Run
------------------------------------------------  -----  ---------  --------  ----------  --------------  -------------------
/opt/airflow/dags/environmental_data_pipeline.py                           1           0  0.39s           2025-10-10T09:32:11
================================================================================
[2025-10-10T09:32:39.566+0000] {manager.py:879} INFO - 
================================================================================
DAG File Processing Stats

File Path                                         PID    Runtime      # DAGs    # Errors  Last Runtime    Last Run
------------------------------------------------  -----  ---------  --------  ----------  --------------  -------------------
/opt/airflow/dags/environmental_data_pipeline.py                           1           0  0.39s           2025-10-10T09:32:11
================================================================================
[2025-10-10T09:33:07.260+0000] {manager.py:879} INFO - 
================================================================================
DAG File Processing Stats

File Path                                         PID    Runtime      # DAGs    # Errors  Last Runtime    Last Run
------------------------------------------------  -----  ---------  --------  ----------  --------------  -------------------
/opt/airflow/dags/environmental_data_pipeline.py                           1           0  0.23s           2025-10-10T09:32:41
================================================================================
[2025-10-10T09:33:34.963+0000] {manager.py:879} INFO - 
================================================================================
DAG File Processing Stats

File Path                                         PID    Runtime      # DAGs    # Errors  Last Runtime    Last Run
------------------------------------------------  -----  ---------  --------  ----------  --------------  -------------------
/opt/airflow/dags/environmental_data_pipeline.py                           1           0  0.16s           2025-10-10T09:33:12
================================================================================
[2025-10-10T09:34:02.854+0000] {manager.py:879} INFO - 
================================================================================
DAG File Processing Stats

File Path                                         PID    Runtime      # DAGs    # Errors  Last Runtime    Last Run
------------------------------------------------  -----  ---------  --------  ----------  --------------  -------------------
/opt/airflow/dags/environmental_data_pipeline.py                           1           0  0.27s           2025-10-10T09:33:43
================================================================================
[2025-10-10T09:34:33.279+0000] {manager.py:879} INFO - 
================================================================================
DAG File Processing Stats

File Path                                         PID    Runtime      # DAGs    # Errors  Last Runtime    Last Run
------------------------------------------------  -----  ---------  --------  ----------  --------------  -------------------
/opt/airflow/dags/environmental_data_pipeline.py                           1           0  1.29s           2025-10-10T09:34:15
================================================================================
[2025-10-10T09:35:00.887+0000] {manager.py:879} INFO - 
================================================================================
DAG File Processing Stats

File Path                                         PID    Runtime      # DAGs    # Errors  Last Runtime    Last Run
------------------------------------------------  -----  ---------  --------  ----------  --------------  -------------------
/opt/airflow/dags/environmental_data_pipeline.py                           1           0  1.41s           2025-10-10T09:34:46
================================================================================
[2025-10-10T09:35:28.656+0000] {manager.py:879} INFO - 
================================================================================
DAG File Processing Stats

File Path                                         PID    Runtime      # DAGs    # Errors  Last Runtime    Last Run
------------------------------------------------  -----  ---------  --------  ----------  --------------  -------------------
/opt/airflow/dags/environmental_data_pipeline.py                           1           0  0.54s           2025-10-10T09:35:17
================================================================================
[2025-10-10T09:35:30.785+0000] {manager.py:738} INFO - Searching for files in /opt/airflow/dags
[2025-10-10T09:35:30.789+0000] {manager.py:741} INFO - There are 1 files in /opt/airflow/dags
[2025-10-10T09:35:56.480+0000] {manager.py:879} INFO - 
================================================================================
DAG File Processing Stats

File Path                                         PID    Runtime      # DAGs    # Errors  Last Runtime    Last Run
------------------------------------------------  -----  ---------  --------  ----------  --------------  -------------------
/opt/airflow/dags/environmental_data_pipeline.py                           1           0  0.34s           2025-10-10T09:35:48
================================================================================
[2025-10-10T09:36:24.365+0000] {manager.py:879} INFO - 
================================================================================
DAG File Processing Stats

File Path                                         PID    Runtime      # DAGs    # Errors  Last Runtime    Last Run
------------------------------------------------  -----  ---------  --------  ----------  --------------  -------------------
/opt/airflow/dags/environmental_data_pipeline.py                           1           0  0.48s           2025-10-10T09:36:19
================================================================================
[2025-10-10T09:36:52.176+0000] {manager.py:879} INFO - 
================================================================================
DAG File Processing Stats

File Path                                         PID    Runtime      # DAGs    # Errors  Last Runtime    Last Run
------------------------------------------------  -----  ---------  --------  ----------  --------------  -------------------
/opt/airflow/dags/environmental_data_pipeline.py                           1           0  0.20s           2025-10-10T09:36:50
================================================================================
[2025-10-10T09:37:19.896+0000] {manager.py:879} INFO - 
================================================================================
DAG File Processing Stats

File Path                                         PID    Runtime      # DAGs    # Errors  Last Runtime    Last Run
------------------------------------------------  -----  ---------  --------  ----------  --------------  -------------------
/opt/airflow/dags/environmental_data_pipeline.py                           1           0  0.20s           2025-10-10T09:36:50
================================================================================
[2025-10-10T09:37:47.823+0000] {manager.py:879} INFO - 
================================================================================
DAG File Processing Stats

File Path                                         PID    Runtime      # DAGs    # Errors  Last Runtime    Last Run
------------------------------------------------  -----  ---------  --------  ----------  --------------  -------------------
/opt/airflow/dags/environmental_data_pipeline.py                           1           0  0.25s           2025-10-10T09:37:21
================================================================================
[2025-10-10T09:38:15.745+0000] {manager.py:879} INFO - 
================================================================================
DAG File Processing Stats

File Path                                         PID    Runtime      # DAGs    # Errors  Last Runtime    Last Run
------------------------------------------------  -----  ---------  --------  ----------  --------------  -------------------
/opt/airflow/dags/environmental_data_pipeline.py                           1           0  0.44s           2025-10-10T09:37:52
================================================================================
[2025-10-10T09:38:43.859+0000] {manager.py:879} INFO - 
================================================================================
DAG File Processing Stats

File Path                                         PID    Runtime      # DAGs    # Errors  Last Runtime    Last Run
------------------------------------------------  -----  ---------  --------  ----------  --------------  -------------------
/opt/airflow/dags/environmental_data_pipeline.py                           1           0  0.49s           2025-10-10T09:38:23
================================================================================
[2025-10-10T09:39:11.720+0000] {manager.py:879} INFO - 
================================================================================
DAG File Processing Stats

File Path                                         PID    Runtime      # DAGs    # Errors  Last Runtime    Last Run
------------------------------------------------  -----  ---------  --------  ----------  --------------  -------------------
/opt/airflow/dags/environmental_data_pipeline.py                           1           0  0.26s           2025-10-10T09:38:54
================================================================================
[2025-10-10T09:39:39.589+0000] {manager.py:879} INFO - 
================================================================================
DAG File Processing Stats

File Path                                         PID    Runtime      # DAGs    # Errors  Last Runtime    Last Run
------------------------------------------------  -----  ---------  --------  ----------  --------------  -------------------
/opt/airflow/dags/environmental_data_pipeline.py                           1           0  1.16s           2025-10-10T09:39:25
================================================================================
[2025-10-10T09:40:07.472+0000] {manager.py:879} INFO - 
================================================================================
DAG File Processing Stats

File Path                                         PID    Runtime      # DAGs    # Errors  Last Runtime    Last Run
------------------------------------------------  -----  ---------  --------  ----------  --------------  -------------------
/opt/airflow/dags/environmental_data_pipeline.py                           1           0  0.27s           2025-10-10T09:39:57
================================================================================
[2025-10-10T09:40:31.601+0000] {manager.py:738} INFO - Searching for files in /opt/airflow/dags
[2025-10-10T09:40:31.603+0000] {manager.py:741} INFO - There are 1 files in /opt/airflow/dags
[2025-10-10T09:40:35.194+0000] {manager.py:879} INFO - 
================================================================================
DAG File Processing Stats

File Path                                         PID    Runtime      # DAGs    # Errors  Last Runtime    Last Run
------------------------------------------------  -----  ---------  --------  ----------  --------------  -------------------
/opt/airflow/dags/environmental_data_pipeline.py                           1           0  0.17s           2025-10-10T09:40:27
================================================================================
[2025-10-10T09:41:03.059+0000] {manager.py:879} INFO - 
================================================================================
DAG File Processing Stats

File Path                                         PID    Runtime      # DAGs    # Errors  Last Runtime    Last Run
------------------------------------------------  -----  ---------  --------  ----------  --------------  -------------------
/opt/airflow/dags/environmental_data_pipeline.py                           1           0  0.28s           2025-10-10T09:40:58
================================================================================
[2025-10-10T09:41:30.981+0000] {manager.py:879} INFO - 
================================================================================
DAG File Processing Stats

File Path                                         PID    Runtime      # DAGs    # Errors  Last Runtime    Last Run
------------------------------------------------  -----  ---------  --------  ----------  --------------  -------------------
/opt/airflow/dags/environmental_data_pipeline.py                           1           0  0.50s           2025-10-10T09:41:29
================================================================================
[2025-10-10T09:42:01.258+0000] {manager.py:879} INFO - 
================================================================================
DAG File Processing Stats

File Path                                         PID    Runtime      # DAGs    # Errors  Last Runtime    Last Run
------------------------------------------------  -----  ---------  --------  ----------  --------------  -------------------
/opt/airflow/dags/environmental_data_pipeline.py                           1           0  0.16s           2025-10-10T09:42:00
================================================================================
[2025-10-10T09:42:28.999+0000] {manager.py:879} INFO - 
================================================================================
DAG File Processing Stats

File Path                                         PID    Runtime      # DAGs    # Errors  Last Runtime    Last Run
------------------------------------------------  -----  ---------  --------  ----------  --------------  -------------------
/opt/airflow/dags/environmental_data_pipeline.py                           1           0  0.16s           2025-10-10T09:42:00
================================================================================
[2025-10-10T09:42:56.848+0000] {manager.py:879} INFO - 
================================================================================
DAG File Processing Stats

File Path                                         PID    Runtime      # DAGs    # Errors  Last Runtime    Last Run
------------------------------------------------  -----  ---------  --------  ----------  --------------  -------------------
/opt/airflow/dags/environmental_data_pipeline.py                           1           0  0.26s           2025-10-10T09:42:31
================================================================================
[2025-10-10T09:43:24.659+0000] {manager.py:879} INFO - 
================================================================================
DAG File Processing Stats

File Path                                         PID    Runtime      # DAGs    # Errors  Last Runtime    Last Run
------------------------------------------------  -----  ---------  --------  ----------  --------------  -------------------
/opt/airflow/dags/environmental_data_pipeline.py                           1           0  -2.33s          2025-10-10T09:42:59
================================================================================
[2025-10-10T09:43:52.513+0000] {manager.py:879} INFO - 
================================================================================
DAG File Processing Stats

File Path                                         PID    Runtime      # DAGs    # Errors  Last Runtime    Last Run
------------------------------------------------  -----  ---------  --------  ----------  --------------  -------------------
/opt/airflow/dags/environmental_data_pipeline.py                           1           0  0.51s           2025-10-10T09:43:30
================================================================================
[2025-10-10T09:44:20.322+0000] {manager.py:879} INFO - 
================================================================================
DAG File Processing Stats

File Path                                         PID    Runtime      # DAGs    # Errors  Last Runtime    Last Run
------------------------------------------------  -----  ---------  --------  ----------  --------------  -------------------
/opt/airflow/dags/environmental_data_pipeline.py                           1           0  0.36s           2025-10-10T09:44:00
================================================================================
[2025-10-10T09:44:47.884+0000] {manager.py:879} INFO - 
================================================================================
DAG File Processing Stats

File Path                                         PID    Runtime      # DAGs    # Errors  Last Runtime    Last Run
------------------------------------------------  -----  ---------  --------  ----------  --------------  -------------------
/opt/airflow/dags/environmental_data_pipeline.py                           1           0  -1.66s          2025-10-10T09:44:29
================================================================================
[2025-10-10T09:45:15.673+0000] {manager.py:879} INFO - 
================================================================================
DAG File Processing Stats

File Path                                         PID    Runtime      # DAGs    # Errors  Last Runtime    Last Run
------------------------------------------------  -----  ---------  --------  ----------  --------------  -------------------
/opt/airflow/dags/environmental_data_pipeline.py                           1           0  0.42s           2025-10-10T09:45:00
================================================================================
[2025-10-10T09:45:31.710+0000] {manager.py:738} INFO - Searching for files in /opt/airflow/dags
[2025-10-10T09:45:31.712+0000] {manager.py:741} INFO - There are 1 files in /opt/airflow/dags
[2025-10-10T09:45:43.404+0000] {manager.py:879} INFO - 
================================================================================
DAG File Processing Stats

File Path                                         PID    Runtime      # DAGs    # Errors  Last Runtime    Last Run
------------------------------------------------  -----  ---------  --------  ----------  --------------  -------------------
/opt/airflow/dags/environmental_data_pipeline.py                           1           0  -2.11s          2025-10-10T09:45:28
================================================================================
[2025-10-10T09:46:11.721+0000] {manager.py:879} INFO - 
================================================================================
DAG File Processing Stats

File Path                                         PID    Runtime      # DAGs    # Errors  Last Runtime    Last Run
------------------------------------------------  -----  ---------  --------  ----------  --------------  -------------------
/opt/airflow/dags/environmental_data_pipeline.py                           1           0  0.17s           2025-10-10T09:45:59
================================================================================
[2025-10-10T09:46:39.774+0000] {manager.py:879} INFO - 
================================================================================
DAG File Processing Stats

File Path                                         PID    Runtime      # DAGs    # Errors  Last Runtime    Last Run
------------------------------------------------  -----  ---------  --------  ----------  --------------  -------------------
/opt/airflow/dags/environmental_data_pipeline.py                           1           0  0.29s           2025-10-10T09:46:30
================================================================================
[2025-10-10T09:47:07.519+0000] {manager.py:879} INFO - 
================================================================================
DAG File Processing Stats

File Path                                         PID    Runtime      # DAGs    # Errors  Last Runtime    Last Run
------------------------------------------------  -----  ---------  --------  ----------  --------------  -------------------
/opt/airflow/dags/environmental_data_pipeline.py                           1           0  0.41s           2025-10-10T09:47:00
================================================================================
[2025-10-10T09:47:35.509+0000] {manager.py:879} INFO - 
================================================================================
DAG File Processing Stats

File Path                                         PID    Runtime      # DAGs    # Errors  Last Runtime    Last Run
------------------------------------------------  -----  ---------  --------  ----------  --------------  -------------------
/opt/airflow/dags/environmental_data_pipeline.py                           1           0  0.59s           2025-10-10T09:47:31
================================================================================
[2025-10-10T09:48:03.143+0000] {manager.py:879} INFO - 
================================================================================
DAG File Processing Stats

File Path                                         PID    Runtime      # DAGs    # Errors  Last Runtime    Last Run
------------------------------------------------  -----  ---------  --------  ----------  --------------  -------------------
/opt/airflow/dags/environmental_data_pipeline.py                           1           0  0.90s           2025-10-10T09:48:03
================================================================================
[2025-10-10T09:48:30.902+0000] {manager.py:879} INFO - 
================================================================================
DAG File Processing Stats

File Path                                         PID    Runtime      # DAGs    # Errors  Last Runtime    Last Run
------------------------------------------------  -----  ---------  --------  ----------  --------------  -------------------
/opt/airflow/dags/environmental_data_pipeline.py                           1           0  0.90s           2025-10-10T09:48:03
================================================================================
[2025-10-10T09:48:59.177+0000] {manager.py:879} INFO - 
================================================================================
DAG File Processing Stats

File Path                                         PID    Runtime      # DAGs    # Errors  Last Runtime    Last Run
------------------------------------------------  -----  ---------  --------  ----------  --------------  -------------------
/opt/airflow/dags/environmental_data_pipeline.py                           1           0  0.21s           2025-10-10T09:48:33
================================================================================
[2025-10-10T09:49:27.076+0000] {manager.py:879} INFO - 
================================================================================
DAG File Processing Stats

File Path                                         PID    Runtime      # DAGs    # Errors  Last Runtime    Last Run
------------------------------------------------  -----  ---------  --------  ----------  --------------  -------------------
/opt/airflow/dags/environmental_data_pipeline.py                           1           0  0.23s           2025-10-10T09:49:04
================================================================================
[2025-10-10T09:49:57.267+0000] {manager.py:879} INFO - 
================================================================================
DAG File Processing Stats

File Path                                         PID    Runtime      # DAGs    # Errors  Last Runtime    Last Run
------------------------------------------------  -----  ---------  --------  ----------  --------------  -------------------
/opt/airflow/dags/environmental_data_pipeline.py                           1           0  0.31s           2025-10-10T09:49:35
================================================================================
[2025-10-10T09:50:25.270+0000] {manager.py:879} INFO - 
================================================================================
DAG File Processing Stats

File Path                                         PID    Runtime      # DAGs    # Errors  Last Runtime    Last Run
------------------------------------------------  -----  ---------  --------  ----------  --------------  -------------------
/opt/airflow/dags/environmental_data_pipeline.py                           1           0  0.35s           2025-10-10T09:50:06
================================================================================
[2025-10-10T09:50:31.805+0000] {manager.py:738} INFO - Searching for files in /opt/airflow/dags
[2025-10-10T09:50:31.807+0000] {manager.py:741} INFO - There are 1 files in /opt/airflow/dags
[2025-10-10T09:50:52.982+0000] {manager.py:879} INFO - 
================================================================================
DAG File Processing Stats

File Path                                         PID    Runtime      # DAGs    # Errors  Last Runtime    Last Run
------------------------------------------------  -----  ---------  --------  ----------  --------------  -------------------
/opt/airflow/dags/environmental_data_pipeline.py                           1           0  0.25s           2025-10-10T09:50:37
================================================================================
[2025-10-10T09:51:20.891+0000] {manager.py:879} INFO - 
================================================================================
DAG File Processing Stats

File Path                                         PID    Runtime      # DAGs    # Errors  Last Runtime    Last Run
------------------------------------------------  -----  ---------  --------  ----------  --------------  -------------------
/opt/airflow/dags/environmental_data_pipeline.py                           1           0  0.29s           2025-10-10T09:51:07
================================================================================
[2025-10-10T09:51:48.599+0000] {manager.py:879} INFO - 
================================================================================
DAG File Processing Stats

File Path                                         PID    Runtime      # DAGs    # Errors  Last Runtime    Last Run
------------------------------------------------  -----  ---------  --------  ----------  --------------  -------------------
/opt/airflow/dags/environmental_data_pipeline.py                           1           0  0.17s           2025-10-10T09:51:38
================================================================================
[2025-10-10T09:52:16.292+0000] {manager.py:879} INFO - 
================================================================================
DAG File Processing Stats

File Path                                         PID    Runtime      # DAGs    # Errors  Last Runtime    Last Run
------------------------------------------------  -----  ---------  --------  ----------  --------------  -------------------
/opt/airflow/dags/environmental_data_pipeline.py                           1           0  0.15s           2025-10-10T09:52:09
================================================================================
[2025-10-10T09:52:44.161+0000] {manager.py:879} INFO - 
================================================================================
DAG File Processing Stats

File Path                                         PID    Runtime      # DAGs    # Errors  Last Runtime    Last Run
------------------------------------------------  -----  ---------  --------  ----------  --------------  -------------------
/opt/airflow/dags/environmental_data_pipeline.py                           1           0  0.17s           2025-10-10T09:52:40
================================================================================
[2025-10-10T09:53:11.874+0000] {manager.py:879} INFO - 
================================================================================
DAG File Processing Stats

File Path                                         PID    Runtime      # DAGs    # Errors  Last Runtime    Last Run
------------------------------------------------  -----  ---------  --------  ----------  --------------  -------------------
/opt/airflow/dags/environmental_data_pipeline.py                           1           0  0.28s           2025-10-10T09:53:11
================================================================================
[2025-10-10T09:53:39.554+0000] {manager.py:879} INFO - 
================================================================================
DAG File Processing Stats

File Path                                         PID    Runtime      # DAGs    # Errors  Last Runtime    Last Run
------------------------------------------------  -----  ---------  --------  ----------  --------------  -------------------
/opt/airflow/dags/environmental_data_pipeline.py                           1           0  0.28s           2025-10-10T09:53:11
================================================================================
[2025-10-10T09:54:07.441+0000] {manager.py:879} INFO - 
================================================================================
DAG File Processing Stats

File Path                                         PID    Runtime      # DAGs    # Errors  Last Runtime    Last Run
------------------------------------------------  -----  ---------  --------  ----------  --------------  -------------------
/opt/airflow/dags/environmental_data_pipeline.py                           1           0  0.40s           2025-10-10T09:53:41
================================================================================
[2025-10-10T09:54:35.283+0000] {manager.py:879} INFO - 
================================================================================
DAG File Processing Stats

File Path                                         PID    Runtime      # DAGs    # Errors  Last Runtime    Last Run
------------------------------------------------  -----  ---------  --------  ----------  --------------  -------------------
/opt/airflow/dags/environmental_data_pipeline.py                           1           0  0.39s           2025-10-10T09:54:12
================================================================================
[2025-10-10T09:55:03.002+0000] {manager.py:879} INFO - 
================================================================================
DAG File Processing Stats

File Path                                         PID    Runtime      # DAGs    # Errors  Last Runtime    Last Run
------------------------------------------------  -----  ---------  --------  ----------  --------------  -------------------
/opt/airflow/dags/environmental_data_pipeline.py                           1           0  0.17s           2025-10-10T09:54:43
================================================================================
[2025-10-10T09:55:30.826+0000] {manager.py:879} INFO - 
================================================================================
DAG File Processing Stats

File Path                                         PID    Runtime      # DAGs    # Errors  Last Runtime    Last Run
------------------------------------------------  -----  ---------  --------  ----------  --------------  -------------------
/opt/airflow/dags/environmental_data_pipeline.py                           1           0  0.29s           2025-10-10T09:55:14
================================================================================
[2025-10-10T09:55:31.831+0000] {manager.py:738} INFO - Searching for files in /opt/airflow/dags
[2025-10-10T09:55:31.832+0000] {manager.py:741} INFO - There are 1 files in /opt/airflow/dags
[2025-10-10T09:55:58.630+0000] {manager.py:879} INFO - 
================================================================================
DAG File Processing Stats

File Path                                         PID    Runtime      # DAGs    # Errors  Last Runtime    Last Run
------------------------------------------------  -----  ---------  --------  ----------  --------------  -------------------
/opt/airflow/dags/environmental_data_pipeline.py                           1           0  0.26s           2025-10-10T09:55:45
================================================================================
[2025-10-10T09:56:26.423+0000] {manager.py:879} INFO - 
================================================================================
DAG File Processing Stats

File Path                                         PID    Runtime      # DAGs    # Errors  Last Runtime    Last Run
------------------------------------------------  -----  ---------  --------  ----------  --------------  -------------------
/opt/airflow/dags/environmental_data_pipeline.py                           1           0  0.20s           2025-10-10T09:56:15
================================================================================
[2025-10-10T09:56:54.196+0000] {manager.py:879} INFO - 
================================================================================
DAG File Processing Stats

File Path                                         PID    Runtime      # DAGs    # Errors  Last Runtime    Last Run
------------------------------------------------  -----  ---------  --------  ----------  --------------  -------------------
/opt/airflow/dags/environmental_data_pipeline.py                           1           0  0.35s           2025-10-10T09:56:46
================================================================================
[2025-10-10T09:57:24.353+0000] {manager.py:879} INFO - 
================================================================================
DAG File Processing Stats

File Path                                         PID    Runtime      # DAGs    # Errors  Last Runtime    Last Run
------------------------------------------------  -----  ---------  --------  ----------  --------------  -------------------
/opt/airflow/dags/environmental_data_pipeline.py                           1           0  0.26s           2025-10-10T09:57:17
================================================================================
[2025-10-10T09:57:52.326+0000] {manager.py:879} INFO - 
================================================================================
DAG File Processing Stats

File Path                                         PID    Runtime      # DAGs    # Errors  Last Runtime    Last Run
------------------------------------------------  -----  ---------  --------  ----------  --------------  -------------------
/opt/airflow/dags/environmental_data_pipeline.py                           1           0  0.29s           2025-10-10T09:57:48
================================================================================
[2025-10-10T09:58:20.039+0000] {manager.py:879} INFO - 
================================================================================
DAG File Processing Stats

File Path                                         PID    Runtime      # DAGs    # Errors  Last Runtime    Last Run
------------------------------------------------  -----  ---------  --------  ----------  --------------  -------------------
/opt/airflow/dags/environmental_data_pipeline.py                           1           0  0.21s           2025-10-10T09:58:19
================================================================================
[2025-10-10T09:58:47.703+0000] {manager.py:879} INFO - 
================================================================================
DAG File Processing Stats

File Path                                         PID    Runtime      # DAGs    # Errors  Last Runtime    Last Run
------------------------------------------------  -----  ---------  --------  ----------  --------------  -------------------
/opt/airflow/dags/environmental_data_pipeline.py                           1           0  0.21s           2025-10-10T09:58:19
================================================================================
[2025-10-10T09:59:15.549+0000] {manager.py:879} INFO - 
================================================================================
DAG File Processing Stats

File Path                                         PID    Runtime      # DAGs    # Errors  Last Runtime    Last Run
------------------------------------------------  -----  ---------  --------  ----------  --------------  -------------------
/opt/airflow/dags/environmental_data_pipeline.py                           1           0  0.25s           2025-10-10T09:58:49
================================================================================
[2025-10-10T09:59:43.366+0000] {manager.py:879} INFO - 
================================================================================
DAG File Processing Stats

File Path                                         PID    Runtime      # DAGs    # Errors  Last Runtime    Last Run
------------------------------------------------  -----  ---------  --------  ----------  --------------  -------------------
/opt/airflow/dags/environmental_data_pipeline.py                           1           0  0.22s           2025-10-10T09:59:20
================================================================================
[2025-10-10T10:00:11.188+0000] {manager.py:879} INFO - 
================================================================================
DAG File Processing Stats

File Path                                         PID    Runtime      # DAGs    # Errors  Last Runtime    Last Run
------------------------------------------------  -----  ---------  --------  ----------  --------------  -------------------
/opt/airflow/dags/environmental_data_pipeline.py                           1           0  0.17s           2025-10-10T09:59:51
================================================================================
[2025-10-10T10:00:31.876+0000] {manager.py:738} INFO - Searching for files in /opt/airflow/dags
[2025-10-10T10:00:31.878+0000] {manager.py:741} INFO - There are 1 files in /opt/airflow/dags
[2025-10-10T10:00:38.922+0000] {manager.py:879} INFO - 
================================================================================
DAG File Processing Stats

File Path                                         PID    Runtime      # DAGs    # Errors  Last Runtime    Last Run
------------------------------------------------  -----  ---------  --------  ----------  --------------  -------------------
/opt/airflow/dags/environmental_data_pipeline.py                           1           0  0.40s           2025-10-10T10:00:22
================================================================================
[2025-10-10T10:01:06.616+0000] {manager.py:879} INFO - 
================================================================================
DAG File Processing Stats

File Path                                         PID    Runtime      # DAGs    # Errors  Last Runtime    Last Run
------------------------------------------------  -----  ---------  --------  ----------  --------------  -------------------
/opt/airflow/dags/environmental_data_pipeline.py                           1           0  0.20s           2025-10-10T10:00:53
================================================================================
[2025-10-10T10:01:34.543+0000] {manager.py:879} INFO - 
================================================================================
DAG File Processing Stats

File Path                                         PID    Runtime      # DAGs    # Errors  Last Runtime    Last Run
------------------------------------------------  -----  ---------  --------  ----------  --------------  -------------------
/opt/airflow/dags/environmental_data_pipeline.py                           1           0  -2.01s          2025-10-10T10:01:21
================================================================================
[2025-10-10T10:02:02.466+0000] {manager.py:879} INFO - 
================================================================================
DAG File Processing Stats

File Path                                         PID    Runtime      # DAGs    # Errors  Last Runtime    Last Run
------------------------------------------------  -----  ---------  --------  ----------  --------------  -------------------
/opt/airflow/dags/environmental_data_pipeline.py                           1           0  0.27s           2025-10-10T10:01:52
================================================================================
[2025-10-10T10:02:30.129+0000] {manager.py:879} INFO - 
================================================================================
DAG File Processing Stats

File Path                                         PID    Runtime      # DAGs    # Errors  Last Runtime    Last Run
------------------------------------------------  -----  ---------  --------  ----------  --------------  -------------------
/opt/airflow/dags/environmental_data_pipeline.py                           1           0  0.12s           2025-10-10T10:02:22
================================================================================
[2025-10-10T10:02:57.956+0000] {manager.py:879} INFO - 
================================================================================
DAG File Processing Stats

File Path                                         PID    Runtime      # DAGs    # Errors  Last Runtime    Last Run
------------------------------------------------  -----  ---------  --------  ----------  --------------  -------------------
/opt/airflow/dags/environmental_data_pipeline.py                           1           0  0.14s           2025-10-10T10:02:52
================================================================================
[2025-10-10T10:03:25.683+0000] {manager.py:879} INFO - 
================================================================================
DAG File Processing Stats

File Path                                         PID    Runtime      # DAGs    # Errors  Last Runtime    Last Run
------------------------------------------------  -----  ---------  --------  ----------  --------------  -------------------
/opt/airflow/dags/environmental_data_pipeline.py                           1           0  0.12s           2025-10-10T10:03:23
================================================================================
[2025-10-10T10:03:53.333+0000] {manager.py:879} INFO - 
================================================================================
DAG File Processing Stats

File Path                                         PID    Runtime      # DAGs    # Errors  Last Runtime    Last Run
------------------------------------------------  -----  ---------  --------  ----------  --------------  -------------------
/opt/airflow/dags/environmental_data_pipeline.py                           1           0  0.12s           2025-10-10T10:03:23
================================================================================
[2025-10-10T10:04:21.076+0000] {manager.py:879} INFO - 
================================================================================
DAG File Processing Stats

File Path                                         PID    Runtime      # DAGs    # Errors  Last Runtime    Last Run
------------------------------------------------  -----  ---------  --------  ----------  --------------  -------------------
/opt/airflow/dags/environmental_data_pipeline.py                           1           0  0.13s           2025-10-10T10:03:54
================================================================================
[2025-10-10T10:04:51.220+0000] {manager.py:879} INFO - 
================================================================================
DAG File Processing Stats

File Path                                         PID    Runtime      # DAGs    # Errors  Last Runtime    Last Run
------------------------------------------------  -----  ---------  --------  ----------  --------------  -------------------
/opt/airflow/dags/environmental_data_pipeline.py                           1           0  0.13s           2025-10-10T10:04:25
================================================================================
[2025-10-10T10:05:19.027+0000] {manager.py:879} INFO - 
================================================================================
DAG File Processing Stats

File Path                                         PID    Runtime      # DAGs    # Errors  Last Runtime    Last Run
------------------------------------------------  -----  ---------  --------  ----------  --------------  -------------------
/opt/airflow/dags/environmental_data_pipeline.py                           1           0  0.19s           2025-10-10T10:04:56
================================================================================
[2025-10-10T10:05:31.978+0000] {manager.py:738} INFO - Searching for files in /opt/airflow/dags
[2025-10-10T10:05:31.980+0000] {manager.py:741} INFO - There are 1 files in /opt/airflow/dags
[2025-10-10T10:05:46.767+0000] {manager.py:879} INFO - 
================================================================================
DAG File Processing Stats

File Path                                         PID    Runtime      # DAGs    # Errors  Last Runtime    Last Run
------------------------------------------------  -----  ---------  --------  ----------  --------------  -------------------
/opt/airflow/dags/environmental_data_pipeline.py                           1           0  0.34s           2025-10-10T10:05:26
================================================================================
[2025-10-10T10:06:14.716+0000] {manager.py:879} INFO - 
================================================================================
DAG File Processing Stats

File Path                                         PID    Runtime      # DAGs    # Errors  Last Runtime    Last Run
------------------------------------------------  -----  ---------  --------  ----------  --------------  -------------------
/opt/airflow/dags/environmental_data_pipeline.py                           1           0  0.31s           2025-10-10T10:05:57
================================================================================
[2025-10-10T10:06:42.548+0000] {manager.py:879} INFO - 
================================================================================
DAG File Processing Stats

File Path                                         PID    Runtime      # DAGs    # Errors  Last Runtime    Last Run
------------------------------------------------  -----  ---------  --------  ----------  --------------  -------------------
/opt/airflow/dags/environmental_data_pipeline.py                           1           0  0.63s           2025-10-10T10:06:29
================================================================================
[2025-10-10T10:07:10.301+0000] {manager.py:879} INFO - 
================================================================================
DAG File Processing Stats

File Path                                         PID    Runtime      # DAGs    # Errors  Last Runtime    Last Run
------------------------------------------------  -----  ---------  --------  ----------  --------------  -------------------
/opt/airflow/dags/environmental_data_pipeline.py                           1           0  0.56s           2025-10-10T10:06:59
================================================================================
[2025-10-10T10:07:38.086+0000] {manager.py:879} INFO - 
================================================================================
DAG File Processing Stats

File Path                                         PID    Runtime      # DAGs    # Errors  Last Runtime    Last Run
------------------------------------------------  -----  ---------  --------  ----------  --------------  -------------------
/opt/airflow/dags/environmental_data_pipeline.py                           1           0  0.44s           2025-10-10T10:07:30
================================================================================
[2025-10-10T10:08:06.164+0000] {manager.py:879} INFO - 
================================================================================
DAG File Processing Stats

File Path                                         PID    Runtime      # DAGs    # Errors  Last Runtime    Last Run
------------------------------------------------  -----  ---------  --------  ----------  --------------  -------------------
/opt/airflow/dags/environmental_data_pipeline.py                           1           0  0.49s           2025-10-10T10:08:01
================================================================================
[2025-10-10T10:08:34.012+0000] {manager.py:879} INFO - 
================================================================================
DAG File Processing Stats

File Path                                         PID    Runtime      # DAGs    # Errors  Last Runtime    Last Run
------------------------------------------------  -----  ---------  --------  ----------  --------------  -------------------
/opt/airflow/dags/environmental_data_pipeline.py                           1           0  0.14s           2025-10-10T10:08:32
================================================================================
[2025-10-10T10:09:01.773+0000] {manager.py:879} INFO - 
================================================================================
DAG File Processing Stats

File Path                                         PID    Runtime      # DAGs    # Errors  Last Runtime    Last Run
------------------------------------------------  -----  ---------  --------  ----------  --------------  -------------------
/opt/airflow/dags/environmental_data_pipeline.py                           1           0  0.14s           2025-10-10T10:08:32
================================================================================
[2025-10-10T10:09:29.540+0000] {manager.py:879} INFO - 
================================================================================
DAG File Processing Stats

File Path                                         PID    Runtime      # DAGs    # Errors  Last Runtime    Last Run
------------------------------------------------  -----  ---------  --------  ----------  --------------  -------------------
/opt/airflow/dags/environmental_data_pipeline.py                           1           0  0.57s           2025-10-10T10:09:03
================================================================================
[2025-10-10T10:09:57.259+0000] {manager.py:879} INFO - 
================================================================================
DAG File Processing Stats

File Path                                         PID    Runtime      # DAGs    # Errors  Last Runtime    Last Run
------------------------------------------------  -----  ---------  --------  ----------  --------------  -------------------
/opt/airflow/dags/environmental_data_pipeline.py                           1           0  0.15s           2025-10-10T10:09:33
================================================================================
[2025-10-10T10:10:25.125+0000] {manager.py:879} INFO - 
================================================================================
DAG File Processing Stats

File Path                                         PID    Runtime      # DAGs    # Errors  Last Runtime    Last Run
------------------------------------------------  -----  ---------  --------  ----------  --------------  -------------------
/opt/airflow/dags/environmental_data_pipeline.py                           1           0  0.22s           2025-10-10T10:10:04
================================================================================
[2025-10-10T10:10:32.157+0000] {manager.py:738} INFO - Searching for files in /opt/airflow/dags
[2025-10-10T10:10:32.158+0000] {manager.py:741} INFO - There are 1 files in /opt/airflow/dags
[2025-10-10T10:10:52.846+0000] {manager.py:879} INFO - 
================================================================================
DAG File Processing Stats

File Path                                         PID    Runtime      # DAGs    # Errors  Last Runtime    Last Run
------------------------------------------------  -----  ---------  --------  ----------  --------------  -------------------
/opt/airflow/dags/environmental_data_pipeline.py                           1           0  0.14s           2025-10-10T10:10:35
================================================================================
[2025-10-10T10:11:20.476+0000] {manager.py:879} INFO - 
================================================================================
DAG File Processing Stats

File Path                                         PID    Runtime      # DAGs    # Errors  Last Runtime    Last Run
------------------------------------------------  -----  ---------  --------  ----------  --------------  -------------------
/opt/airflow/dags/environmental_data_pipeline.py                           1           0  0.22s           2025-10-10T10:11:06
================================================================================
[2025-10-10T10:11:48.080+0000] {manager.py:879} INFO - 
================================================================================
DAG File Processing Stats

File Path                                         PID    Runtime      # DAGs    # Errors  Last Runtime    Last Run
------------------------------------------------  -----  ---------  --------  ----------  --------------  -------------------
/opt/airflow/dags/environmental_data_pipeline.py                           1           0  0.12s           2025-10-10T10:11:36
================================================================================
[2025-10-10T10:12:18.315+0000] {manager.py:879} INFO - 
================================================================================
DAG File Processing Stats

File Path                                         PID    Runtime      # DAGs    # Errors  Last Runtime    Last Run
------------------------------------------------  -----  ---------  --------  ----------  --------------  -------------------
/opt/airflow/dags/environmental_data_pipeline.py                           1           0  0.16s           2025-10-10T10:12:07
================================================================================
[2025-10-10T10:12:46.002+0000] {manager.py:879} INFO - 
================================================================================
DAG File Processing Stats

File Path                                         PID    Runtime      # DAGs    # Errors  Last Runtime    Last Run
------------------------------------------------  -----  ---------  --------  ----------  --------------  -------------------
/opt/airflow/dags/environmental_data_pipeline.py                           1           0  0.16s           2025-10-10T10:12:38
================================================================================
[2025-10-10T10:13:13.698+0000] {manager.py:879} INFO - 
================================================================================
DAG File Processing Stats

File Path                                         PID    Runtime      # DAGs    # Errors  Last Runtime    Last Run
------------------------------------------------  -----  ---------  --------  ----------  --------------  -------------------
/opt/airflow/dags/environmental_data_pipeline.py                           1           0  0.21s           2025-10-10T10:13:08
================================================================================
[2025-10-10T10:13:41.390+0000] {manager.py:879} INFO - 
================================================================================
DAG File Processing Stats

File Path                                         PID    Runtime      # DAGs    # Errors  Last Runtime    Last Run
------------------------------------------------  -----  ---------  --------  ----------  --------------  -------------------
/opt/airflow/dags/environmental_data_pipeline.py                           1           0  0.11s           2025-10-10T10:13:39
================================================================================
[2025-10-10T10:14:09.040+0000] {manager.py:879} INFO - 
================================================================================
DAG File Processing Stats

File Path                                         PID    Runtime      # DAGs    # Errors  Last Runtime    Last Run
------------------------------------------------  -----  ---------  --------  ----------  --------------  -------------------
/opt/airflow/dags/environmental_data_pipeline.py                           1           0  0.11s           2025-10-10T10:13:39
================================================================================
[2025-10-10T10:14:36.720+0000] {manager.py:879} INFO - 
================================================================================
DAG File Processing Stats

File Path                                         PID    Runtime      # DAGs    # Errors  Last Runtime    Last Run
------------------------------------------------  -----  ---------  --------  ----------  --------------  -------------------
/opt/airflow/dags/environmental_data_pipeline.py                           1           0  0.14s           2025-10-10T10:14:10
================================================================================
[2025-10-10T10:15:04.422+0000] {manager.py:879} INFO - 
================================================================================
DAG File Processing Stats

File Path                                         PID    Runtime      # DAGs    # Errors  Last Runtime    Last Run
------------------------------------------------  -----  ---------  --------  ----------  --------------  -------------------
/opt/airflow/dags/environmental_data_pipeline.py                           1           0  0.16s           2025-10-10T10:14:40
================================================================================
[2025-10-10T10:15:32.152+0000] {manager.py:879} INFO - 
================================================================================
DAG File Processing Stats

File Path                                         PID    Runtime      # DAGs    # Errors  Last Runtime    Last Run
------------------------------------------------  -----  ---------  --------  ----------  --------------  -------------------
/opt/airflow/dags/environmental_data_pipeline.py                           1           0  0.16s           2025-10-10T10:15:11
================================================================================
[2025-10-10T10:15:32.261+0000] {manager.py:738} INFO - Searching for files in /opt/airflow/dags
[2025-10-10T10:15:32.262+0000] {manager.py:741} INFO - There are 1 files in /opt/airflow/dags
[2025-10-10T10:15:59.941+0000] {manager.py:879} INFO - 
================================================================================
DAG File Processing Stats

File Path                                         PID    Runtime      # DAGs    # Errors  Last Runtime    Last Run
------------------------------------------------  -----  ---------  --------  ----------  --------------  -------------------
/opt/airflow/dags/environmental_data_pipeline.py                           1           0  0.14s           2025-10-10T10:15:42
================================================================================
[2025-10-10T10:16:27.575+0000] {manager.py:879} INFO - 
================================================================================
DAG File Processing Stats

File Path                                         PID    Runtime      # DAGs    # Errors  Last Runtime    Last Run
------------------------------------------------  -----  ---------  --------  ----------  --------------  -------------------
/opt/airflow/dags/environmental_data_pipeline.py                           1           0  0.17s           2025-10-10T10:16:13
================================================================================
[2025-10-10T10:16:55.245+0000] {manager.py:879} INFO - 
================================================================================
DAG File Processing Stats

File Path                                         PID    Runtime      # DAGs    # Errors  Last Runtime    Last Run
------------------------------------------------  -----  ---------  --------  ----------  --------------  -------------------
/opt/airflow/dags/environmental_data_pipeline.py                           1           0  0.13s           2025-10-10T10:16:43
================================================================================
[2025-10-10T10:17:22.911+0000] {manager.py:879} INFO - 
================================================================================
DAG File Processing Stats

File Path                                         PID    Runtime      # DAGs    # Errors  Last Runtime    Last Run
------------------------------------------------  -----  ---------  --------  ----------  --------------  -------------------
/opt/airflow/dags/environmental_data_pipeline.py                           1           0  0.13s           2025-10-10T10:17:14
================================================================================
[2025-10-10T10:17:50.650+0000] {manager.py:879} INFO - 
================================================================================
DAG File Processing Stats

File Path                                         PID    Runtime      # DAGs    # Errors  Last Runtime    Last Run
------------------------------------------------  -----  ---------  --------  ----------  --------------  -------------------
/opt/airflow/dags/environmental_data_pipeline.py                           1           0  0.14s           2025-10-10T10:17:45
================================================================================
[2025-10-10T10:18:18.350+0000] {manager.py:879} INFO - 
================================================================================
DAG File Processing Stats

File Path                                         PID    Runtime      # DAGs    # Errors  Last Runtime    Last Run
------------------------------------------------  -----  ---------  --------  ----------  --------------  -------------------
/opt/airflow/dags/environmental_data_pipeline.py                           1           0  0.15s           2025-10-10T10:18:15
================================================================================
[2025-10-10T10:18:46.064+0000] {manager.py:879} INFO - 
================================================================================
DAG File Processing Stats

File Path                                           PID  Runtime      # DAGs    # Errors  Last Runtime    Last Run
------------------------------------------------  -----  ---------  --------  ----------  --------------  -------------------
/opt/airflow/dags/environmental_data_pipeline.py   1233  0.01s             1           0  0.15s           2025-10-10T10:18:15
================================================================================
[2025-10-10T10:19:13.806+0000] {manager.py:879} INFO - 
================================================================================
DAG File Processing Stats

File Path                                         PID    Runtime      # DAGs    # Errors  Last Runtime    Last Run
------------------------------------------------  -----  ---------  --------  ----------  --------------  -------------------
/opt/airflow/dags/environmental_data_pipeline.py                           1           0  0.18s           2025-10-10T10:18:46
================================================================================
[2025-10-10T10:19:43.985+0000] {manager.py:879} INFO - 
================================================================================
DAG File Processing Stats

File Path                                         PID    Runtime      # DAGs    # Errors  Last Runtime    Last Run
------------------------------------------------  -----  ---------  --------  ----------  --------------  -------------------
/opt/airflow/dags/environmental_data_pipeline.py                           1           0  0.15s           2025-10-10T10:19:16
================================================================================
[2025-10-10T10:20:11.710+0000] {manager.py:879} INFO - 
================================================================================
DAG File Processing Stats

File Path                                         PID    Runtime      # DAGs    # Errors  Last Runtime    Last Run
------------------------------------------------  -----  ---------  --------  ----------  --------------  -------------------
/opt/airflow/dags/environmental_data_pipeline.py                           1           0  0.13s           2025-10-10T10:19:47
================================================================================
[2025-10-10T10:20:32.305+0000] {manager.py:738} INFO - Searching for files in /opt/airflow/dags
[2025-10-10T10:20:32.306+0000] {manager.py:741} INFO - There are 1 files in /opt/airflow/dags
[2025-10-10T10:20:39.344+0000] {manager.py:879} INFO - 
================================================================================
DAG File Processing Stats

File Path                                         PID    Runtime      # DAGs    # Errors  Last Runtime    Last Run
------------------------------------------------  -----  ---------  --------  ----------  --------------  -------------------
/opt/airflow/dags/environmental_data_pipeline.py                           1           0  0.12s           2025-10-10T10:20:18
================================================================================
[2025-10-10T10:21:07.142+0000] {manager.py:879} INFO - 
================================================================================
DAG File Processing Stats

File Path                                         PID    Runtime      # DAGs    # Errors  Last Runtime    Last Run
------------------------------------------------  -----  ---------  --------  ----------  --------------  -------------------
/opt/airflow/dags/environmental_data_pipeline.py                           1           0  0.18s           2025-10-10T10:20:49
================================================================================
[2025-10-10T10:21:34.880+0000] {manager.py:879} INFO - 
================================================================================
DAG File Processing Stats

File Path                                         PID    Runtime      # DAGs    # Errors  Last Runtime    Last Run
------------------------------------------------  -----  ---------  --------  ----------  --------------  -------------------
/opt/airflow/dags/environmental_data_pipeline.py                           1           0  0.41s           2025-10-10T10:21:20
================================================================================
[2025-10-10T10:22:02.838+0000] {manager.py:879} INFO - 
================================================================================
DAG File Processing Stats

File Path                                         PID    Runtime      # DAGs    # Errors  Last Runtime    Last Run
------------------------------------------------  -----  ---------  --------  ----------  --------------  -------------------
/opt/airflow/dags/environmental_data_pipeline.py                           1           0  0.43s           2025-10-10T10:21:50
================================================================================
[2025-10-10T10:22:30.635+0000] {manager.py:879} INFO - 
================================================================================
DAG File Processing Stats

File Path                                         PID    Runtime      # DAGs    # Errors  Last Runtime    Last Run
------------------------------------------------  -----  ---------  --------  ----------  --------------  -------------------
/opt/airflow/dags/environmental_data_pipeline.py                           1           0  0.26s           2025-10-10T10:22:21
================================================================================
[2025-10-10T10:22:58.437+0000] {manager.py:879} INFO - 
================================================================================
DAG File Processing Stats

File Path                                         PID    Runtime      # DAGs    # Errors  Last Runtime    Last Run
------------------------------------------------  -----  ---------  --------  ----------  --------------  -------------------
/opt/airflow/dags/environmental_data_pipeline.py                           1           0  0.15s           2025-10-10T10:22:52
================================================================================
[2025-10-10T10:23:26.070+0000] {manager.py:879} INFO - 
================================================================================
DAG File Processing Stats

File Path                                         PID    Runtime      # DAGs    # Errors  Last Runtime    Last Run
------------------------------------------------  -----  ---------  --------  ----------  --------------  -------------------
/opt/airflow/dags/environmental_data_pipeline.py                           1           0  0.22s           2025-10-10T10:23:23
================================================================================
[2025-10-10T10:23:53.732+0000] {manager.py:879} INFO - 
================================================================================
DAG File Processing Stats

File Path                                           PID  Runtime      # DAGs    # Errors  Last Runtime    Last Run
------------------------------------------------  -----  ---------  --------  ----------  --------------  -------------------
/opt/airflow/dags/environmental_data_pipeline.py   1283  0.00s             1           0  0.22s           2025-10-10T10:23:23
================================================================================
[2025-10-10T10:24:21.610+0000] {manager.py:879} INFO - 
================================================================================
DAG File Processing Stats

File Path                                         PID    Runtime      # DAGs    # Errors  Last Runtime    Last Run
------------------------------------------------  -----  ---------  --------  ----------  --------------  -------------------
/opt/airflow/dags/environmental_data_pipeline.py                           1           0  0.34s           2025-10-10T10:23:54
================================================================================
[2025-10-10T10:24:49.339+0000] {manager.py:879} INFO - 
================================================================================
DAG File Processing Stats

File Path                                         PID    Runtime      # DAGs    # Errors  Last Runtime    Last Run
------------------------------------------------  -----  ---------  --------  ----------  --------------  -------------------
/opt/airflow/dags/environmental_data_pipeline.py                           1           0  0.48s           2025-10-10T10:24:25
================================================================================
[2025-10-10T10:25:17.053+0000] {manager.py:879} INFO - 
================================================================================
DAG File Processing Stats

File Path                                         PID    Runtime      # DAGs    # Errors  Last Runtime    Last Run
------------------------------------------------  -----  ---------  --------  ----------  --------------  -------------------
/opt/airflow/dags/environmental_data_pipeline.py                           1           0  0.13s           2025-10-10T10:24:55
================================================================================
[2025-10-10T10:25:33.221+0000] {manager.py:738} INFO - Searching for files in /opt/airflow/dags
[2025-10-10T10:25:33.223+0000] {manager.py:741} INFO - There are 1 files in /opt/airflow/dags
[2025-10-10T10:25:44.832+0000] {manager.py:879} INFO - 
================================================================================
DAG File Processing Stats

File Path                                         PID    Runtime      # DAGs    # Errors  Last Runtime    Last Run
------------------------------------------------  -----  ---------  --------  ----------  --------------  -------------------
/opt/airflow/dags/environmental_data_pipeline.py                           1           0  0.13s           2025-10-10T10:25:26
================================================================================
[2025-10-10T10:26:12.474+0000] {manager.py:879} INFO - 
================================================================================
DAG File Processing Stats

File Path                                         PID    Runtime      # DAGs    # Errors  Last Runtime    Last Run
------------------------------------------------  -----  ---------  --------  ----------  --------------  -------------------
/opt/airflow/dags/environmental_data_pipeline.py                           1           0  0.17s           2025-10-10T10:25:57
================================================================================
[2025-10-10T10:26:40.150+0000] {manager.py:879} INFO - 
================================================================================
DAG File Processing Stats

File Path                                         PID    Runtime      # DAGs    # Errors  Last Runtime    Last Run
------------------------------------------------  -----  ---------  --------  ----------  --------------  -------------------
/opt/airflow/dags/environmental_data_pipeline.py                           1           0  0.14s           2025-10-10T10:26:27
================================================================================
[2025-10-10T10:27:10.401+0000] {manager.py:879} INFO - 
================================================================================
DAG File Processing Stats

File Path                                         PID    Runtime      # DAGs    # Errors  Last Runtime    Last Run
------------------------------------------------  -----  ---------  --------  ----------  --------------  -------------------
/opt/airflow/dags/environmental_data_pipeline.py                           1           0  2.14s           2025-10-10T10:27:00
================================================================================
[2025-10-10T10:27:38.064+0000] {manager.py:879} INFO - 
================================================================================
DAG File Processing Stats

File Path                                         PID    Runtime      # DAGs    # Errors  Last Runtime    Last Run
------------------------------------------------  -----  ---------  --------  ----------  --------------  -------------------
/opt/airflow/dags/environmental_data_pipeline.py                           1           0  0.16s           2025-10-10T10:27:31
================================================================================
[2025-10-10T10:28:05.932+0000] {manager.py:879} INFO - 
================================================================================
DAG File Processing Stats

File Path                                         PID    Runtime      # DAGs    # Errors  Last Runtime    Last Run
------------------------------------------------  -----  ---------  --------  ----------  --------------  -------------------
/opt/airflow/dags/environmental_data_pipeline.py                           1           0  0.19s           2025-10-10T10:28:01
================================================================================
[2025-10-10T10:28:33.566+0000] {manager.py:879} INFO - 
================================================================================
DAG File Processing Stats

File Path                                         PID    Runtime      # DAGs    # Errors  Last Runtime    Last Run
------------------------------------------------  -----  ---------  --------  ----------  --------------  -------------------
/opt/airflow/dags/environmental_data_pipeline.py                           1           0  0.18s           2025-10-10T10:28:32
================================================================================
[2025-10-10T10:29:01.292+0000] {manager.py:879} INFO - 
================================================================================
DAG File Processing Stats

File Path                                         PID    Runtime      # DAGs    # Errors  Last Runtime    Last Run
------------------------------------------------  -----  ---------  --------  ----------  --------------  -------------------
/opt/airflow/dags/environmental_data_pipeline.py                           1           0  0.18s           2025-10-10T10:28:32
================================================================================
[2025-10-10T10:29:29.096+0000] {manager.py:879} INFO - 
================================================================================
DAG File Processing Stats

File Path                                         PID    Runtime      # DAGs    # Errors  Last Runtime    Last Run
------------------------------------------------  -----  ---------  --------  ----------  --------------  -------------------
/opt/airflow/dags/environmental_data_pipeline.py                           1           0  0.26s           2025-10-10T10:29:03
================================================================================
[2025-10-10T10:29:56.823+0000] {manager.py:879} INFO - 
================================================================================
DAG File Processing Stats

File Path                                         PID    Runtime      # DAGs    # Errors  Last Runtime    Last Run
------------------------------------------------  -----  ---------  --------  ----------  --------------  -------------------
/opt/airflow/dags/environmental_data_pipeline.py                           1           0  0.22s           2025-10-10T10:29:34
================================================================================
[2025-10-10T10:30:24.571+0000] {manager.py:879} INFO - 
================================================================================
DAG File Processing Stats

File Path                                         PID    Runtime      # DAGs    # Errors  Last Runtime    Last Run
------------------------------------------------  -----  ---------  --------  ----------  --------------  -------------------
/opt/airflow/dags/environmental_data_pipeline.py                           1           0  0.15s           2025-10-10T10:30:05
================================================================================
[2025-10-10T10:30:33.618+0000] {manager.py:738} INFO - Searching for files in /opt/airflow/dags
[2025-10-10T10:30:33.622+0000] {manager.py:741} INFO - There are 1 files in /opt/airflow/dags
[2025-10-10T10:30:52.293+0000] {manager.py:879} INFO - 
================================================================================
DAG File Processing Stats

File Path                                         PID    Runtime      # DAGs    # Errors  Last Runtime    Last Run
------------------------------------------------  -----  ---------  --------  ----------  --------------  -------------------
/opt/airflow/dags/environmental_data_pipeline.py                           1           0  0.21s           2025-10-10T10:30:35
================================================================================
[2025-10-10T10:31:20.199+0000] {manager.py:879} INFO - 
================================================================================
DAG File Processing Stats

File Path                                         PID    Runtime      # DAGs    # Errors  Last Runtime    Last Run
------------------------------------------------  -----  ---------  --------  ----------  --------------  -------------------
/opt/airflow/dags/environmental_data_pipeline.py                           1           0  0.21s           2025-10-10T10:31:06
================================================================================
[2025-10-10T10:31:47.833+0000] {manager.py:879} INFO - 
================================================================================
DAG File Processing Stats

File Path                                         PID    Runtime      # DAGs    # Errors  Last Runtime    Last Run
------------------------------------------------  -----  ---------  --------  ----------  --------------  -------------------
/opt/airflow/dags/environmental_data_pipeline.py                           1           0  0.17s           2025-10-10T10:31:37
================================================================================
[2025-10-10T10:32:15.684+0000] {manager.py:879} INFO - 
================================================================================
DAG File Processing Stats

File Path                                         PID    Runtime      # DAGs    # Errors  Last Runtime    Last Run
------------------------------------------------  -----  ---------  --------  ----------  --------------  -------------------
/opt/airflow/dags/environmental_data_pipeline.py                           1           0  0.21s           2025-10-10T10:32:08
================================================================================
[2025-10-10T10:32:43.385+0000] {manager.py:879} INFO - 
================================================================================
DAG File Processing Stats

File Path                                         PID    Runtime      # DAGs    # Errors  Last Runtime    Last Run
------------------------------------------------  -----  ---------  --------  ----------  --------------  -------------------
/opt/airflow/dags/environmental_data_pipeline.py                           1           0  0.24s           2025-10-10T10:32:39
================================================================================
[2025-10-10T10:33:11.236+0000] {manager.py:879} INFO - 
================================================================================
DAG File Processing Stats

File Path                                         PID    Runtime      # DAGs    # Errors  Last Runtime    Last Run
------------------------------------------------  -----  ---------  --------  ----------  --------------  -------------------
/opt/airflow/dags/environmental_data_pipeline.py                           1           0  0.14s           2025-10-10T10:33:09
================================================================================
[2025-10-10T10:33:38.873+0000] {manager.py:879} INFO - 
================================================================================
DAG File Processing Stats

File Path                                         PID    Runtime      # DAGs    # Errors  Last Runtime    Last Run
------------------------------------------------  -----  ---------  --------  ----------  --------------  -------------------
/opt/airflow/dags/environmental_data_pipeline.py                           1           0  0.14s           2025-10-10T10:33:09
================================================================================
[2025-10-10T10:34:06.612+0000] {manager.py:879} INFO - 
================================================================================
DAG File Processing Stats

File Path                                         PID    Runtime      # DAGs    # Errors  Last Runtime    Last Run
------------------------------------------------  -----  ---------  --------  ----------  --------------  -------------------
/opt/airflow/dags/environmental_data_pipeline.py                           1           0  0.17s           2025-10-10T10:33:40
================================================================================
[2025-10-10T10:34:36.779+0000] {manager.py:879} INFO - 
================================================================================
DAG File Processing Stats

File Path                                         PID    Runtime      # DAGs    # Errors  Last Runtime    Last Run
------------------------------------------------  -----  ---------  --------  ----------  --------------  -------------------
/opt/airflow/dags/environmental_data_pipeline.py                           1           0  0.15s           2025-10-10T10:34:10
================================================================================
[2025-10-10T10:35:04.492+0000] {manager.py:879} INFO - 
================================================================================
DAG File Processing Stats

File Path                                         PID    Runtime      # DAGs    # Errors  Last Runtime    Last Run
------------------------------------------------  -----  ---------  --------  ----------  --------------  -------------------
/opt/airflow/dags/environmental_data_pipeline.py                           1           0  0.13s           2025-10-10T10:34:41
================================================================================
[2025-10-10T10:35:32.079+0000] {manager.py:879} INFO - 
================================================================================
DAG File Processing Stats

File Path                                         PID    Runtime      # DAGs    # Errors  Last Runtime    Last Run
------------------------------------------------  -----  ---------  --------  ----------  --------------  -------------------
/opt/airflow/dags/environmental_data_pipeline.py                           1           0  0.12s           2025-10-10T10:35:12
================================================================================
[2025-10-10T10:35:34.089+0000] {manager.py:738} INFO - Searching for files in /opt/airflow/dags
[2025-10-10T10:35:34.091+0000] {manager.py:741} INFO - There are 1 files in /opt/airflow/dags
[2025-10-10T10:35:59.787+0000] {manager.py:879} INFO - 
================================================================================
DAG File Processing Stats

File Path                                         PID    Runtime      # DAGs    # Errors  Last Runtime    Last Run
------------------------------------------------  -----  ---------  --------  ----------  --------------  -------------------
/opt/airflow/dags/environmental_data_pipeline.py                           1           0  0.14s           2025-10-10T10:35:42
================================================================================
[2025-10-10T10:36:27.586+0000] {manager.py:879} INFO - 
================================================================================
DAG File Processing Stats

File Path                                         PID    Runtime      # DAGs    # Errors  Last Runtime    Last Run
------------------------------------------------  -----  ---------  --------  ----------  --------------  -------------------
/opt/airflow/dags/environmental_data_pipeline.py                           1           0  0.23s           2025-10-10T10:36:13
================================================================================
[2025-10-10T10:36:55.205+0000] {manager.py:879} INFO - 
================================================================================
DAG File Processing Stats

File Path                                         PID    Runtime      # DAGs    # Errors  Last Runtime    Last Run
------------------------------------------------  -----  ---------  --------  ----------  --------------  -------------------
/opt/airflow/dags/environmental_data_pipeline.py                           1           0  0.16s           2025-10-10T10:36:44
================================================================================
[2025-10-10T10:37:22.993+0000] {manager.py:879} INFO - 
================================================================================
DAG File Processing Stats

File Path                                         PID    Runtime      # DAGs    # Errors  Last Runtime    Last Run
------------------------------------------------  -----  ---------  --------  ----------  --------------  -------------------
/opt/airflow/dags/environmental_data_pipeline.py                           1           0  0.17s           2025-10-10T10:37:15
================================================================================
[2025-10-10T10:37:50.608+0000] {manager.py:879} INFO - 
================================================================================
DAG File Processing Stats

File Path                                         PID    Runtime      # DAGs    # Errors  Last Runtime    Last Run
------------------------------------------------  -----  ---------  --------  ----------  --------------  -------------------
/opt/airflow/dags/environmental_data_pipeline.py                           1           0  0.12s           2025-10-10T10:37:45
================================================================================
[2025-10-10T10:38:18.297+0000] {manager.py:879} INFO - 
================================================================================
DAG File Processing Stats

File Path                                         PID    Runtime      # DAGs    # Errors  Last Runtime    Last Run
------------------------------------------------  -----  ---------  --------  ----------  --------------  -------------------
/opt/airflow/dags/environmental_data_pipeline.py                           1           0  0.14s           2025-10-10T10:38:16
================================================================================
[2025-10-10T10:38:45.890+0000] {manager.py:879} INFO - 
================================================================================
DAG File Processing Stats

File Path                                         PID    Runtime      # DAGs    # Errors  Last Runtime    Last Run
------------------------------------------------  -----  ---------  --------  ----------  --------------  -------------------
/opt/airflow/dags/environmental_data_pipeline.py                           1           0  0.14s           2025-10-10T10:38:16
================================================================================
[2025-10-10T10:39:13.622+0000] {manager.py:879} INFO - 
================================================================================
DAG File Processing Stats

File Path                                         PID    Runtime      # DAGs    # Errors  Last Runtime    Last Run
------------------------------------------------  -----  ---------  --------  ----------  --------------  -------------------
/opt/airflow/dags/environmental_data_pipeline.py                           1           0  0.13s           2025-10-10T10:38:47
================================================================================
[2025-10-10T10:39:41.271+0000] {manager.py:879} INFO - 
================================================================================
DAG File Processing Stats

File Path                                         PID    Runtime      # DAGs    # Errors  Last Runtime    Last Run
------------------------------------------------  -----  ---------  --------  ----------  --------------  -------------------
/opt/airflow/dags/environmental_data_pipeline.py                           1           0  0.15s           2025-10-10T10:39:17
================================================================================
[2025-10-10T10:40:09.089+0000] {manager.py:879} INFO - 
================================================================================
DAG File Processing Stats

File Path                                         PID    Runtime      # DAGs    # Errors  Last Runtime    Last Run
------------------------------------------------  -----  ---------  --------  ----------  --------------  -------------------
/opt/airflow/dags/environmental_data_pipeline.py                           1           0  0.13s           2025-10-10T10:39:48
================================================================================
[2025-10-10T10:40:34.261+0000] {manager.py:738} INFO - Searching for files in /opt/airflow/dags
[2025-10-10T10:40:34.264+0000] {manager.py:741} INFO - There are 1 files in /opt/airflow/dags
[2025-10-10T10:40:36.853+0000] {manager.py:879} INFO - 
================================================================================
DAG File Processing Stats

File Path                                         PID    Runtime      # DAGs    # Errors  Last Runtime    Last Run
------------------------------------------------  -----  ---------  --------  ----------  --------------  -------------------
/opt/airflow/dags/environmental_data_pipeline.py                           1           0  0.13s           2025-10-10T10:40:19
================================================================================
[2025-10-10T10:41:04.536+0000] {manager.py:879} INFO - 
================================================================================
DAG File Processing Stats

File Path                                         PID    Runtime      # DAGs    # Errors  Last Runtime    Last Run
------------------------------------------------  -----  ---------  --------  ----------  --------------  -------------------
/opt/airflow/dags/environmental_data_pipeline.py                           1           0  0.13s           2025-10-10T10:40:50
================================================================================
[2025-10-10T10:41:34.765+0000] {manager.py:879} INFO - 
================================================================================
DAG File Processing Stats

File Path                                         PID    Runtime      # DAGs    # Errors  Last Runtime    Last Run
------------------------------------------------  -----  ---------  --------  ----------  --------------  -------------------
/opt/airflow/dags/environmental_data_pipeline.py                           1           0  0.12s           2025-10-10T10:41:20
================================================================================
[2025-10-10T10:42:02.407+0000] {manager.py:879} INFO - 
================================================================================
DAG File Processing Stats

File Path                                         PID    Runtime      # DAGs    # Errors  Last Runtime    Last Run
------------------------------------------------  -----  ---------  --------  ----------  --------------  -------------------
/opt/airflow/dags/environmental_data_pipeline.py                           1           0  0.15s           2025-10-10T10:41:51
================================================================================
[2025-10-10T10:42:30.078+0000] {manager.py:879} INFO - 
================================================================================
DAG File Processing Stats

File Path                                         PID    Runtime      # DAGs    # Errors  Last Runtime    Last Run
------------------------------------------------  -----  ---------  --------  ----------  --------------  -------------------
/opt/airflow/dags/environmental_data_pipeline.py                           1           0  0.12s           2025-10-10T10:42:22
================================================================================
[2025-10-10T10:42:57.809+0000] {manager.py:879} INFO - 
================================================================================
DAG File Processing Stats

File Path                                         PID    Runtime      # DAGs    # Errors  Last Runtime    Last Run
------------------------------------------------  -----  ---------  --------  ----------  --------------  -------------------
/opt/airflow/dags/environmental_data_pipeline.py                           1           0  0.12s           2025-10-10T10:42:52
================================================================================
[2025-10-10T10:43:25.481+0000] {manager.py:879} INFO - 
================================================================================
DAG File Processing Stats

File Path                                         PID    Runtime      # DAGs    # Errors  Last Runtime    Last Run
------------------------------------------------  -----  ---------  --------  ----------  --------------  -------------------
/opt/airflow/dags/environmental_data_pipeline.py                           1           0  0.15s           2025-10-10T10:43:23
================================================================================
[2025-10-10T10:43:53.158+0000] {manager.py:879} INFO - 
================================================================================
DAG File Processing Stats

File Path                                         PID    Runtime      # DAGs    # Errors  Last Runtime    Last Run
------------------------------------------------  -----  ---------  --------  ----------  --------------  -------------------
/opt/airflow/dags/environmental_data_pipeline.py                           1           0  0.15s           2025-10-10T10:43:23
================================================================================
[2025-10-10T10:44:20.799+0000] {manager.py:879} INFO - 
================================================================================
DAG File Processing Stats

File Path                                         PID    Runtime      # DAGs    # Errors  Last Runtime    Last Run
------------------------------------------------  -----  ---------  --------  ----------  --------------  -------------------
/opt/airflow/dags/environmental_data_pipeline.py                           1           0  0.14s           2025-10-10T10:43:54
================================================================================
[2025-10-10T10:44:48.811+0000] {manager.py:879} INFO - 
================================================================================
DAG File Processing Stats

File Path                                         PID    Runtime      # DAGs    # Errors  Last Runtime    Last Run
------------------------------------------------  -----  ---------  --------  ----------  --------------  -------------------
/opt/airflow/dags/environmental_data_pipeline.py                           1           0  0.16s           2025-10-10T10:44:24
================================================================================
[2025-10-10T10:45:16.627+0000] {manager.py:879} INFO - 
================================================================================
DAG File Processing Stats

File Path                                         PID    Runtime      # DAGs    # Errors  Last Runtime    Last Run
------------------------------------------------  -----  ---------  --------  ----------  --------------  -------------------
/opt/airflow/dags/environmental_data_pipeline.py                           1           0  0.14s           2025-10-10T10:44:55
================================================================================
[2025-10-10T10:45:34.268+0000] {manager.py:738} INFO - Searching for files in /opt/airflow/dags
[2025-10-10T10:45:34.270+0000] {manager.py:741} INFO - There are 1 files in /opt/airflow/dags
[2025-10-10T10:45:44.327+0000] {manager.py:879} INFO - 
================================================================================
DAG File Processing Stats

File Path                                         PID    Runtime      # DAGs    # Errors  Last Runtime    Last Run
------------------------------------------------  -----  ---------  --------  ----------  --------------  -------------------
/opt/airflow/dags/environmental_data_pipeline.py                           1           0  0.15s           2025-10-10T10:45:26
================================================================================
[2025-10-10T10:46:12.141+0000] {manager.py:879} INFO - 
================================================================================
DAG File Processing Stats

File Path                                         PID    Runtime      # DAGs    # Errors  Last Runtime    Last Run
------------------------------------------------  -----  ---------  --------  ----------  --------------  -------------------
/opt/airflow/dags/environmental_data_pipeline.py                           1           0  0.17s           2025-10-10T10:45:57
================================================================================
[2025-10-10T10:46:39.936+0000] {manager.py:879} INFO - 
================================================================================
DAG File Processing Stats

File Path                                         PID    Runtime      # DAGs    # Errors  Last Runtime    Last Run
------------------------------------------------  -----  ---------  --------  ----------  --------------  -------------------
/opt/airflow/dags/environmental_data_pipeline.py                           1           0  0.22s           2025-10-10T10:46:28
================================================================================
[2025-10-10T10:47:07.751+0000] {manager.py:879} INFO - 
================================================================================
DAG File Processing Stats

File Path                                         PID    Runtime      # DAGs    # Errors  Last Runtime    Last Run
------------------------------------------------  -----  ---------  --------  ----------  --------------  -------------------
/opt/airflow/dags/environmental_data_pipeline.py                           1           0  1.69s           2025-10-10T10:47:00
================================================================================
[2025-10-10T10:47:35.420+0000] {manager.py:879} INFO - 
================================================================================
DAG File Processing Stats

File Path                                         PID    Runtime      # DAGs    # Errors  Last Runtime    Last Run
------------------------------------------------  -----  ---------  --------  ----------  --------------  -------------------
/opt/airflow/dags/environmental_data_pipeline.py                           1           0  0.32s           2025-10-10T10:47:31
================================================================================
[2025-10-10T10:48:03.379+0000] {manager.py:879} INFO - 
================================================================================
DAG File Processing Stats

File Path                                         PID    Runtime      # DAGs    # Errors  Last Runtime    Last Run
------------------------------------------------  -----  ---------  --------  ----------  --------------  -------------------
/opt/airflow/dags/environmental_data_pipeline.py                           1           0  0.50s           2025-10-10T10:48:02
================================================================================
[2025-10-10T10:48:31.296+0000] {manager.py:879} INFO - 
================================================================================
DAG File Processing Stats

File Path                                         PID    Runtime      # DAGs    # Errors  Last Runtime    Last Run
------------------------------------------------  -----  ---------  --------  ----------  --------------  -------------------
/opt/airflow/dags/environmental_data_pipeline.py                           1           0  0.50s           2025-10-10T10:48:02
================================================================================
[2025-10-10T10:49:01.592+0000] {manager.py:879} INFO - 
================================================================================
DAG File Processing Stats

File Path                                         PID    Runtime      # DAGs    # Errors  Last Runtime    Last Run
------------------------------------------------  -----  ---------  --------  ----------  --------------  -------------------
/opt/airflow/dags/environmental_data_pipeline.py                           1           0  0.23s           2025-10-10T10:48:32
================================================================================
[2025-10-10T10:49:29.326+0000] {manager.py:879} INFO - 
================================================================================
DAG File Processing Stats

File Path                                         PID    Runtime      # DAGs    # Errors  Last Runtime    Last Run
------------------------------------------------  -----  ---------  --------  ----------  --------------  -------------------
/opt/airflow/dags/environmental_data_pipeline.py                           1           0  0.15s           2025-10-10T10:49:03
================================================================================
[2025-10-10T10:49:57.132+0000] {manager.py:879} INFO - 
================================================================================
DAG File Processing Stats

File Path                                         PID    Runtime      # DAGs    # Errors  Last Runtime    Last Run
------------------------------------------------  -----  ---------  --------  ----------  --------------  -------------------
/opt/airflow/dags/environmental_data_pipeline.py                           1           0  0.12s           2025-10-10T10:49:34
================================================================================
[2025-10-10T10:50:24.919+0000] {manager.py:879} INFO - 
================================================================================
DAG File Processing Stats

File Path                                         PID    Runtime      # DAGs    # Errors  Last Runtime    Last Run
------------------------------------------------  -----  ---------  --------  ----------  --------------  -------------------
/opt/airflow/dags/environmental_data_pipeline.py                           1           0  0.11s           2025-10-10T10:50:04
================================================================================
[2025-10-10T10:50:34.523+0000] {manager.py:738} INFO - Searching for files in /opt/airflow/dags
[2025-10-10T10:50:34.524+0000] {manager.py:741} INFO - There are 1 files in /opt/airflow/dags
[2025-10-10T10:50:52.655+0000] {manager.py:879} INFO - 
================================================================================
DAG File Processing Stats

File Path                                         PID    Runtime      # DAGs    # Errors  Last Runtime    Last Run
------------------------------------------------  -----  ---------  --------  ----------  --------------  -------------------
/opt/airflow/dags/environmental_data_pipeline.py                           1           0  0.16s           2025-10-10T10:50:35
================================================================================
[2025-10-10T10:51:20.478+0000] {manager.py:879} INFO - 
================================================================================
DAG File Processing Stats

File Path                                         PID    Runtime      # DAGs    # Errors  Last Runtime    Last Run
------------------------------------------------  -----  ---------  --------  ----------  --------------  -------------------
/opt/airflow/dags/environmental_data_pipeline.py                           1           0  0.40s           2025-10-10T10:51:06
================================================================================
[2025-10-10T10:51:48.122+0000] {manager.py:879} INFO - 
================================================================================
DAG File Processing Stats

File Path                                         PID    Runtime      # DAGs    # Errors  Last Runtime    Last Run
------------------------------------------------  -----  ---------  --------  ----------  --------------  -------------------
/opt/airflow/dags/environmental_data_pipeline.py                           1           0  0.21s           2025-10-10T10:51:37
================================================================================
[2025-10-10T10:52:15.851+0000] {manager.py:879} INFO - 
================================================================================
DAG File Processing Stats

File Path                                         PID    Runtime      # DAGs    # Errors  Last Runtime    Last Run
------------------------------------------------  -----  ---------  --------  ----------  --------------  -------------------
/opt/airflow/dags/environmental_data_pipeline.py                           1           0  0.19s           2025-10-10T10:52:07
================================================================================
[2025-10-10T10:52:43.653+0000] {manager.py:879} INFO - 
================================================================================
DAG File Processing Stats

File Path                                         PID    Runtime      # DAGs    # Errors  Last Runtime    Last Run
------------------------------------------------  -----  ---------  --------  ----------  --------------  -------------------
/opt/airflow/dags/environmental_data_pipeline.py                           1           0  0.81s           2025-10-10T10:52:39
================================================================================
[2025-10-10T10:53:11.371+0000] {manager.py:879} INFO - 
================================================================================
DAG File Processing Stats

File Path                                         PID    Runtime      # DAGs    # Errors  Last Runtime    Last Run
------------------------------------------------  -----  ---------  --------  ----------  --------------  -------------------
/opt/airflow/dags/environmental_data_pipeline.py                           1           0  0.24s           2025-10-10T10:53:09
================================================================================
[2025-10-10T10:53:39.164+0000] {manager.py:879} INFO - 
================================================================================
DAG File Processing Stats

File Path                                         PID    Runtime      # DAGs    # Errors  Last Runtime    Last Run
------------------------------------------------  -----  ---------  --------  ----------  --------------  -------------------
/opt/airflow/dags/environmental_data_pipeline.py                           1           0  0.24s           2025-10-10T10:53:09
================================================================================
[2025-10-10T10:54:06.984+0000] {manager.py:879} INFO - 
================================================================================
DAG File Processing Stats

File Path                                         PID    Runtime      # DAGs    # Errors  Last Runtime    Last Run
------------------------------------------------  -----  ---------  --------  ----------  --------------  -------------------
/opt/airflow/dags/environmental_data_pipeline.py                           1           0  0.42s           2025-10-10T10:53:40
================================================================================
[2025-10-10T10:54:34.593+0000] {manager.py:879} INFO - 
================================================================================
DAG File Processing Stats

File Path                                         PID    Runtime      # DAGs    # Errors  Last Runtime    Last Run
------------------------------------------------  -----  ---------  --------  ----------  --------------  -------------------
/opt/airflow/dags/environmental_data_pipeline.py                           1           0  0.22s           2025-10-10T10:54:11
================================================================================
[2025-10-10T10:55:02.459+0000] {manager.py:879} INFO - 
================================================================================
DAG File Processing Stats

File Path                                         PID    Runtime      # DAGs    # Errors  Last Runtime    Last Run
------------------------------------------------  -----  ---------  --------  ----------  --------------  -------------------
/opt/airflow/dags/environmental_data_pipeline.py                           1           0  0.37s           2025-10-10T10:54:42
================================================================================
[2025-10-10T10:55:30.235+0000] {manager.py:879} INFO - 
================================================================================
DAG File Processing Stats

File Path                                         PID    Runtime      # DAGs    # Errors  Last Runtime    Last Run
------------------------------------------------  -----  ---------  --------  ----------  --------------  -------------------
/opt/airflow/dags/environmental_data_pipeline.py                           1           0  0.20s           2025-10-10T10:55:12
================================================================================
[2025-10-10T10:55:35.267+0000] {manager.py:738} INFO - Searching for files in /opt/airflow/dags
[2025-10-10T10:55:35.268+0000] {manager.py:741} INFO - There are 1 files in /opt/airflow/dags
[2025-10-10T10:55:57.837+0000] {manager.py:879} INFO - 
================================================================================
DAG File Processing Stats

File Path                                         PID    Runtime      # DAGs    # Errors  Last Runtime    Last Run
------------------------------------------------  -----  ---------  --------  ----------  --------------  -------------------
/opt/airflow/dags/environmental_data_pipeline.py                           1           0  0.18s           2025-10-10T10:55:43
================================================================================
[2025-10-10T10:56:28.094+0000] {manager.py:879} INFO - 
================================================================================
DAG File Processing Stats

File Path                                         PID    Runtime      # DAGs    # Errors  Last Runtime    Last Run
------------------------------------------------  -----  ---------  --------  ----------  --------------  -------------------
/opt/airflow/dags/environmental_data_pipeline.py                           1           0  0.18s           2025-10-10T10:56:14
================================================================================
[2025-10-10T10:56:55.862+0000] {manager.py:879} INFO - 
================================================================================
DAG File Processing Stats

File Path                                         PID    Runtime      # DAGs    # Errors  Last Runtime    Last Run
------------------------------------------------  -----  ---------  --------  ----------  --------------  -------------------
/opt/airflow/dags/environmental_data_pipeline.py                           1           0  0.18s           2025-10-10T10:56:44
================================================================================
[2025-10-10T10:57:23.650+0000] {manager.py:879} INFO - 
================================================================================
DAG File Processing Stats

File Path                                         PID    Runtime      # DAGs    # Errors  Last Runtime    Last Run
------------------------------------------------  -----  ---------  --------  ----------  --------------  -------------------
/opt/airflow/dags/environmental_data_pipeline.py                           1           0  0.22s           2025-10-10T10:57:15
================================================================================
[2025-10-10T10:57:51.408+0000] {manager.py:879} INFO - 
================================================================================
DAG File Processing Stats

File Path                                         PID    Runtime      # DAGs    # Errors  Last Runtime    Last Run
------------------------------------------------  -----  ---------  --------  ----------  --------------  -------------------
/opt/airflow/dags/environmental_data_pipeline.py                           1           0  0.38s           2025-10-10T10:57:46
================================================================================
[2025-10-10T10:58:19.452+0000] {manager.py:879} INFO - 
================================================================================
DAG File Processing Stats

File Path                                         PID    Runtime      # DAGs    # Errors  Last Runtime    Last Run
------------------------------------------------  -----  ---------  --------  ----------  --------------  -------------------
/opt/airflow/dags/environmental_data_pipeline.py                           1           0  1.55s           2025-10-10T10:58:18
================================================================================
[2025-10-10T10:58:47.139+0000] {manager.py:879} INFO - 
================================================================================
DAG File Processing Stats

File Path                                         PID    Runtime      # DAGs    # Errors  Last Runtime    Last Run
------------------------------------------------  -----  ---------  --------  ----------  --------------  -------------------
/opt/airflow/dags/environmental_data_pipeline.py                           1           0  1.55s           2025-10-10T10:58:18
================================================================================
[2025-10-10T10:59:14.844+0000] {manager.py:879} INFO - 
================================================================================
DAG File Processing Stats

File Path                                         PID    Runtime      # DAGs    # Errors  Last Runtime    Last Run
------------------------------------------------  -----  ---------  --------  ----------  --------------  -------------------
/opt/airflow/dags/environmental_data_pipeline.py                           1           0  0.23s           2025-10-10T10:58:49
================================================================================
[2025-10-10T10:59:42.496+0000] {manager.py:879} INFO - 
================================================================================
DAG File Processing Stats

File Path                                         PID    Runtime      # DAGs    # Errors  Last Runtime    Last Run
------------------------------------------------  -----  ---------  --------  ----------  --------------  -------------------
/opt/airflow/dags/environmental_data_pipeline.py                           1           0  0.16s           2025-10-10T10:59:20
================================================================================
[2025-10-10T11:00:10.439+0000] {manager.py:879} INFO - 
================================================================================
DAG File Processing Stats

File Path                                         PID    Runtime      # DAGs    # Errors  Last Runtime    Last Run
------------------------------------------------  -----  ---------  --------  ----------  --------------  -------------------
/opt/airflow/dags/environmental_data_pipeline.py                           1           0  0.14s           2025-10-10T10:59:50
================================================================================
[2025-10-10T11:00:35.470+0000] {manager.py:738} INFO - Searching for files in /opt/airflow/dags
[2025-10-10T11:00:35.471+0000] {manager.py:741} INFO - There are 1 files in /opt/airflow/dags
[2025-10-10T11:00:38.224+0000] {manager.py:879} INFO - 
================================================================================
DAG File Processing Stats

File Path                                         PID    Runtime      # DAGs    # Errors  Last Runtime    Last Run
------------------------------------------------  -----  ---------  --------  ----------  --------------  -------------------
/opt/airflow/dags/environmental_data_pipeline.py                           1           0  0.32s           2025-10-10T11:00:21
================================================================================
[2025-10-10T11:01:05.898+0000] {manager.py:879} INFO - 
================================================================================
DAG File Processing Stats

File Path                                         PID    Runtime      # DAGs    # Errors  Last Runtime    Last Run
------------------------------------------------  -----  ---------  --------  ----------  --------------  -------------------
/opt/airflow/dags/environmental_data_pipeline.py                           1           0  0.15s           2025-10-10T11:00:52
================================================================================
[2025-10-10T11:01:33.728+0000] {manager.py:879} INFO - 
================================================================================
DAG File Processing Stats

File Path                                         PID    Runtime      # DAGs    # Errors  Last Runtime    Last Run
------------------------------------------------  -----  ---------  --------  ----------  --------------  -------------------
/opt/airflow/dags/environmental_data_pipeline.py                           1           0  0.24s           2025-10-10T11:01:23
================================================================================
[2025-10-10T11:02:01.623+0000] {manager.py:879} INFO - 
================================================================================
DAG File Processing Stats

File Path                                         PID    Runtime      # DAGs    # Errors  Last Runtime    Last Run
------------------------------------------------  -----  ---------  --------  ----------  --------------  -------------------
/opt/airflow/dags/environmental_data_pipeline.py                           1           0  0.18s           2025-10-10T11:01:54
================================================================================
[2025-10-10T11:02:29.422+0000] {manager.py:879} INFO - 
================================================================================
DAG File Processing Stats

File Path                                         PID    Runtime      # DAGs    # Errors  Last Runtime    Last Run
------------------------------------------------  -----  ---------  --------  ----------  --------------  -------------------
/opt/airflow/dags/environmental_data_pipeline.py                           1           0  0.18s           2025-10-10T11:02:24
================================================================================
[2025-10-10T11:02:57.163+0000] {manager.py:879} INFO - 
================================================================================
DAG File Processing Stats

File Path                                         PID    Runtime      # DAGs    # Errors  Last Runtime    Last Run
------------------------------------------------  -----  ---------  --------  ----------  --------------  -------------------
/opt/airflow/dags/environmental_data_pipeline.py                           1           0  0.23s           2025-10-10T11:02:55
================================================================================
[2025-10-10T11:03:24.902+0000] {manager.py:879} INFO - 
================================================================================
DAG File Processing Stats

File Path                                         PID    Runtime      # DAGs    # Errors  Last Runtime    Last Run
------------------------------------------------  -----  ---------  --------  ----------  --------------  -------------------
/opt/airflow/dags/environmental_data_pipeline.py                           1           0  0.23s           2025-10-10T11:02:55
================================================================================
[2025-10-10T11:03:55.295+0000] {manager.py:879} INFO - 
================================================================================
DAG File Processing Stats

File Path                                         PID    Runtime      # DAGs    # Errors  Last Runtime    Last Run
------------------------------------------------  -----  ---------  --------  ----------  --------------  -------------------
/opt/airflow/dags/environmental_data_pipeline.py                           1           0  0.17s           2025-10-10T11:03:26
================================================================================
[2025-10-10T11:04:23.030+0000] {manager.py:879} INFO - 
================================================================================
DAG File Processing Stats

File Path                                         PID    Runtime      # DAGs    # Errors  Last Runtime    Last Run
------------------------------------------------  -----  ---------  --------  ----------  --------------  -------------------
/opt/airflow/dags/environmental_data_pipeline.py                           1           0  0.17s           2025-10-10T11:03:57
================================================================================
[2025-10-10T11:04:50.786+0000] {manager.py:879} INFO - 
================================================================================
DAG File Processing Stats

File Path                                         PID    Runtime      # DAGs    # Errors  Last Runtime    Last Run
------------------------------------------------  -----  ---------  --------  ----------  --------------  -------------------
/opt/airflow/dags/environmental_data_pipeline.py                           1           0  0.40s           2025-10-10T11:04:27
================================================================================
[2025-10-10T11:05:18.805+0000] {manager.py:879} INFO - 
================================================================================
DAG File Processing Stats

File Path                                         PID    Runtime      # DAGs    # Errors  Last Runtime    Last Run
------------------------------------------------  -----  ---------  --------  ----------  --------------  -------------------
/opt/airflow/dags/environmental_data_pipeline.py                           1           0  0.27s           2025-10-10T11:04:58
================================================================================
[2025-10-10T11:05:35.591+0000] {manager.py:738} INFO - Searching for files in /opt/airflow/dags
[2025-10-10T11:05:35.593+0000] {manager.py:741} INFO - There are 1 files in /opt/airflow/dags
[2025-10-10T11:05:46.508+0000] {manager.py:879} INFO - 
================================================================================
DAG File Processing Stats

File Path                                         PID    Runtime      # DAGs    # Errors  Last Runtime    Last Run
------------------------------------------------  -----  ---------  --------  ----------  --------------  -------------------
/opt/airflow/dags/environmental_data_pipeline.py                           1           0  0.18s           2025-10-10T11:05:29
================================================================================
[2025-10-10T11:06:14.394+0000] {manager.py:879} INFO - 
================================================================================
DAG File Processing Stats

File Path                                         PID    Runtime      # DAGs    # Errors  Last Runtime    Last Run
------------------------------------------------  -----  ---------  --------  ----------  --------------  -------------------
/opt/airflow/dags/environmental_data_pipeline.py                           1           0  0.13s           2025-10-10T11:06:00
================================================================================
[2025-10-10T11:06:42.094+0000] {manager.py:879} INFO - 
================================================================================
DAG File Processing Stats

File Path                                         PID    Runtime      # DAGs    # Errors  Last Runtime    Last Run
------------------------------------------------  -----  ---------  --------  ----------  --------------  -------------------
/opt/airflow/dags/environmental_data_pipeline.py                           1           0  0.37s           2025-10-10T11:06:31
================================================================================
[2025-10-10T11:07:09.814+0000] {manager.py:879} INFO - 
================================================================================
DAG File Processing Stats

File Path                                         PID    Runtime      # DAGs    # Errors  Last Runtime    Last Run
------------------------------------------------  -----  ---------  --------  ----------  --------------  -------------------
/opt/airflow/dags/environmental_data_pipeline.py                           1           0  0.27s           2025-10-10T11:07:02
================================================================================
[2025-10-10T11:07:37.528+0000] {manager.py:879} INFO - 
================================================================================
DAG File Processing Stats

File Path                                         PID    Runtime      # DAGs    # Errors  Last Runtime    Last Run
------------------------------------------------  -----  ---------  --------  ----------  --------------  -------------------
/opt/airflow/dags/environmental_data_pipeline.py                           1           0  0.16s           2025-10-10T11:07:32
================================================================================
[2025-10-10T11:08:05.404+0000] {manager.py:879} INFO - 
================================================================================
DAG File Processing Stats

File Path                                         PID    Runtime      # DAGs    # Errors  Last Runtime    Last Run
------------------------------------------------  -----  ---------  --------  ----------  --------------  -------------------
/opt/airflow/dags/environmental_data_pipeline.py                           1           0  0.31s           2025-10-10T11:08:03
================================================================================
[2025-10-10T11:08:33.046+0000] {manager.py:879} INFO - 
================================================================================
DAG File Processing Stats

File Path                                         PID    Runtime      # DAGs    # Errors  Last Runtime    Last Run
------------------------------------------------  -----  ---------  --------  ----------  --------------  -------------------
/opt/airflow/dags/environmental_data_pipeline.py                           1           0  0.31s           2025-10-10T11:08:03
================================================================================
[2025-10-10T11:09:00.958+0000] {manager.py:879} INFO - 
================================================================================
DAG File Processing Stats

File Path                                         PID    Runtime      # DAGs    # Errors  Last Runtime    Last Run
------------------------------------------------  -----  ---------  --------  ----------  --------------  -------------------
/opt/airflow/dags/environmental_data_pipeline.py                           1           0  0.21s           2025-10-10T11:08:34
================================================================================
[2025-10-10T11:09:28.710+0000] {manager.py:879} INFO - 
================================================================================
DAG File Processing Stats

File Path                                         PID    Runtime      # DAGs    # Errors  Last Runtime    Last Run
------------------------------------------------  -----  ---------  --------  ----------  --------------  -------------------
/opt/airflow/dags/environmental_data_pipeline.py                           1           0  0.13s           2025-10-10T11:09:05
================================================================================
[2025-10-10T11:09:56.440+0000] {manager.py:879} INFO - 
================================================================================
DAG File Processing Stats

File Path                                         PID    Runtime      # DAGs    # Errors  Last Runtime    Last Run
------------------------------------------------  -----  ---------  --------  ----------  --------------  -------------------
/opt/airflow/dags/environmental_data_pipeline.py                           1           0  0.16s           2025-10-10T11:09:35
================================================================================
[2025-10-10T11:10:24.226+0000] {manager.py:879} INFO - 
================================================================================
DAG File Processing Stats

File Path                                         PID    Runtime      # DAGs    # Errors  Last Runtime    Last Run
------------------------------------------------  -----  ---------  --------  ----------  --------------  -------------------
/opt/airflow/dags/environmental_data_pipeline.py                           1           0  0.21s           2025-10-10T11:10:06
================================================================================
[2025-10-10T11:10:36.287+0000] {manager.py:738} INFO - Searching for files in /opt/airflow/dags
[2025-10-10T11:10:36.289+0000] {manager.py:741} INFO - There are 1 files in /opt/airflow/dags
[2025-10-10T11:10:52.110+0000] {manager.py:879} INFO - 
================================================================================
DAG File Processing Stats

File Path                                         PID    Runtime      # DAGs    # Errors  Last Runtime    Last Run
------------------------------------------------  -----  ---------  --------  ----------  --------------  -------------------
/opt/airflow/dags/environmental_data_pipeline.py                           1           0  0.21s           2025-10-10T11:10:37
================================================================================
[2025-10-10T11:11:19.876+0000] {manager.py:879} INFO - 
================================================================================
DAG File Processing Stats

File Path                                         PID    Runtime      # DAGs    # Errors  Last Runtime    Last Run
------------------------------------------------  -----  ---------  --------  ----------  --------------  -------------------
/opt/airflow/dags/environmental_data_pipeline.py                           1           0  0.29s           2025-10-10T11:11:08
================================================================================
[2025-10-10T11:11:50.262+0000] {manager.py:879} INFO - 
================================================================================
DAG File Processing Stats

File Path                                         PID    Runtime      # DAGs    # Errors  Last Runtime    Last Run
------------------------------------------------  -----  ---------  --------  ----------  --------------  -------------------
/opt/airflow/dags/environmental_data_pipeline.py                           1           0  0.35s           2025-10-10T11:11:39
================================================================================
[2025-10-10T11:12:17.879+0000] {manager.py:879} INFO - 
================================================================================
DAG File Processing Stats

File Path                                         PID    Runtime      # DAGs    # Errors  Last Runtime    Last Run
------------------------------------------------  -----  ---------  --------  ----------  --------------  -------------------
/opt/airflow/dags/environmental_data_pipeline.py                           1           0  0.15s           2025-10-10T11:12:09
================================================================================
[2025-10-10T11:12:45.487+0000] {manager.py:879} INFO - 
================================================================================
DAG File Processing Stats

File Path                                         PID    Runtime      # DAGs    # Errors  Last Runtime    Last Run
------------------------------------------------  -----  ---------  --------  ----------  --------------  -------------------
/opt/airflow/dags/environmental_data_pipeline.py                           1           0  0.81s           2025-10-10T11:12:41
================================================================================
[2025-10-10T11:13:13.168+0000] {manager.py:879} INFO - 
================================================================================
DAG File Processing Stats

File Path                                         PID    Runtime      # DAGs    # Errors  Last Runtime    Last Run
------------------------------------------------  -----  ---------  --------  ----------  --------------  -------------------
/opt/airflow/dags/environmental_data_pipeline.py                           1           0  0.57s           2025-10-10T11:13:12
================================================================================
[2025-10-10T11:13:40.855+0000] {manager.py:879} INFO - 
================================================================================
DAG File Processing Stats

File Path                                         PID    Runtime      # DAGs    # Errors  Last Runtime    Last Run
------------------------------------------------  -----  ---------  --------  ----------  --------------  -------------------
/opt/airflow/dags/environmental_data_pipeline.py                           1           0  0.57s           2025-10-10T11:13:12
================================================================================
[2025-10-10T11:14:08.953+0000] {manager.py:879} INFO - 
================================================================================
DAG File Processing Stats

File Path                                         PID    Runtime      # DAGs    # Errors  Last Runtime    Last Run
------------------------------------------------  -----  ---------  --------  ----------  --------------  -------------------
/opt/airflow/dags/environmental_data_pipeline.py                           1           0  0.18s           2025-10-10T11:13:42
================================================================================
[2025-10-10T11:14:36.720+0000] {manager.py:879} INFO - 
================================================================================
DAG File Processing Stats

File Path                                         PID    Runtime      # DAGs    # Errors  Last Runtime    Last Run
------------------------------------------------  -----  ---------  --------  ----------  --------------  -------------------
/opt/airflow/dags/environmental_data_pipeline.py                           1           0  0.23s           2025-10-10T11:14:13
================================================================================
[2025-10-10T11:15:03.575+0000] {manager.py:451} INFO - Exiting gracefully upon receiving signal 15
[2025-10-10T11:39:15.378+0000] {manager.py:469} INFO - Processing files using up to 2 processes at a time 
[2025-10-10T11:39:15.380+0000] {manager.py:470} INFO - Process each file at most once every 30 seconds
[2025-10-10T11:39:15.381+0000] {manager.py:471} INFO - Checking for new files in /opt/airflow/dags every 300 seconds
[2025-10-10T11:39:15.382+0000] {manager.py:738} INFO - Searching for files in /opt/airflow/dags
[2025-10-10T11:39:15.390+0000] {manager.py:741} INFO - There are 1 files in /opt/airflow/dags
[2025-10-10T11:39:16.275+0000] {manager.py:879} INFO - 
================================================================================
DAG File Processing Stats

File Path                                           PID  Runtime      # DAGs    # Errors  Last Runtime    Last Run
------------------------------------------------  -----  ---------  --------  ----------  --------------  ----------
/opt/airflow/dags/environmental_data_pipeline.py    159  0.42s             0           0
================================================================================
[2025-10-10T11:39:43.939+0000] {manager.py:879} INFO - 
================================================================================
DAG File Processing Stats

File Path                                         PID    Runtime      # DAGs    # Errors  Last Runtime    Last Run
------------------------------------------------  -----  ---------  --------  ----------  --------------  -------------------
/opt/airflow/dags/environmental_data_pipeline.py                           1           0  2.68s           2025-10-10T11:39:18
================================================================================
[2025-10-10T11:40:11.850+0000] {manager.py:879} INFO - 
================================================================================
DAG File Processing Stats

File Path                                         PID    Runtime      # DAGs    # Errors  Last Runtime    Last Run
------------------------------------------------  -----  ---------  --------  ----------  --------------  -------------------
/opt/airflow/dags/environmental_data_pipeline.py                           1           0  0.70s           2025-10-10T11:39:49
================================================================================
[2025-10-10T11:40:39.476+0000] {manager.py:879} INFO - 
================================================================================
DAG File Processing Stats

File Path                                         PID    Runtime      # DAGs    # Errors  Last Runtime    Last Run
------------------------------------------------  -----  ---------  --------  ----------  --------------  -------------------
/opt/airflow/dags/environmental_data_pipeline.py                           1           0  0.32s           2025-10-10T11:40:20
================================================================================
[2025-10-10T11:41:07.194+0000] {manager.py:879} INFO - 
================================================================================
DAG File Processing Stats

File Path                                         PID    Runtime      # DAGs    # Errors  Last Runtime    Last Run
------------------------------------------------  -----  ---------  --------  ----------  --------------  -------------------
/opt/airflow/dags/environmental_data_pipeline.py                           1           0  0.13s           2025-10-10T11:40:50
================================================================================
[2025-10-10T11:41:34.960+0000] {manager.py:879} INFO - 
================================================================================
DAG File Processing Stats

File Path                                         PID    Runtime      # DAGs    # Errors  Last Runtime    Last Run
------------------------------------------------  -----  ---------  --------  ----------  --------------  -------------------
/opt/airflow/dags/environmental_data_pipeline.py                           1           0  0.16s           2025-10-10T11:41:21
================================================================================
[2025-10-10T11:42:05.225+0000] {manager.py:879} INFO - 
================================================================================
DAG File Processing Stats

File Path                                         PID    Runtime      # DAGs    # Errors  Last Runtime    Last Run
------------------------------------------------  -----  ---------  --------  ----------  --------------  -------------------
/opt/airflow/dags/environmental_data_pipeline.py                           1           0  0.20s           2025-10-10T11:41:52
================================================================================
[2025-10-10T11:42:32.983+0000] {manager.py:879} INFO - 
================================================================================
DAG File Processing Stats

File Path                                         PID    Runtime      # DAGs    # Errors  Last Runtime    Last Run
------------------------------------------------  -----  ---------  --------  ----------  --------------  -------------------
/opt/airflow/dags/environmental_data_pipeline.py                           1           0  0.34s           2025-10-10T11:42:23
================================================================================
[2025-10-10T11:43:00.895+0000] {manager.py:879} INFO - 
================================================================================
DAG File Processing Stats

File Path                                         PID    Runtime      # DAGs    # Errors  Last Runtime    Last Run
------------------------------------------------  -----  ---------  --------  ----------  --------------  -------------------
/opt/airflow/dags/environmental_data_pipeline.py                           1           0  0.41s           2025-10-10T11:42:54
================================================================================
[2025-10-10T11:43:28.833+0000] {manager.py:879} INFO - 
================================================================================
DAG File Processing Stats

File Path                                         PID    Runtime      # DAGs    # Errors  Last Runtime    Last Run
------------------------------------------------  -----  ---------  --------  ----------  --------------  -------------------
/opt/airflow/dags/environmental_data_pipeline.py                           1           0  0.27s           2025-10-10T11:43:24
================================================================================
[2025-10-10T11:43:56.553+0000] {manager.py:879} INFO - 
================================================================================
DAG File Processing Stats

File Path                                         PID    Runtime      # DAGs    # Errors  Last Runtime    Last Run
------------------------------------------------  -----  ---------  --------  ----------  --------------  -------------------
/opt/airflow/dags/environmental_data_pipeline.py                           1           0  0.25s           2025-10-10T11:43:55
================================================================================
[2025-10-10T11:44:15.393+0000] {manager.py:738} INFO - Searching for files in /opt/airflow/dags
[2025-10-10T11:44:15.395+0000] {manager.py:741} INFO - There are 1 files in /opt/airflow/dags
[2025-10-10T11:44:24.238+0000] {manager.py:879} INFO - 
================================================================================
DAG File Processing Stats

File Path                                         PID    Runtime      # DAGs    # Errors  Last Runtime    Last Run
------------------------------------------------  -----  ---------  --------  ----------  --------------  -------------------
/opt/airflow/dags/environmental_data_pipeline.py                           1           0  0.25s           2025-10-10T11:43:55
================================================================================
[2025-10-10T11:44:51.870+0000] {manager.py:879} INFO - 
================================================================================
DAG File Processing Stats

File Path                                         PID    Runtime      # DAGs    # Errors  Last Runtime    Last Run
------------------------------------------------  -----  ---------  --------  ----------  --------------  -------------------
/opt/airflow/dags/environmental_data_pipeline.py                           1           0  0.16s           2025-10-10T11:44:26
================================================================================
[2025-10-10T11:45:19.673+0000] {manager.py:879} INFO - 
================================================================================
DAG File Processing Stats

File Path                                         PID    Runtime      # DAGs    # Errors  Last Runtime    Last Run
------------------------------------------------  -----  ---------  --------  ----------  --------------  -------------------
/opt/airflow/dags/environmental_data_pipeline.py                           1           0  0.21s           2025-10-10T11:44:57
================================================================================
[2025-10-10T11:45:47.389+0000] {manager.py:879} INFO - 
================================================================================
DAG File Processing Stats

File Path                                         PID    Runtime      # DAGs    # Errors  Last Runtime    Last Run
------------------------------------------------  -----  ---------  --------  ----------  --------------  -------------------
/opt/airflow/dags/environmental_data_pipeline.py                           1           0  0.16s           2025-10-10T11:45:27
================================================================================
[2025-10-10T11:46:15.169+0000] {manager.py:879} INFO - 
================================================================================
DAG File Processing Stats

File Path                                         PID    Runtime      # DAGs    # Errors  Last Runtime    Last Run
------------------------------------------------  -----  ---------  --------  ----------  --------------  -------------------
/opt/airflow/dags/environmental_data_pipeline.py                           1           0  0.17s           2025-10-10T11:45:58
================================================================================
[2025-10-10T11:46:42.981+0000] {manager.py:879} INFO - 
================================================================================
DAG File Processing Stats

File Path                                         PID    Runtime      # DAGs    # Errors  Last Runtime    Last Run
------------------------------------------------  -----  ---------  --------  ----------  --------------  -------------------
/opt/airflow/dags/environmental_data_pipeline.py                           1           0  0.13s           2025-10-10T11:46:29
================================================================================
[2025-10-10T11:47:10.764+0000] {manager.py:879} INFO - 
================================================================================
DAG File Processing Stats

File Path                                         PID    Runtime      # DAGs    # Errors  Last Runtime    Last Run
------------------------------------------------  -----  ---------  --------  ----------  --------------  -------------------
/opt/airflow/dags/environmental_data_pipeline.py                           1           0  0.44s           2025-10-10T11:47:00
================================================================================
[2025-10-10T11:47:38.406+0000] {manager.py:879} INFO - 
================================================================================
DAG File Processing Stats

File Path                                         PID    Runtime      # DAGs    # Errors  Last Runtime    Last Run
------------------------------------------------  -----  ---------  --------  ----------  --------------  -------------------
/opt/airflow/dags/environmental_data_pipeline.py                           1           0  0.18s           2025-10-10T11:47:31
================================================================================
[2025-10-10T11:48:08.751+0000] {manager.py:879} INFO - 
================================================================================
DAG File Processing Stats

File Path                                         PID    Runtime      # DAGs    # Errors  Last Runtime    Last Run
------------------------------------------------  -----  ---------  --------  ----------  --------------  -------------------
/opt/airflow/dags/environmental_data_pipeline.py                           1           0  0.18s           2025-10-10T11:48:01
================================================================================
[2025-10-10T11:48:39.033+0000] {manager.py:879} INFO - 
================================================================================
DAG File Processing Stats

File Path                                         PID    Runtime      # DAGs    # Errors  Last Runtime    Last Run
------------------------------------------------  -----  ---------  --------  ----------  --------------  -------------------
/opt/airflow/dags/environmental_data_pipeline.py                           1           0  0.15s           2025-10-10T11:48:32
================================================================================
[2025-10-10T11:49:09.297+0000] {manager.py:879} INFO - 
================================================================================
DAG File Processing Stats

File Path                                         PID    Runtime      # DAGs    # Errors  Last Runtime    Last Run
------------------------------------------------  -----  ---------  --------  ----------  --------------  -------------------
/opt/airflow/dags/environmental_data_pipeline.py                           1           0  0.46s           2025-10-10T11:49:02
================================================================================
[2025-10-10T11:49:15.766+0000] {manager.py:738} INFO - Searching for files in /opt/airflow/dags
[2025-10-10T11:49:15.776+0000] {manager.py:741} INFO - There are 1 files in /opt/airflow/dags
[2025-10-10T11:49:37.026+0000] {manager.py:879} INFO - 
================================================================================
DAG File Processing Stats

File Path                                         PID    Runtime      # DAGs    # Errors  Last Runtime    Last Run
------------------------------------------------  -----  ---------  --------  ----------  --------------  -------------------
/opt/airflow/dags/environmental_data_pipeline.py                           1           0  0.20s           2025-10-10T11:49:33
================================================================================
[2025-10-10T11:50:07.860+0000] {manager.py:879} INFO - 
================================================================================
DAG File Processing Stats

File Path                                         PID    Runtime      # DAGs    # Errors  Last Runtime    Last Run
------------------------------------------------  -----  ---------  --------  ----------  --------------  -------------------
/opt/airflow/dags/environmental_data_pipeline.py                           1           0  0.20s           2025-10-10T11:50:04
================================================================================
[2025-10-10T11:50:36.922+0000] {manager.py:879} INFO - 
================================================================================
DAG File Processing Stats

File Path                                         PID    Runtime      # DAGs    # Errors  Last Runtime    Last Run
------------------------------------------------  -----  ---------  --------  ----------  --------------  -------------------
/opt/airflow/dags/environmental_data_pipeline.py                           1           0  0.32s           2025-10-10T11:50:35
================================================================================
[2025-10-10T11:51:07.215+0000] {manager.py:879} INFO - 
================================================================================
DAG File Processing Stats

File Path                                         PID    Runtime      # DAGs    # Errors  Last Runtime    Last Run
------------------------------------------------  -----  ---------  --------  ----------  --------------  -------------------
/opt/airflow/dags/environmental_data_pipeline.py                           1           0  0.31s           2025-10-10T11:51:05
================================================================================
[2025-10-10T11:51:37.562+0000] {manager.py:879} INFO - 
================================================================================
DAG File Processing Stats

File Path                                         PID    Runtime      # DAGs    # Errors  Last Runtime    Last Run
------------------------------------------------  -----  ---------  --------  ----------  --------------  -------------------
/opt/airflow/dags/environmental_data_pipeline.py                           1           0  0.38s           2025-10-10T11:51:35
================================================================================
[2025-10-10T11:52:06.167+0000] {manager.py:879} INFO - 
================================================================================
DAG File Processing Stats

File Path                                           PID  Runtime      # DAGs    # Errors  Last Runtime    Last Run
------------------------------------------------  -----  ---------  --------  ----------  --------------  -------------------
/opt/airflow/dags/environmental_data_pipeline.py    285  0.02s             1           0  0.38s           2025-10-10T11:51:35
================================================================================
[2025-10-10T11:52:36.584+0000] {manager.py:879} INFO - 
================================================================================
DAG File Processing Stats

File Path                                         PID    Runtime      # DAGs    # Errors  Last Runtime    Last Run
------------------------------------------------  -----  ---------  --------  ----------  --------------  -------------------
/opt/airflow/dags/environmental_data_pipeline.py                           1           0  0.68s           2025-10-10T11:52:06
================================================================================
[2025-10-10T11:53:07.183+0000] {manager.py:879} INFO - 
================================================================================
DAG File Processing Stats

File Path                                         PID    Runtime      # DAGs    # Errors  Last Runtime    Last Run
------------------------------------------------  -----  ---------  --------  ----------  --------------  -------------------
/opt/airflow/dags/environmental_data_pipeline.py                           1           0  0.34s           2025-10-10T11:52:37
================================================================================
[2025-10-10T11:53:36.061+0000] {manager.py:879} INFO - 
================================================================================
DAG File Processing Stats

File Path                                         PID    Runtime      # DAGs    # Errors  Last Runtime    Last Run
------------------------------------------------  -----  ---------  --------  ----------  --------------  -------------------
/opt/airflow/dags/environmental_data_pipeline.py                           1           0  0.31s           2025-10-10T11:53:07
================================================================================
[2025-10-10T11:54:06.686+0000] {manager.py:879} INFO - 
================================================================================
DAG File Processing Stats

File Path                                         PID    Runtime      # DAGs    # Errors  Last Runtime    Last Run
------------------------------------------------  -----  ---------  --------  ----------  --------------  -------------------
/opt/airflow/dags/environmental_data_pipeline.py                           1           0  1.70s           2025-10-10T11:53:39
================================================================================
[2025-10-10T11:54:16.085+0000] {manager.py:738} INFO - Searching for files in /opt/airflow/dags
[2025-10-10T11:54:16.087+0000] {manager.py:741} INFO - There are 1 files in /opt/airflow/dags
[2025-10-10T11:54:35.594+0000] {manager.py:879} INFO - 
================================================================================
DAG File Processing Stats

File Path                                         PID    Runtime      # DAGs    # Errors  Last Runtime    Last Run
------------------------------------------------  -----  ---------  --------  ----------  --------------  -------------------
/opt/airflow/dags/environmental_data_pipeline.py                           1           0  0.18s           2025-10-10T11:54:10
================================================================================
[2025-10-10T11:55:05.893+0000] {manager.py:879} INFO - 
================================================================================
DAG File Processing Stats

File Path                                         PID    Runtime      # DAGs    # Errors  Last Runtime    Last Run
------------------------------------------------  -----  ---------  --------  ----------  --------------  -------------------
/opt/airflow/dags/environmental_data_pipeline.py                           1           0  0.60s           2025-10-10T11:54:41
================================================================================
[2025-10-10T11:55:34.360+0000] {manager.py:879} INFO - 
================================================================================
DAG File Processing Stats

File Path                                         PID    Runtime      # DAGs    # Errors  Last Runtime    Last Run
------------------------------------------------  -----  ---------  --------  ----------  --------------  -------------------
/opt/airflow/dags/environmental_data_pipeline.py                           1           0  0.40s           2025-10-10T11:55:11
================================================================================
[2025-10-10T11:56:04.156+0000] {manager.py:879} INFO - 
================================================================================
DAG File Processing Stats

File Path                                         PID    Runtime      # DAGs    # Errors  Last Runtime    Last Run
------------------------------------------------  -----  ---------  --------  ----------  --------------  -------------------
/opt/airflow/dags/environmental_data_pipeline.py                           1           0  0.20s           2025-10-10T11:55:42
================================================================================
[2025-10-10T11:56:32.464+0000] {manager.py:879} INFO - 
================================================================================
DAG File Processing Stats

File Path                                         PID    Runtime      # DAGs    # Errors  Last Runtime    Last Run
------------------------------------------------  -----  ---------  --------  ----------  --------------  -------------------
/opt/airflow/dags/environmental_data_pipeline.py                           1           0  0.19s           2025-10-10T11:56:12
================================================================================
[2025-10-10T11:57:02.810+0000] {manager.py:879} INFO - 
================================================================================
DAG File Processing Stats

File Path                                         PID    Runtime      # DAGs    # Errors  Last Runtime    Last Run
------------------------------------------------  -----  ---------  --------  ----------  --------------  -------------------
/opt/airflow/dags/environmental_data_pipeline.py                           1           0  0.24s           2025-10-10T11:56:42
================================================================================
[2025-10-10T11:57:31.417+0000] {manager.py:879} INFO - 
================================================================================
DAG File Processing Stats

File Path                                         PID    Runtime      # DAGs    # Errors  Last Runtime    Last Run
------------------------------------------------  -----  ---------  --------  ----------  --------------  -------------------
/opt/airflow/dags/environmental_data_pipeline.py                           1           0  0.16s           2025-10-10T11:57:13
================================================================================
[2025-10-10T11:58:01.705+0000] {manager.py:879} INFO - 
================================================================================
DAG File Processing Stats

File Path                                         PID    Runtime      # DAGs    # Errors  Last Runtime    Last Run
------------------------------------------------  -----  ---------  --------  ----------  --------------  -------------------
/opt/airflow/dags/environmental_data_pipeline.py                           1           0  0.40s           2025-10-10T11:57:43
================================================================================
[2025-10-10T11:58:30.473+0000] {manager.py:879} INFO - 
================================================================================
DAG File Processing Stats

File Path                                         PID    Runtime      # DAGs    # Errors  Last Runtime    Last Run
------------------------------------------------  -----  ---------  --------  ----------  --------------  -------------------
/opt/airflow/dags/environmental_data_pipeline.py                           1           0  0.45s           2025-10-10T11:58:14
================================================================================
[2025-10-10T11:58:59.129+0000] {manager.py:879} INFO - 
================================================================================
DAG File Processing Stats

File Path                                         PID    Runtime      # DAGs    # Errors  Last Runtime    Last Run
------------------------------------------------  -----  ---------  --------  ----------  --------------  -------------------
/opt/airflow/dags/environmental_data_pipeline.py                           1           0  0.15s           2025-10-10T11:58:44
================================================================================
[2025-10-10T11:59:16.398+0000] {manager.py:738} INFO - Searching for files in /opt/airflow/dags
[2025-10-10T11:59:16.404+0000] {manager.py:741} INFO - There are 1 files in /opt/airflow/dags
[2025-10-10T11:59:29.499+0000] {manager.py:879} INFO - 
================================================================================
DAG File Processing Stats

File Path                                         PID    Runtime      # DAGs    # Errors  Last Runtime    Last Run
------------------------------------------------  -----  ---------  --------  ----------  --------------  -------------------
/opt/airflow/dags/environmental_data_pipeline.py                           1           0  0.50s           2025-10-10T11:59:15
================================================================================
[2025-10-10T11:59:57.896+0000] {manager.py:879} INFO - 
================================================================================
DAG File Processing Stats

File Path                                         PID    Runtime      # DAGs    # Errors  Last Runtime    Last Run
------------------------------------------------  -----  ---------  --------  ----------  --------------  -------------------
/opt/airflow/dags/environmental_data_pipeline.py                           1           0  0.18s           2025-10-10T11:59:45
================================================================================
[2025-10-10T12:00:27.424+0000] {manager.py:879} INFO - 
================================================================================
DAG File Processing Stats

File Path                                         PID    Runtime      # DAGs    # Errors  Last Runtime    Last Run
------------------------------------------------  -----  ---------  --------  ----------  --------------  -------------------
/opt/airflow/dags/environmental_data_pipeline.py                           1           0  0.53s           2025-10-10T12:00:16
================================================================================
[2025-10-10T12:00:56.329+0000] {manager.py:879} INFO - 
================================================================================
DAG File Processing Stats

File Path                                         PID    Runtime      # DAGs    # Errors  Last Runtime    Last Run
------------------------------------------------  -----  ---------  --------  ----------  --------------  -------------------
/opt/airflow/dags/environmental_data_pipeline.py                           1           0  0.31s           2025-10-10T12:00:47
================================================================================
[2025-10-10T12:01:24.887+0000] {manager.py:879} INFO - 
================================================================================
DAG File Processing Stats

File Path                                         PID    Runtime      # DAGs    # Errors  Last Runtime    Last Run
------------------------------------------------  -----  ---------  --------  ----------  --------------  -------------------
/opt/airflow/dags/environmental_data_pipeline.py                           1           0  0.28s           2025-10-10T12:01:17
================================================================================
[2025-10-10T12:01:55.322+0000] {manager.py:879} INFO - 
================================================================================
DAG File Processing Stats

File Path                                         PID    Runtime      # DAGs    # Errors  Last Runtime    Last Run
------------------------------------------------  -----  ---------  --------  ----------  --------------  -------------------
/opt/airflow/dags/environmental_data_pipeline.py                           1           0  0.31s           2025-10-10T12:01:48
================================================================================
[2025-10-10T12:02:23.388+0000] {manager.py:879} INFO - 
================================================================================
DAG File Processing Stats

File Path                                         PID    Runtime      # DAGs    # Errors  Last Runtime    Last Run
------------------------------------------------  -----  ---------  --------  ----------  --------------  -------------------
/opt/airflow/dags/environmental_data_pipeline.py                           1           0  0.65s           2025-10-10T12:02:19
================================================================================
[2025-10-10T12:02:52.233+0000] {manager.py:879} INFO - 
================================================================================
DAG File Processing Stats

File Path                                         PID    Runtime      # DAGs    # Errors  Last Runtime    Last Run
------------------------------------------------  -----  ---------  --------  ----------  --------------  -------------------
/opt/airflow/dags/environmental_data_pipeline.py                           1           0  0.32s           2025-10-10T12:02:50
================================================================================
[2025-10-10T12:03:20.834+0000] {manager.py:879} INFO - 
================================================================================
DAG File Processing Stats

File Path                                           PID  Runtime      # DAGs    # Errors  Last Runtime    Last Run
------------------------------------------------  -----  ---------  --------  ----------  --------------  -------------------
/opt/airflow/dags/environmental_data_pipeline.py    401  0.02s             1           0  0.32s           2025-10-10T12:02:50
================================================================================
[2025-10-10T12:03:49.729+0000] {manager.py:879} INFO - 
================================================================================
DAG File Processing Stats

File Path                                         PID    Runtime      # DAGs    # Errors  Last Runtime    Last Run
------------------------------------------------  -----  ---------  --------  ----------  --------------  -------------------
/opt/airflow/dags/environmental_data_pipeline.py                           1           0  0.47s           2025-10-10T12:03:21
================================================================================
[2025-10-10T12:04:16.519+0000] {manager.py:738} INFO - Searching for files in /opt/airflow/dags
[2025-10-10T12:04:16.521+0000] {manager.py:741} INFO - There are 1 files in /opt/airflow/dags
[2025-10-10T12:04:18.580+0000] {manager.py:879} INFO - 
================================================================================
DAG File Processing Stats

File Path                                         PID    Runtime      # DAGs    # Errors  Last Runtime    Last Run
------------------------------------------------  -----  ---------  --------  ----------  --------------  -------------------
/opt/airflow/dags/environmental_data_pipeline.py                           1           0  1.43s           2025-10-10T12:03:53
================================================================================
[2025-10-10T12:04:48.999+0000] {manager.py:879} INFO - 
================================================================================
DAG File Processing Stats

File Path                                         PID    Runtime      # DAGs    # Errors  Last Runtime    Last Run
------------------------------------------------  -----  ---------  --------  ----------  --------------  -------------------
/opt/airflow/dags/environmental_data_pipeline.py                           1           0  0.39s           2025-10-10T12:04:23
================================================================================
[2025-10-10T12:05:17.939+0000] {manager.py:879} INFO - 
================================================================================
DAG File Processing Stats

File Path                                         PID    Runtime      # DAGs    # Errors  Last Runtime    Last Run
------------------------------------------------  -----  ---------  --------  ----------  --------------  -------------------
/opt/airflow/dags/environmental_data_pipeline.py                           1           0  0.42s           2025-10-10T12:04:54
================================================================================
[2025-10-10T12:05:46.977+0000] {manager.py:879} INFO - 
================================================================================
DAG File Processing Stats

File Path                                         PID    Runtime      # DAGs    # Errors  Last Runtime    Last Run
------------------------------------------------  -----  ---------  --------  ----------  --------------  -------------------
/opt/airflow/dags/environmental_data_pipeline.py                           1           0  0.20s           2025-10-10T12:05:25
================================================================================
[2025-10-10T12:06:16.064+0000] {manager.py:879} INFO - 
================================================================================
DAG File Processing Stats

File Path                                         PID    Runtime      # DAGs    # Errors  Last Runtime    Last Run
------------------------------------------------  -----  ---------  --------  ----------  --------------  -------------------
/opt/airflow/dags/environmental_data_pipeline.py                           1           0  1.04s           2025-10-10T12:05:56
================================================================================
[2025-10-10T12:06:46.495+0000] {manager.py:879} INFO - 
================================================================================
DAG File Processing Stats

File Path                                         PID    Runtime      # DAGs    # Errors  Last Runtime    Last Run
------------------------------------------------  -----  ---------  --------  ----------  --------------  -------------------
/opt/airflow/dags/environmental_data_pipeline.py                           1           0  0.48s           2025-10-10T12:06:27
================================================================================
[2025-10-10T12:07:15.099+0000] {manager.py:879} INFO - 
================================================================================
DAG File Processing Stats

File Path                                         PID    Runtime      # DAGs    # Errors  Last Runtime    Last Run
------------------------------------------------  -----  ---------  --------  ----------  --------------  -------------------
/opt/airflow/dags/environmental_data_pipeline.py                           1           0  1.01s           2025-10-10T12:06:58
================================================================================
[2025-10-10T12:07:43.332+0000] {manager.py:879} INFO - 
================================================================================
DAG File Processing Stats

File Path                                         PID    Runtime      # DAGs    # Errors  Last Runtime    Last Run
------------------------------------------------  -----  ---------  --------  ----------  --------------  -------------------
/opt/airflow/dags/environmental_data_pipeline.py                           1           0  0.63s           2025-10-10T12:07:30
================================================================================
[2025-10-10T12:08:11.705+0000] {manager.py:879} INFO - 
================================================================================
DAG File Processing Stats

File Path                                         PID    Runtime      # DAGs    # Errors  Last Runtime    Last Run
------------------------------------------------  -----  ---------  --------  ----------  --------------  -------------------
/opt/airflow/dags/environmental_data_pipeline.py                           1           0  6.37s           2025-10-10T12:08:06
================================================================================
[2025-10-10T12:08:40.356+0000] {manager.py:879} INFO - 
================================================================================
DAG File Processing Stats

File Path                                           PID  Runtime      # DAGs    # Errors  Last Runtime    Last Run
------------------------------------------------  -----  ---------  --------  ----------  --------------  -------------------
/opt/airflow/dags/environmental_data_pipeline.py    451  3.14s             1           0  6.37s           2025-10-10T12:08:06
================================================================================
[2025-10-10T12:09:10.379+0000] {manager.py:879} INFO - 
================================================================================
DAG File Processing Stats

File Path                                         PID    Runtime      # DAGs    # Errors  Last Runtime    Last Run
------------------------------------------------  -----  ---------  --------  ----------  --------------  -------------------
/opt/airflow/dags/environmental_data_pipeline.py                           1           0  5.74s           2025-10-10T12:08:42
================================================================================
[2025-10-10T12:09:16.693+0000] {manager.py:738} INFO - Searching for files in /opt/airflow/dags
[2025-10-10T12:09:16.694+0000] {manager.py:741} INFO - There are 1 files in /opt/airflow/dags
[2025-10-10T12:09:41.052+0000] {manager.py:879} INFO - 
================================================================================
DAG File Processing Stats

File Path                                         PID    Runtime      # DAGs    # Errors  Last Runtime    Last Run
------------------------------------------------  -----  ---------  --------  ----------  --------------  -------------------
/opt/airflow/dags/environmental_data_pipeline.py                           1           0  1.42s           2025-10-10T12:09:14
================================================================================
[2025-10-10T12:10:10.483+0000] {manager.py:879} INFO - 
================================================================================
DAG File Processing Stats

File Path                                         PID    Runtime      # DAGs    # Errors  Last Runtime    Last Run
------------------------------------------------  -----  ---------  --------  ----------  --------------  -------------------
/opt/airflow/dags/environmental_data_pipeline.py                           1           0  1.39s           2025-10-10T12:09:46
================================================================================
[2025-10-10T12:10:40.816+0000] {manager.py:451} INFO - Exiting gracefully upon receiving signal 15
