[2025-10-10T06:56:10.199+0000] {processor.py:161} INFO - Started process (PID=159) to work on /opt/airflow/dags/environmental_data_pipeline.py
[2025-10-10T06:56:10.201+0000] {processor.py:830} INFO - Processing file /opt/airflow/dags/environmental_data_pipeline.py for tasks to queue
[2025-10-10T06:56:10.205+0000] {logging_mixin.py:188} INFO - [2025-10-10T06:56:10.204+0000] {dagbag.py:540} INFO - Filling up the DagBag from /opt/airflow/dags/environmental_data_pipeline.py
[2025-10-10T06:56:10.385+0000] {processor.py:840} INFO - DAG(s) 'environmental_data_pipeline' retrieved from /opt/airflow/dags/environmental_data_pipeline.py
[2025-10-10T06:56:11.200+0000] {logging_mixin.py:188} INFO - [2025-10-10T06:56:11.199+0000] {override.py:1769} INFO - Created Permission View: can edit on DAG:environmental_data_pipeline
[2025-10-10T06:56:11.229+0000] {logging_mixin.py:188} INFO - [2025-10-10T06:56:11.228+0000] {override.py:1769} INFO - Created Permission View: can delete on DAG:environmental_data_pipeline
[2025-10-10T06:56:11.247+0000] {logging_mixin.py:188} INFO - [2025-10-10T06:56:11.246+0000] {override.py:1769} INFO - Created Permission View: can read on DAG:environmental_data_pipeline
[2025-10-10T06:56:11.248+0000] {logging_mixin.py:188} INFO - [2025-10-10T06:56:11.248+0000] {dag.py:3047} INFO - Sync 1 DAGs
[2025-10-10T06:56:11.275+0000] {logging_mixin.py:188} INFO - [2025-10-10T06:56:11.275+0000] {dag.py:3069} INFO - Creating ORM DAG for environmental_data_pipeline
[2025-10-10T06:56:11.307+0000] {logging_mixin.py:188} INFO - [2025-10-10T06:56:11.306+0000] {dag.py:3834} INFO - Setting next_dagrun for environmental_data_pipeline to 2025-10-10 05:00:00+00:00, run_after=2025-10-10 06:00:00+00:00
[2025-10-10T06:56:11.362+0000] {processor.py:183} INFO - Processing /opt/airflow/dags/environmental_data_pipeline.py took 1.170 seconds
[2025-10-10T06:56:41.620+0000] {processor.py:161} INFO - Started process (PID=165) to work on /opt/airflow/dags/environmental_data_pipeline.py
[2025-10-10T06:56:41.622+0000] {processor.py:830} INFO - Processing file /opt/airflow/dags/environmental_data_pipeline.py for tasks to queue
[2025-10-10T06:56:41.623+0000] {logging_mixin.py:188} INFO - [2025-10-10T06:56:41.622+0000] {dagbag.py:540} INFO - Filling up the DagBag from /opt/airflow/dags/environmental_data_pipeline.py
[2025-10-10T06:56:41.672+0000] {processor.py:840} INFO - DAG(s) 'environmental_data_pipeline' retrieved from /opt/airflow/dags/environmental_data_pipeline.py
[2025-10-10T06:56:41.903+0000] {logging_mixin.py:188} INFO - [2025-10-10T06:56:41.902+0000] {dag.py:3047} INFO - Sync 1 DAGs
[2025-10-10T06:56:42.077+0000] {logging_mixin.py:188} INFO - [2025-10-10T06:56:42.076+0000] {dag.py:3834} INFO - Setting next_dagrun for environmental_data_pipeline to 2025-10-10 05:00:00+00:00, run_after=2025-10-10 06:00:00+00:00
[2025-10-10T06:56:42.128+0000] {processor.py:183} INFO - Processing /opt/airflow/dags/environmental_data_pipeline.py took 0.513 seconds
[2025-10-10T06:57:12.274+0000] {processor.py:161} INFO - Started process (PID=170) to work on /opt/airflow/dags/environmental_data_pipeline.py
[2025-10-10T06:57:12.276+0000] {processor.py:830} INFO - Processing file /opt/airflow/dags/environmental_data_pipeline.py for tasks to queue
[2025-10-10T06:57:12.277+0000] {logging_mixin.py:188} INFO - [2025-10-10T06:57:12.277+0000] {dagbag.py:540} INFO - Filling up the DagBag from /opt/airflow/dags/environmental_data_pipeline.py
[2025-10-10T06:57:12.305+0000] {processor.py:840} INFO - DAG(s) 'environmental_data_pipeline' retrieved from /opt/airflow/dags/environmental_data_pipeline.py
[2025-10-10T06:57:12.369+0000] {logging_mixin.py:188} INFO - [2025-10-10T06:57:12.369+0000] {dag.py:3047} INFO - Sync 1 DAGs
[2025-10-10T06:57:10.503+0000] {logging_mixin.py:188} INFO - [2025-10-10T06:57:10.503+0000] {dag.py:3834} INFO - Setting next_dagrun for environmental_data_pipeline to 2025-10-10 05:00:00+00:00, run_after=2025-10-10 06:00:00+00:00
[2025-10-10T06:57:10.569+0000] {processor.py:183} INFO - Processing /opt/airflow/dags/environmental_data_pipeline.py took 0.353 seconds
[2025-10-10T07:03:41.249+0000] {processor.py:161} INFO - Started process (PID=159) to work on /opt/airflow/dags/environmental_data_pipeline.py
[2025-10-10T07:03:41.492+0000] {processor.py:830} INFO - Processing file /opt/airflow/dags/environmental_data_pipeline.py for tasks to queue
[2025-10-10T07:03:41.495+0000] {logging_mixin.py:188} INFO - [2025-10-10T07:03:41.494+0000] {dagbag.py:540} INFO - Filling up the DagBag from /opt/airflow/dags/environmental_data_pipeline.py
[2025-10-10T07:03:41.590+0000] {processor.py:840} INFO - DAG(s) 'environmental_data_pipeline' retrieved from /opt/airflow/dags/environmental_data_pipeline.py
[2025-10-10T07:03:42.171+0000] {logging_mixin.py:188} INFO - [2025-10-10T07:03:42.170+0000] {dag.py:3047} INFO - Sync 1 DAGs
[2025-10-10T07:03:42.433+0000] {logging_mixin.py:188} INFO - [2025-10-10T07:03:42.432+0000] {dag.py:3834} INFO - Setting next_dagrun for environmental_data_pipeline to 2025-10-10 06:00:00+00:00, run_after=2025-10-10 07:00:00+00:00
[2025-10-10T07:03:42.601+0000] {processor.py:183} INFO - Processing /opt/airflow/dags/environmental_data_pipeline.py took 1.386 seconds
[2025-10-10T07:04:13.072+0000] {processor.py:161} INFO - Started process (PID=165) to work on /opt/airflow/dags/environmental_data_pipeline.py
[2025-10-10T07:04:13.095+0000] {processor.py:830} INFO - Processing file /opt/airflow/dags/environmental_data_pipeline.py for tasks to queue
[2025-10-10T07:04:13.098+0000] {logging_mixin.py:188} INFO - [2025-10-10T07:04:13.097+0000] {dagbag.py:540} INFO - Filling up the DagBag from /opt/airflow/dags/environmental_data_pipeline.py
[2025-10-10T07:04:13.277+0000] {processor.py:840} INFO - DAG(s) 'environmental_data_pipeline' retrieved from /opt/airflow/dags/environmental_data_pipeline.py
[2025-10-10T07:04:14.040+0000] {logging_mixin.py:188} INFO - [2025-10-10T07:04:14.038+0000] {dag.py:3047} INFO - Sync 1 DAGs
[2025-10-10T07:04:14.230+0000] {logging_mixin.py:188} INFO - [2025-10-10T07:04:14.229+0000] {dag.py:3834} INFO - Setting next_dagrun for environmental_data_pipeline to 2025-10-10 06:00:00+00:00, run_after=2025-10-10 07:00:00+00:00
[2025-10-10T07:04:14.351+0000] {processor.py:183} INFO - Processing /opt/airflow/dags/environmental_data_pipeline.py took 1.293 seconds
[2025-10-10T07:04:44.630+0000] {processor.py:161} INFO - Started process (PID=170) to work on /opt/airflow/dags/environmental_data_pipeline.py
[2025-10-10T07:04:44.632+0000] {processor.py:830} INFO - Processing file /opt/airflow/dags/environmental_data_pipeline.py for tasks to queue
[2025-10-10T07:04:44.633+0000] {logging_mixin.py:188} INFO - [2025-10-10T07:04:44.632+0000] {dagbag.py:540} INFO - Filling up the DagBag from /opt/airflow/dags/environmental_data_pipeline.py
[2025-10-10T07:04:44.659+0000] {processor.py:840} INFO - DAG(s) 'environmental_data_pipeline' retrieved from /opt/airflow/dags/environmental_data_pipeline.py
[2025-10-10T07:04:44.735+0000] {logging_mixin.py:188} INFO - [2025-10-10T07:04:44.734+0000] {dag.py:3047} INFO - Sync 1 DAGs
[2025-10-10T07:04:44.784+0000] {logging_mixin.py:188} INFO - [2025-10-10T07:04:44.783+0000] {dag.py:3834} INFO - Setting next_dagrun for environmental_data_pipeline to 2025-10-10 06:00:00+00:00, run_after=2025-10-10 07:00:00+00:00
[2025-10-10T07:04:44.816+0000] {processor.py:183} INFO - Processing /opt/airflow/dags/environmental_data_pipeline.py took 0.193 seconds
[2025-10-10T07:05:14.920+0000] {processor.py:161} INFO - Started process (PID=175) to work on /opt/airflow/dags/environmental_data_pipeline.py
[2025-10-10T07:05:14.924+0000] {processor.py:830} INFO - Processing file /opt/airflow/dags/environmental_data_pipeline.py for tasks to queue
[2025-10-10T07:05:14.925+0000] {logging_mixin.py:188} INFO - [2025-10-10T07:05:14.924+0000] {dagbag.py:540} INFO - Filling up the DagBag from /opt/airflow/dags/environmental_data_pipeline.py
[2025-10-10T07:05:14.938+0000] {processor.py:840} INFO - DAG(s) 'environmental_data_pipeline' retrieved from /opt/airflow/dags/environmental_data_pipeline.py
[2025-10-10T07:05:14.966+0000] {logging_mixin.py:188} INFO - [2025-10-10T07:05:14.966+0000] {dag.py:3047} INFO - Sync 1 DAGs
[2025-10-10T07:05:14.986+0000] {logging_mixin.py:188} INFO - [2025-10-10T07:05:14.985+0000] {dag.py:3834} INFO - Setting next_dagrun for environmental_data_pipeline to 2025-10-10 06:00:00+00:00, run_after=2025-10-10 07:00:00+00:00
[2025-10-10T07:05:15.005+0000] {processor.py:183} INFO - Processing /opt/airflow/dags/environmental_data_pipeline.py took 0.089 seconds
[2025-10-10T07:05:45.129+0000] {processor.py:161} INFO - Started process (PID=180) to work on /opt/airflow/dags/environmental_data_pipeline.py
[2025-10-10T07:05:45.131+0000] {processor.py:830} INFO - Processing file /opt/airflow/dags/environmental_data_pipeline.py for tasks to queue
[2025-10-10T07:05:45.133+0000] {logging_mixin.py:188} INFO - [2025-10-10T07:05:45.132+0000] {dagbag.py:540} INFO - Filling up the DagBag from /opt/airflow/dags/environmental_data_pipeline.py
[2025-10-10T07:05:45.151+0000] {processor.py:840} INFO - DAG(s) 'environmental_data_pipeline' retrieved from /opt/airflow/dags/environmental_data_pipeline.py
[2025-10-10T07:05:45.192+0000] {logging_mixin.py:188} INFO - [2025-10-10T07:05:45.192+0000] {dag.py:3047} INFO - Sync 1 DAGs
[2025-10-10T07:05:45.226+0000] {logging_mixin.py:188} INFO - [2025-10-10T07:05:45.226+0000] {dag.py:3834} INFO - Setting next_dagrun for environmental_data_pipeline to 2025-10-10 06:00:00+00:00, run_after=2025-10-10 07:00:00+00:00
[2025-10-10T07:05:45.260+0000] {processor.py:183} INFO - Processing /opt/airflow/dags/environmental_data_pipeline.py took 0.142 seconds
[2025-10-10T07:06:15.385+0000] {processor.py:161} INFO - Started process (PID=185) to work on /opt/airflow/dags/environmental_data_pipeline.py
[2025-10-10T07:06:15.388+0000] {processor.py:830} INFO - Processing file /opt/airflow/dags/environmental_data_pipeline.py for tasks to queue
[2025-10-10T07:06:15.389+0000] {logging_mixin.py:188} INFO - [2025-10-10T07:06:15.389+0000] {dagbag.py:540} INFO - Filling up the DagBag from /opt/airflow/dags/environmental_data_pipeline.py
[2025-10-10T07:06:15.406+0000] {processor.py:840} INFO - DAG(s) 'environmental_data_pipeline' retrieved from /opt/airflow/dags/environmental_data_pipeline.py
[2025-10-10T07:06:15.470+0000] {logging_mixin.py:188} INFO - [2025-10-10T07:06:15.469+0000] {dag.py:3047} INFO - Sync 1 DAGs
[2025-10-10T07:06:15.529+0000] {logging_mixin.py:188} INFO - [2025-10-10T07:06:15.528+0000] {dag.py:3834} INFO - Setting next_dagrun for environmental_data_pipeline to 2025-10-10 06:00:00+00:00, run_after=2025-10-10 07:00:00+00:00
[2025-10-10T07:06:15.584+0000] {processor.py:183} INFO - Processing /opt/airflow/dags/environmental_data_pipeline.py took 0.204 seconds
[2025-10-10T07:06:45.735+0000] {processor.py:161} INFO - Started process (PID=190) to work on /opt/airflow/dags/environmental_data_pipeline.py
[2025-10-10T07:06:45.738+0000] {processor.py:830} INFO - Processing file /opt/airflow/dags/environmental_data_pipeline.py for tasks to queue
[2025-10-10T07:06:45.744+0000] {logging_mixin.py:188} INFO - [2025-10-10T07:06:45.741+0000] {dagbag.py:540} INFO - Filling up the DagBag from /opt/airflow/dags/environmental_data_pipeline.py
[2025-10-10T07:06:45.765+0000] {processor.py:840} INFO - DAG(s) 'environmental_data_pipeline' retrieved from /opt/airflow/dags/environmental_data_pipeline.py
[2025-10-10T07:06:45.814+0000] {logging_mixin.py:188} INFO - [2025-10-10T07:06:45.814+0000] {dag.py:3047} INFO - Sync 1 DAGs
[2025-10-10T07:06:43.942+0000] {logging_mixin.py:188} INFO - [2025-10-10T07:06:43.942+0000] {dag.py:3834} INFO - Setting next_dagrun for environmental_data_pipeline to 2025-10-10 06:00:00+00:00, run_after=2025-10-10 07:00:00+00:00
[2025-10-10T07:06:43.987+0000] {processor.py:183} INFO - Processing /opt/airflow/dags/environmental_data_pipeline.py took 0.316 seconds
[2025-10-10T07:07:14.305+0000] {processor.py:161} INFO - Started process (PID=195) to work on /opt/airflow/dags/environmental_data_pipeline.py
[2025-10-10T07:07:14.313+0000] {processor.py:830} INFO - Processing file /opt/airflow/dags/environmental_data_pipeline.py for tasks to queue
[2025-10-10T07:07:14.315+0000] {logging_mixin.py:188} INFO - [2025-10-10T07:07:14.314+0000] {dagbag.py:540} INFO - Filling up the DagBag from /opt/airflow/dags/environmental_data_pipeline.py
[2025-10-10T07:07:14.336+0000] {processor.py:840} INFO - DAG(s) 'environmental_data_pipeline' retrieved from /opt/airflow/dags/environmental_data_pipeline.py
[2025-10-10T07:07:14.385+0000] {logging_mixin.py:188} INFO - [2025-10-10T07:07:14.385+0000] {dag.py:3047} INFO - Sync 1 DAGs
[2025-10-10T07:07:14.429+0000] {logging_mixin.py:188} INFO - [2025-10-10T07:07:14.429+0000] {dag.py:3834} INFO - Setting next_dagrun for environmental_data_pipeline to 2025-10-10 06:00:00+00:00, run_after=2025-10-10 07:00:00+00:00
[2025-10-10T07:07:14.458+0000] {processor.py:183} INFO - Processing /opt/airflow/dags/environmental_data_pipeline.py took 0.162 seconds
[2025-10-10T07:07:44.506+0000] {processor.py:161} INFO - Started process (PID=200) to work on /opt/airflow/dags/environmental_data_pipeline.py
[2025-10-10T07:07:44.508+0000] {processor.py:830} INFO - Processing file /opt/airflow/dags/environmental_data_pipeline.py for tasks to queue
[2025-10-10T07:07:44.510+0000] {logging_mixin.py:188} INFO - [2025-10-10T07:07:44.509+0000] {dagbag.py:540} INFO - Filling up the DagBag from /opt/airflow/dags/environmental_data_pipeline.py
[2025-10-10T07:07:44.524+0000] {processor.py:840} INFO - DAG(s) 'environmental_data_pipeline' retrieved from /opt/airflow/dags/environmental_data_pipeline.py
[2025-10-10T07:07:44.572+0000] {logging_mixin.py:188} INFO - [2025-10-10T07:07:44.571+0000] {dag.py:3047} INFO - Sync 1 DAGs
[2025-10-10T07:07:44.755+0000] {logging_mixin.py:188} INFO - [2025-10-10T07:07:44.754+0000] {dag.py:3834} INFO - Setting next_dagrun for environmental_data_pipeline to 2025-10-10 06:00:00+00:00, run_after=2025-10-10 07:00:00+00:00
[2025-10-10T07:07:44.780+0000] {processor.py:183} INFO - Processing /opt/airflow/dags/environmental_data_pipeline.py took 0.283 seconds
[2025-10-10T07:08:14.884+0000] {processor.py:161} INFO - Started process (PID=205) to work on /opt/airflow/dags/environmental_data_pipeline.py
[2025-10-10T07:08:14.888+0000] {processor.py:830} INFO - Processing file /opt/airflow/dags/environmental_data_pipeline.py for tasks to queue
[2025-10-10T07:08:14.889+0000] {logging_mixin.py:188} INFO - [2025-10-10T07:08:14.889+0000] {dagbag.py:540} INFO - Filling up the DagBag from /opt/airflow/dags/environmental_data_pipeline.py
[2025-10-10T07:08:14.908+0000] {processor.py:840} INFO - DAG(s) 'environmental_data_pipeline' retrieved from /opt/airflow/dags/environmental_data_pipeline.py
[2025-10-10T07:08:14.961+0000] {logging_mixin.py:188} INFO - [2025-10-10T07:08:14.961+0000] {dag.py:3047} INFO - Sync 1 DAGs
[2025-10-10T07:08:14.999+0000] {logging_mixin.py:188} INFO - [2025-10-10T07:08:14.999+0000] {dag.py:3834} INFO - Setting next_dagrun for environmental_data_pipeline to 2025-10-10 06:00:00+00:00, run_after=2025-10-10 07:00:00+00:00
[2025-10-10T07:08:15.035+0000] {processor.py:183} INFO - Processing /opt/airflow/dags/environmental_data_pipeline.py took 0.155 seconds
[2025-10-10T07:08:45.164+0000] {processor.py:161} INFO - Started process (PID=210) to work on /opt/airflow/dags/environmental_data_pipeline.py
[2025-10-10T07:08:45.166+0000] {processor.py:830} INFO - Processing file /opt/airflow/dags/environmental_data_pipeline.py for tasks to queue
[2025-10-10T07:08:45.168+0000] {logging_mixin.py:188} INFO - [2025-10-10T07:08:45.167+0000] {dagbag.py:540} INFO - Filling up the DagBag from /opt/airflow/dags/environmental_data_pipeline.py
[2025-10-10T07:08:45.197+0000] {processor.py:840} INFO - DAG(s) 'environmental_data_pipeline' retrieved from /opt/airflow/dags/environmental_data_pipeline.py
[2025-10-10T07:08:45.392+0000] {logging_mixin.py:188} INFO - [2025-10-10T07:08:45.392+0000] {dag.py:3047} INFO - Sync 1 DAGs
[2025-10-10T07:08:45.464+0000] {logging_mixin.py:188} INFO - [2025-10-10T07:08:45.464+0000] {dag.py:3834} INFO - Setting next_dagrun for environmental_data_pipeline to 2025-10-10 06:00:00+00:00, run_after=2025-10-10 07:00:00+00:00
[2025-10-10T07:08:45.508+0000] {processor.py:183} INFO - Processing /opt/airflow/dags/environmental_data_pipeline.py took 0.355 seconds
[2025-10-10T07:09:15.651+0000] {processor.py:161} INFO - Started process (PID=215) to work on /opt/airflow/dags/environmental_data_pipeline.py
[2025-10-10T07:09:15.652+0000] {processor.py:830} INFO - Processing file /opt/airflow/dags/environmental_data_pipeline.py for tasks to queue
[2025-10-10T07:09:15.654+0000] {logging_mixin.py:188} INFO - [2025-10-10T07:09:15.653+0000] {dagbag.py:540} INFO - Filling up the DagBag from /opt/airflow/dags/environmental_data_pipeline.py
[2025-10-10T07:09:15.672+0000] {processor.py:840} INFO - DAG(s) 'environmental_data_pipeline' retrieved from /opt/airflow/dags/environmental_data_pipeline.py
[2025-10-10T07:09:15.716+0000] {logging_mixin.py:188} INFO - [2025-10-10T07:09:15.716+0000] {dag.py:3047} INFO - Sync 1 DAGs
[2025-10-10T07:09:15.752+0000] {logging_mixin.py:188} INFO - [2025-10-10T07:09:15.751+0000] {dag.py:3834} INFO - Setting next_dagrun for environmental_data_pipeline to 2025-10-10 06:00:00+00:00, run_after=2025-10-10 07:00:00+00:00
[2025-10-10T07:09:15.794+0000] {processor.py:183} INFO - Processing /opt/airflow/dags/environmental_data_pipeline.py took 0.149 seconds
[2025-10-10T07:09:45.869+0000] {processor.py:161} INFO - Started process (PID=220) to work on /opt/airflow/dags/environmental_data_pipeline.py
[2025-10-10T07:09:45.872+0000] {processor.py:830} INFO - Processing file /opt/airflow/dags/environmental_data_pipeline.py for tasks to queue
[2025-10-10T07:09:45.873+0000] {logging_mixin.py:188} INFO - [2025-10-10T07:09:45.872+0000] {dagbag.py:540} INFO - Filling up the DagBag from /opt/airflow/dags/environmental_data_pipeline.py
[2025-10-10T07:09:45.884+0000] {processor.py:840} INFO - DAG(s) 'environmental_data_pipeline' retrieved from /opt/airflow/dags/environmental_data_pipeline.py
[2025-10-10T07:09:45.911+0000] {logging_mixin.py:188} INFO - [2025-10-10T07:09:45.910+0000] {dag.py:3047} INFO - Sync 1 DAGs
[2025-10-10T07:09:45.931+0000] {logging_mixin.py:188} INFO - [2025-10-10T07:09:45.931+0000] {dag.py:3834} INFO - Setting next_dagrun for environmental_data_pipeline to 2025-10-10 06:00:00+00:00, run_after=2025-10-10 07:00:00+00:00
[2025-10-10T07:09:45.954+0000] {processor.py:183} INFO - Processing /opt/airflow/dags/environmental_data_pipeline.py took 0.089 seconds
[2025-10-10T07:10:16.907+0000] {processor.py:161} INFO - Started process (PID=228) to work on /opt/airflow/dags/environmental_data_pipeline.py
[2025-10-10T07:10:16.913+0000] {processor.py:830} INFO - Processing file /opt/airflow/dags/environmental_data_pipeline.py for tasks to queue
[2025-10-10T07:10:16.914+0000] {logging_mixin.py:188} INFO - [2025-10-10T07:10:16.913+0000] {dagbag.py:540} INFO - Filling up the DagBag from /opt/airflow/dags/environmental_data_pipeline.py
[2025-10-10T07:10:14.845+0000] {processor.py:840} INFO - DAG(s) 'environmental_data_pipeline' retrieved from /opt/airflow/dags/environmental_data_pipeline.py
[2025-10-10T07:10:14.899+0000] {logging_mixin.py:188} INFO - [2025-10-10T07:10:14.898+0000] {dag.py:3047} INFO - Sync 1 DAGs
[2025-10-10T07:10:14.988+0000] {logging_mixin.py:188} INFO - [2025-10-10T07:10:14.987+0000] {dag.py:3834} INFO - Setting next_dagrun for environmental_data_pipeline to 2025-10-10 07:00:00+00:00, run_after=2025-10-10 08:00:00+00:00
[2025-10-10T07:10:15.024+0000] {processor.py:183} INFO - Processing /opt/airflow/dags/environmental_data_pipeline.py took 0.217 seconds
[2025-10-10T07:10:45.172+0000] {processor.py:161} INFO - Started process (PID=233) to work on /opt/airflow/dags/environmental_data_pipeline.py
[2025-10-10T07:10:45.176+0000] {processor.py:830} INFO - Processing file /opt/airflow/dags/environmental_data_pipeline.py for tasks to queue
[2025-10-10T07:10:45.177+0000] {logging_mixin.py:188} INFO - [2025-10-10T07:10:45.177+0000] {dagbag.py:540} INFO - Filling up the DagBag from /opt/airflow/dags/environmental_data_pipeline.py
[2025-10-10T07:10:45.188+0000] {processor.py:840} INFO - DAG(s) 'environmental_data_pipeline' retrieved from /opt/airflow/dags/environmental_data_pipeline.py
[2025-10-10T07:10:45.217+0000] {logging_mixin.py:188} INFO - [2025-10-10T07:10:45.217+0000] {dag.py:3047} INFO - Sync 1 DAGs
[2025-10-10T07:10:45.236+0000] {logging_mixin.py:188} INFO - [2025-10-10T07:10:45.236+0000] {dag.py:3834} INFO - Setting next_dagrun for environmental_data_pipeline to 2025-10-10 07:00:00+00:00, run_after=2025-10-10 08:00:00+00:00
[2025-10-10T07:10:45.261+0000] {processor.py:183} INFO - Processing /opt/airflow/dags/environmental_data_pipeline.py took 0.093 seconds
[2025-10-10T07:11:15.319+0000] {processor.py:161} INFO - Started process (PID=238) to work on /opt/airflow/dags/environmental_data_pipeline.py
[2025-10-10T07:11:15.320+0000] {processor.py:830} INFO - Processing file /opt/airflow/dags/environmental_data_pipeline.py for tasks to queue
[2025-10-10T07:11:15.322+0000] {logging_mixin.py:188} INFO - [2025-10-10T07:11:15.321+0000] {dagbag.py:540} INFO - Filling up the DagBag from /opt/airflow/dags/environmental_data_pipeline.py
[2025-10-10T07:11:15.336+0000] {processor.py:840} INFO - DAG(s) 'environmental_data_pipeline' retrieved from /opt/airflow/dags/environmental_data_pipeline.py
[2025-10-10T07:11:15.375+0000] {logging_mixin.py:188} INFO - [2025-10-10T07:11:15.375+0000] {dag.py:3047} INFO - Sync 1 DAGs
[2025-10-10T07:11:15.409+0000] {logging_mixin.py:188} INFO - [2025-10-10T07:11:15.408+0000] {dag.py:3834} INFO - Setting next_dagrun for environmental_data_pipeline to 2025-10-10 07:00:00+00:00, run_after=2025-10-10 08:00:00+00:00
[2025-10-10T07:11:15.438+0000] {processor.py:183} INFO - Processing /opt/airflow/dags/environmental_data_pipeline.py took 0.124 seconds
[2025-10-10T07:11:46.308+0000] {processor.py:161} INFO - Started process (PID=243) to work on /opt/airflow/dags/environmental_data_pipeline.py
[2025-10-10T07:11:46.310+0000] {processor.py:830} INFO - Processing file /opt/airflow/dags/environmental_data_pipeline.py for tasks to queue
[2025-10-10T07:11:46.311+0000] {logging_mixin.py:188} INFO - [2025-10-10T07:11:46.311+0000] {dagbag.py:540} INFO - Filling up the DagBag from /opt/airflow/dags/environmental_data_pipeline.py
[2025-10-10T07:11:46.325+0000] {processor.py:840} INFO - DAG(s) 'environmental_data_pipeline' retrieved from /opt/airflow/dags/environmental_data_pipeline.py
[2025-10-10T07:11:46.358+0000] {logging_mixin.py:188} INFO - [2025-10-10T07:11:46.357+0000] {dag.py:3047} INFO - Sync 1 DAGs
[2025-10-10T07:11:46.389+0000] {logging_mixin.py:188} INFO - [2025-10-10T07:11:46.388+0000] {dag.py:3834} INFO - Setting next_dagrun for environmental_data_pipeline to 2025-10-10 07:00:00+00:00, run_after=2025-10-10 08:00:00+00:00
[2025-10-10T07:11:46.418+0000] {processor.py:183} INFO - Processing /opt/airflow/dags/environmental_data_pipeline.py took 0.114 seconds
[2025-10-10T07:12:15.374+0000] {processor.py:161} INFO - Started process (PID=248) to work on /opt/airflow/dags/environmental_data_pipeline.py
[2025-10-10T07:12:15.375+0000] {processor.py:830} INFO - Processing file /opt/airflow/dags/environmental_data_pipeline.py for tasks to queue
[2025-10-10T07:12:15.376+0000] {logging_mixin.py:188} INFO - [2025-10-10T07:12:15.376+0000] {dagbag.py:540} INFO - Filling up the DagBag from /opt/airflow/dags/environmental_data_pipeline.py
[2025-10-10T07:12:15.394+0000] {processor.py:840} INFO - DAG(s) 'environmental_data_pipeline' retrieved from /opt/airflow/dags/environmental_data_pipeline.py
[2025-10-10T07:12:15.434+0000] {logging_mixin.py:188} INFO - [2025-10-10T07:12:15.434+0000] {dag.py:3047} INFO - Sync 1 DAGs
[2025-10-10T07:12:15.473+0000] {logging_mixin.py:188} INFO - [2025-10-10T07:12:15.473+0000] {dag.py:3834} INFO - Setting next_dagrun for environmental_data_pipeline to 2025-10-10 07:00:00+00:00, run_after=2025-10-10 08:00:00+00:00
[2025-10-10T07:12:15.503+0000] {processor.py:183} INFO - Processing /opt/airflow/dags/environmental_data_pipeline.py took 0.136 seconds
[2025-10-10T07:12:45.535+0000] {processor.py:161} INFO - Started process (PID=253) to work on /opt/airflow/dags/environmental_data_pipeline.py
[2025-10-10T07:12:45.539+0000] {processor.py:830} INFO - Processing file /opt/airflow/dags/environmental_data_pipeline.py for tasks to queue
[2025-10-10T07:12:45.540+0000] {logging_mixin.py:188} INFO - [2025-10-10T07:12:45.539+0000] {dagbag.py:540} INFO - Filling up the DagBag from /opt/airflow/dags/environmental_data_pipeline.py
[2025-10-10T07:12:45.552+0000] {processor.py:840} INFO - DAG(s) 'environmental_data_pipeline' retrieved from /opt/airflow/dags/environmental_data_pipeline.py
[2025-10-10T07:12:45.584+0000] {logging_mixin.py:188} INFO - [2025-10-10T07:12:45.584+0000] {dag.py:3047} INFO - Sync 1 DAGs
[2025-10-10T07:12:45.609+0000] {logging_mixin.py:188} INFO - [2025-10-10T07:12:45.609+0000] {dag.py:3834} INFO - Setting next_dagrun for environmental_data_pipeline to 2025-10-10 07:00:00+00:00, run_after=2025-10-10 08:00:00+00:00
[2025-10-10T07:12:45.640+0000] {processor.py:183} INFO - Processing /opt/airflow/dags/environmental_data_pipeline.py took 0.109 seconds
[2025-10-10T07:13:15.694+0000] {processor.py:161} INFO - Started process (PID=258) to work on /opt/airflow/dags/environmental_data_pipeline.py
[2025-10-10T07:13:15.695+0000] {processor.py:830} INFO - Processing file /opt/airflow/dags/environmental_data_pipeline.py for tasks to queue
[2025-10-10T07:13:15.697+0000] {logging_mixin.py:188} INFO - [2025-10-10T07:13:15.696+0000] {dagbag.py:540} INFO - Filling up the DagBag from /opt/airflow/dags/environmental_data_pipeline.py
[2025-10-10T07:13:15.723+0000] {processor.py:840} INFO - DAG(s) 'environmental_data_pipeline' retrieved from /opt/airflow/dags/environmental_data_pipeline.py
[2025-10-10T07:13:15.756+0000] {logging_mixin.py:188} INFO - [2025-10-10T07:13:15.756+0000] {dag.py:3047} INFO - Sync 1 DAGs
[2025-10-10T07:13:15.806+0000] {logging_mixin.py:188} INFO - [2025-10-10T07:13:15.806+0000] {dag.py:3834} INFO - Setting next_dagrun for environmental_data_pipeline to 2025-10-10 07:00:00+00:00, run_after=2025-10-10 08:00:00+00:00
[2025-10-10T07:13:15.838+0000] {processor.py:183} INFO - Processing /opt/airflow/dags/environmental_data_pipeline.py took 0.148 seconds
[2025-10-10T07:13:46.699+0000] {processor.py:161} INFO - Started process (PID=263) to work on /opt/airflow/dags/environmental_data_pipeline.py
[2025-10-10T07:13:46.701+0000] {processor.py:830} INFO - Processing file /opt/airflow/dags/environmental_data_pipeline.py for tasks to queue
[2025-10-10T07:13:46.703+0000] {logging_mixin.py:188} INFO - [2025-10-10T07:13:46.702+0000] {dagbag.py:540} INFO - Filling up the DagBag from /opt/airflow/dags/environmental_data_pipeline.py
[2025-10-10T07:13:46.719+0000] {processor.py:840} INFO - DAG(s) 'environmental_data_pipeline' retrieved from /opt/airflow/dags/environmental_data_pipeline.py
[2025-10-10T07:13:46.758+0000] {logging_mixin.py:188} INFO - [2025-10-10T07:13:46.757+0000] {dag.py:3047} INFO - Sync 1 DAGs
[2025-10-10T07:13:46.789+0000] {logging_mixin.py:188} INFO - [2025-10-10T07:13:46.789+0000] {dag.py:3834} INFO - Setting next_dagrun for environmental_data_pipeline to 2025-10-10 07:00:00+00:00, run_after=2025-10-10 08:00:00+00:00
[2025-10-10T07:13:46.811+0000] {processor.py:183} INFO - Processing /opt/airflow/dags/environmental_data_pipeline.py took 0.118 seconds
[2025-10-10T07:14:17.803+0000] {processor.py:161} INFO - Started process (PID=268) to work on /opt/airflow/dags/environmental_data_pipeline.py
[2025-10-10T07:14:17.804+0000] {processor.py:830} INFO - Processing file /opt/airflow/dags/environmental_data_pipeline.py for tasks to queue
[2025-10-10T07:14:17.805+0000] {logging_mixin.py:188} INFO - [2025-10-10T07:14:17.805+0000] {dagbag.py:540} INFO - Filling up the DagBag from /opt/airflow/dags/environmental_data_pipeline.py
[2025-10-10T07:14:17.817+0000] {processor.py:840} INFO - DAG(s) 'environmental_data_pipeline' retrieved from /opt/airflow/dags/environmental_data_pipeline.py
[2025-10-10T07:14:17.846+0000] {logging_mixin.py:188} INFO - [2025-10-10T07:14:17.845+0000] {dag.py:3047} INFO - Sync 1 DAGs
[2025-10-10T07:14:17.874+0000] {logging_mixin.py:188} INFO - [2025-10-10T07:14:17.874+0000] {dag.py:3834} INFO - Setting next_dagrun for environmental_data_pipeline to 2025-10-10 07:00:00+00:00, run_after=2025-10-10 08:00:00+00:00
[2025-10-10T07:14:15.837+0000] {processor.py:183} INFO - Processing /opt/airflow/dags/environmental_data_pipeline.py took 0.110 seconds
[2025-10-10T07:14:45.877+0000] {processor.py:161} INFO - Started process (PID=273) to work on /opt/airflow/dags/environmental_data_pipeline.py
[2025-10-10T07:14:45.879+0000] {processor.py:830} INFO - Processing file /opt/airflow/dags/environmental_data_pipeline.py for tasks to queue
[2025-10-10T07:14:45.880+0000] {logging_mixin.py:188} INFO - [2025-10-10T07:14:45.880+0000] {dagbag.py:540} INFO - Filling up the DagBag from /opt/airflow/dags/environmental_data_pipeline.py
[2025-10-10T07:14:45.892+0000] {processor.py:840} INFO - DAG(s) 'environmental_data_pipeline' retrieved from /opt/airflow/dags/environmental_data_pipeline.py
[2025-10-10T07:14:45.923+0000] {logging_mixin.py:188} INFO - [2025-10-10T07:14:45.923+0000] {dag.py:3047} INFO - Sync 1 DAGs
[2025-10-10T07:14:45.979+0000] {logging_mixin.py:188} INFO - [2025-10-10T07:14:45.978+0000] {dag.py:3834} INFO - Setting next_dagrun for environmental_data_pipeline to 2025-10-10 07:00:00+00:00, run_after=2025-10-10 08:00:00+00:00
[2025-10-10T07:14:46.013+0000] {processor.py:183} INFO - Processing /opt/airflow/dags/environmental_data_pipeline.py took 0.145 seconds
[2025-10-10T07:15:16.057+0000] {processor.py:161} INFO - Started process (PID=281) to work on /opt/airflow/dags/environmental_data_pipeline.py
[2025-10-10T07:15:16.058+0000] {processor.py:830} INFO - Processing file /opt/airflow/dags/environmental_data_pipeline.py for tasks to queue
[2025-10-10T07:15:16.059+0000] {logging_mixin.py:188} INFO - [2025-10-10T07:15:16.059+0000] {dagbag.py:540} INFO - Filling up the DagBag from /opt/airflow/dags/environmental_data_pipeline.py
[2025-10-10T07:15:16.074+0000] {processor.py:840} INFO - DAG(s) 'environmental_data_pipeline' retrieved from /opt/airflow/dags/environmental_data_pipeline.py
[2025-10-10T07:15:16.112+0000] {logging_mixin.py:188} INFO - [2025-10-10T07:15:16.112+0000] {dag.py:3047} INFO - Sync 1 DAGs
[2025-10-10T07:15:16.148+0000] {logging_mixin.py:188} INFO - [2025-10-10T07:15:16.148+0000] {dag.py:3834} INFO - Setting next_dagrun for environmental_data_pipeline to 2025-10-10 07:00:00+00:00, run_after=2025-10-10 08:00:00+00:00
[2025-10-10T07:15:16.216+0000] {processor.py:183} INFO - Processing /opt/airflow/dags/environmental_data_pipeline.py took 0.162 seconds
[2025-10-10T07:15:47.030+0000] {processor.py:161} INFO - Started process (PID=286) to work on /opt/airflow/dags/environmental_data_pipeline.py
[2025-10-10T07:15:47.033+0000] {processor.py:830} INFO - Processing file /opt/airflow/dags/environmental_data_pipeline.py for tasks to queue
[2025-10-10T07:15:47.033+0000] {logging_mixin.py:188} INFO - [2025-10-10T07:15:47.033+0000] {dagbag.py:540} INFO - Filling up the DagBag from /opt/airflow/dags/environmental_data_pipeline.py
[2025-10-10T07:15:47.044+0000] {processor.py:840} INFO - DAG(s) 'environmental_data_pipeline' retrieved from /opt/airflow/dags/environmental_data_pipeline.py
[2025-10-10T07:15:47.071+0000] {logging_mixin.py:188} INFO - [2025-10-10T07:15:47.071+0000] {dag.py:3047} INFO - Sync 1 DAGs
[2025-10-10T07:15:47.094+0000] {logging_mixin.py:188} INFO - [2025-10-10T07:15:47.093+0000] {dag.py:3834} INFO - Setting next_dagrun for environmental_data_pipeline to 2025-10-10 07:00:00+00:00, run_after=2025-10-10 08:00:00+00:00
[2025-10-10T07:15:47.117+0000] {processor.py:183} INFO - Processing /opt/airflow/dags/environmental_data_pipeline.py took 0.090 seconds
[2025-10-10T07:16:18.017+0000] {processor.py:161} INFO - Started process (PID=291) to work on /opt/airflow/dags/environmental_data_pipeline.py
[2025-10-10T07:16:18.019+0000] {processor.py:830} INFO - Processing file /opt/airflow/dags/environmental_data_pipeline.py for tasks to queue
[2025-10-10T07:16:18.020+0000] {logging_mixin.py:188} INFO - [2025-10-10T07:16:18.019+0000] {dagbag.py:540} INFO - Filling up the DagBag from /opt/airflow/dags/environmental_data_pipeline.py
[2025-10-10T07:16:18.030+0000] {processor.py:840} INFO - DAG(s) 'environmental_data_pipeline' retrieved from /opt/airflow/dags/environmental_data_pipeline.py
[2025-10-10T07:16:18.056+0000] {logging_mixin.py:188} INFO - [2025-10-10T07:16:18.056+0000] {dag.py:3047} INFO - Sync 1 DAGs
[2025-10-10T07:16:18.078+0000] {logging_mixin.py:188} INFO - [2025-10-10T07:16:18.078+0000] {dag.py:3834} INFO - Setting next_dagrun for environmental_data_pipeline to 2025-10-10 07:00:00+00:00, run_after=2025-10-10 08:00:00+00:00
[2025-10-10T07:16:18.098+0000] {processor.py:183} INFO - Processing /opt/airflow/dags/environmental_data_pipeline.py took 0.084 seconds
[2025-10-10T07:16:48.185+0000] {processor.py:161} INFO - Started process (PID=296) to work on /opt/airflow/dags/environmental_data_pipeline.py
[2025-10-10T07:16:48.189+0000] {processor.py:830} INFO - Processing file /opt/airflow/dags/environmental_data_pipeline.py for tasks to queue
[2025-10-10T07:16:48.194+0000] {logging_mixin.py:188} INFO - [2025-10-10T07:16:48.193+0000] {dagbag.py:540} INFO - Filling up the DagBag from /opt/airflow/dags/environmental_data_pipeline.py
[2025-10-10T07:16:48.234+0000] {processor.py:840} INFO - DAG(s) 'environmental_data_pipeline' retrieved from /opt/airflow/dags/environmental_data_pipeline.py
[2025-10-10T07:16:48.288+0000] {logging_mixin.py:188} INFO - [2025-10-10T07:16:48.288+0000] {dag.py:3047} INFO - Sync 1 DAGs
[2025-10-10T07:16:48.319+0000] {logging_mixin.py:188} INFO - [2025-10-10T07:16:48.319+0000] {dag.py:3834} INFO - Setting next_dagrun for environmental_data_pipeline to 2025-10-10 07:00:00+00:00, run_after=2025-10-10 08:00:00+00:00
[2025-10-10T07:16:48.349+0000] {processor.py:183} INFO - Processing /opt/airflow/dags/environmental_data_pipeline.py took 0.185 seconds
[2025-10-10T07:17:19.035+0000] {processor.py:161} INFO - Started process (PID=301) to work on /opt/airflow/dags/environmental_data_pipeline.py
[2025-10-10T07:17:19.036+0000] {processor.py:830} INFO - Processing file /opt/airflow/dags/environmental_data_pipeline.py for tasks to queue
[2025-10-10T07:17:19.037+0000] {logging_mixin.py:188} INFO - [2025-10-10T07:17:19.037+0000] {dagbag.py:540} INFO - Filling up the DagBag from /opt/airflow/dags/environmental_data_pipeline.py
[2025-10-10T07:17:19.051+0000] {processor.py:840} INFO - DAG(s) 'environmental_data_pipeline' retrieved from /opt/airflow/dags/environmental_data_pipeline.py
[2025-10-10T07:17:19.091+0000] {logging_mixin.py:188} INFO - [2025-10-10T07:17:19.091+0000] {dag.py:3047} INFO - Sync 1 DAGs
[2025-10-10T07:17:19.138+0000] {logging_mixin.py:188} INFO - [2025-10-10T07:17:19.136+0000] {dag.py:3834} INFO - Setting next_dagrun for environmental_data_pipeline to 2025-10-10 07:00:00+00:00, run_after=2025-10-10 08:00:00+00:00
[2025-10-10T07:17:19.163+0000] {processor.py:183} INFO - Processing /opt/airflow/dags/environmental_data_pipeline.py took 0.133 seconds
[2025-10-10T07:17:50.097+0000] {processor.py:161} INFO - Started process (PID=306) to work on /opt/airflow/dags/environmental_data_pipeline.py
[2025-10-10T07:17:50.099+0000] {processor.py:830} INFO - Processing file /opt/airflow/dags/environmental_data_pipeline.py for tasks to queue
[2025-10-10T07:17:50.100+0000] {logging_mixin.py:188} INFO - [2025-10-10T07:17:50.100+0000] {dagbag.py:540} INFO - Filling up the DagBag from /opt/airflow/dags/environmental_data_pipeline.py
[2025-10-10T07:17:50.112+0000] {processor.py:840} INFO - DAG(s) 'environmental_data_pipeline' retrieved from /opt/airflow/dags/environmental_data_pipeline.py
[2025-10-10T07:17:50.145+0000] {logging_mixin.py:188} INFO - [2025-10-10T07:17:50.145+0000] {dag.py:3047} INFO - Sync 1 DAGs
[2025-10-10T07:17:50.170+0000] {logging_mixin.py:188} INFO - [2025-10-10T07:17:50.169+0000] {dag.py:3834} INFO - Setting next_dagrun for environmental_data_pipeline to 2025-10-10 07:00:00+00:00, run_after=2025-10-10 08:00:00+00:00
[2025-10-10T07:17:50.195+0000] {processor.py:183} INFO - Processing /opt/airflow/dags/environmental_data_pipeline.py took 0.102 seconds
[2025-10-10T07:18:21.192+0000] {processor.py:161} INFO - Started process (PID=311) to work on /opt/airflow/dags/environmental_data_pipeline.py
[2025-10-10T07:18:21.193+0000] {processor.py:830} INFO - Processing file /opt/airflow/dags/environmental_data_pipeline.py for tasks to queue
[2025-10-10T07:18:21.195+0000] {logging_mixin.py:188} INFO - [2025-10-10T07:18:21.194+0000] {dagbag.py:540} INFO - Filling up the DagBag from /opt/airflow/dags/environmental_data_pipeline.py
[2025-10-10T07:18:21.206+0000] {processor.py:840} INFO - DAG(s) 'environmental_data_pipeline' retrieved from /opt/airflow/dags/environmental_data_pipeline.py
[2025-10-10T07:18:21.236+0000] {logging_mixin.py:188} INFO - [2025-10-10T07:18:21.235+0000] {dag.py:3047} INFO - Sync 1 DAGs
[2025-10-10T07:18:21.257+0000] {logging_mixin.py:188} INFO - [2025-10-10T07:18:21.256+0000] {dag.py:3834} INFO - Setting next_dagrun for environmental_data_pipeline to 2025-10-10 07:00:00+00:00, run_after=2025-10-10 08:00:00+00:00
[2025-10-10T07:18:21.287+0000] {processor.py:183} INFO - Processing /opt/airflow/dags/environmental_data_pipeline.py took 0.098 seconds
[2025-10-10T07:18:52.204+0000] {processor.py:161} INFO - Started process (PID=316) to work on /opt/airflow/dags/environmental_data_pipeline.py
[2025-10-10T07:18:52.206+0000] {processor.py:830} INFO - Processing file /opt/airflow/dags/environmental_data_pipeline.py for tasks to queue
[2025-10-10T07:18:52.208+0000] {logging_mixin.py:188} INFO - [2025-10-10T07:18:52.207+0000] {dagbag.py:540} INFO - Filling up the DagBag from /opt/airflow/dags/environmental_data_pipeline.py
[2025-10-10T07:18:52.248+0000] {processor.py:840} INFO - DAG(s) 'environmental_data_pipeline' retrieved from /opt/airflow/dags/environmental_data_pipeline.py
[2025-10-10T07:18:52.294+0000] {logging_mixin.py:188} INFO - [2025-10-10T07:18:52.294+0000] {dag.py:3047} INFO - Sync 1 DAGs
[2025-10-10T07:18:52.326+0000] {logging_mixin.py:188} INFO - [2025-10-10T07:18:52.325+0000] {dag.py:3834} INFO - Setting next_dagrun for environmental_data_pipeline to 2025-10-10 07:00:00+00:00, run_after=2025-10-10 08:00:00+00:00
[2025-10-10T07:18:52.359+0000] {processor.py:183} INFO - Processing /opt/airflow/dags/environmental_data_pipeline.py took 0.159 seconds
[2025-10-10T07:19:23.286+0000] {processor.py:161} INFO - Started process (PID=321) to work on /opt/airflow/dags/environmental_data_pipeline.py
[2025-10-10T07:19:23.288+0000] {processor.py:830} INFO - Processing file /opt/airflow/dags/environmental_data_pipeline.py for tasks to queue
[2025-10-10T07:19:23.288+0000] {logging_mixin.py:188} INFO - [2025-10-10T07:19:23.288+0000] {dagbag.py:540} INFO - Filling up the DagBag from /opt/airflow/dags/environmental_data_pipeline.py
[2025-10-10T07:19:23.314+0000] {processor.py:840} INFO - DAG(s) 'environmental_data_pipeline' retrieved from /opt/airflow/dags/environmental_data_pipeline.py
[2025-10-10T07:19:23.374+0000] {logging_mixin.py:188} INFO - [2025-10-10T07:19:23.373+0000] {dag.py:3047} INFO - Sync 1 DAGs
[2025-10-10T07:19:23.472+0000] {logging_mixin.py:188} INFO - [2025-10-10T07:19:23.472+0000] {dag.py:3834} INFO - Setting next_dagrun for environmental_data_pipeline to 2025-10-10 07:00:00+00:00, run_after=2025-10-10 08:00:00+00:00
[2025-10-10T07:19:23.516+0000] {processor.py:183} INFO - Processing /opt/airflow/dags/environmental_data_pipeline.py took 0.234 seconds
[2025-10-10T07:19:54.386+0000] {processor.py:161} INFO - Started process (PID=326) to work on /opt/airflow/dags/environmental_data_pipeline.py
[2025-10-10T07:19:54.388+0000] {processor.py:830} INFO - Processing file /opt/airflow/dags/environmental_data_pipeline.py for tasks to queue
[2025-10-10T07:19:54.390+0000] {logging_mixin.py:188} INFO - [2025-10-10T07:19:54.389+0000] {dagbag.py:540} INFO - Filling up the DagBag from /opt/airflow/dags/environmental_data_pipeline.py
[2025-10-10T07:19:54.410+0000] {processor.py:840} INFO - DAG(s) 'environmental_data_pipeline' retrieved from /opt/airflow/dags/environmental_data_pipeline.py
[2025-10-10T07:19:54.458+0000] {logging_mixin.py:188} INFO - [2025-10-10T07:19:54.458+0000] {dag.py:3047} INFO - Sync 1 DAGs
[2025-10-10T07:19:54.497+0000] {logging_mixin.py:188} INFO - [2025-10-10T07:19:54.496+0000] {dag.py:3834} INFO - Setting next_dagrun for environmental_data_pipeline to 2025-10-10 07:00:00+00:00, run_after=2025-10-10 08:00:00+00:00
[2025-10-10T07:19:54.525+0000] {processor.py:183} INFO - Processing /opt/airflow/dags/environmental_data_pipeline.py took 0.145 seconds
[2025-10-10T07:20:25.521+0000] {processor.py:161} INFO - Started process (PID=331) to work on /opt/airflow/dags/environmental_data_pipeline.py
[2025-10-10T07:20:25.523+0000] {processor.py:830} INFO - Processing file /opt/airflow/dags/environmental_data_pipeline.py for tasks to queue
[2025-10-10T07:20:25.523+0000] {logging_mixin.py:188} INFO - [2025-10-10T07:20:25.523+0000] {dagbag.py:540} INFO - Filling up the DagBag from /opt/airflow/dags/environmental_data_pipeline.py
[2025-10-10T07:20:25.535+0000] {processor.py:840} INFO - DAG(s) 'environmental_data_pipeline' retrieved from /opt/airflow/dags/environmental_data_pipeline.py
[2025-10-10T07:20:25.581+0000] {logging_mixin.py:188} INFO - [2025-10-10T07:20:25.580+0000] {dag.py:3047} INFO - Sync 1 DAGs
[2025-10-10T07:20:25.617+0000] {logging_mixin.py:188} INFO - [2025-10-10T07:20:25.617+0000] {dag.py:3834} INFO - Setting next_dagrun for environmental_data_pipeline to 2025-10-10 07:00:00+00:00, run_after=2025-10-10 08:00:00+00:00
[2025-10-10T07:20:25.644+0000] {processor.py:183} INFO - Processing /opt/airflow/dags/environmental_data_pipeline.py took 0.128 seconds
[2025-10-10T07:20:56.542+0000] {processor.py:161} INFO - Started process (PID=336) to work on /opt/airflow/dags/environmental_data_pipeline.py
[2025-10-10T07:20:56.545+0000] {processor.py:830} INFO - Processing file /opt/airflow/dags/environmental_data_pipeline.py for tasks to queue
[2025-10-10T07:20:56.546+0000] {logging_mixin.py:188} INFO - [2025-10-10T07:20:56.545+0000] {dagbag.py:540} INFO - Filling up the DagBag from /opt/airflow/dags/environmental_data_pipeline.py
[2025-10-10T07:20:56.557+0000] {processor.py:840} INFO - DAG(s) 'environmental_data_pipeline' retrieved from /opt/airflow/dags/environmental_data_pipeline.py
[2025-10-10T07:20:56.585+0000] {logging_mixin.py:188} INFO - [2025-10-10T07:20:56.585+0000] {dag.py:3047} INFO - Sync 1 DAGs
[2025-10-10T07:20:56.608+0000] {logging_mixin.py:188} INFO - [2025-10-10T07:20:56.608+0000] {dag.py:3834} INFO - Setting next_dagrun for environmental_data_pipeline to 2025-10-10 07:00:00+00:00, run_after=2025-10-10 08:00:00+00:00
[2025-10-10T07:20:56.638+0000] {processor.py:183} INFO - Processing /opt/airflow/dags/environmental_data_pipeline.py took 0.101 seconds
[2025-10-10T07:21:27.581+0000] {processor.py:161} INFO - Started process (PID=341) to work on /opt/airflow/dags/environmental_data_pipeline.py
[2025-10-10T07:21:27.585+0000] {processor.py:830} INFO - Processing file /opt/airflow/dags/environmental_data_pipeline.py for tasks to queue
[2025-10-10T07:21:27.586+0000] {logging_mixin.py:188} INFO - [2025-10-10T07:21:27.585+0000] {dagbag.py:540} INFO - Filling up the DagBag from /opt/airflow/dags/environmental_data_pipeline.py
[2025-10-10T07:21:27.597+0000] {processor.py:840} INFO - DAG(s) 'environmental_data_pipeline' retrieved from /opt/airflow/dags/environmental_data_pipeline.py
[2025-10-10T07:21:27.633+0000] {logging_mixin.py:188} INFO - [2025-10-10T07:21:27.633+0000] {dag.py:3047} INFO - Sync 1 DAGs
[2025-10-10T07:21:27.675+0000] {logging_mixin.py:188} INFO - [2025-10-10T07:21:27.674+0000] {dag.py:3834} INFO - Setting next_dagrun for environmental_data_pipeline to 2025-10-10 07:00:00+00:00, run_after=2025-10-10 08:00:00+00:00
[2025-10-10T07:21:27.764+0000] {processor.py:183} INFO - Processing /opt/airflow/dags/environmental_data_pipeline.py took 0.186 seconds
[2025-10-10T07:21:58.547+0000] {processor.py:161} INFO - Started process (PID=346) to work on /opt/airflow/dags/environmental_data_pipeline.py
[2025-10-10T07:21:58.549+0000] {processor.py:830} INFO - Processing file /opt/airflow/dags/environmental_data_pipeline.py for tasks to queue
[2025-10-10T07:21:58.550+0000] {logging_mixin.py:188} INFO - [2025-10-10T07:21:58.550+0000] {dagbag.py:540} INFO - Filling up the DagBag from /opt/airflow/dags/environmental_data_pipeline.py
[2025-10-10T07:21:58.565+0000] {processor.py:840} INFO - DAG(s) 'environmental_data_pipeline' retrieved from /opt/airflow/dags/environmental_data_pipeline.py
[2025-10-10T07:21:58.604+0000] {logging_mixin.py:188} INFO - [2025-10-10T07:21:58.604+0000] {dag.py:3047} INFO - Sync 1 DAGs
[2025-10-10T07:21:58.645+0000] {logging_mixin.py:188} INFO - [2025-10-10T07:21:58.644+0000] {dag.py:3834} INFO - Setting next_dagrun for environmental_data_pipeline to 2025-10-10 07:00:00+00:00, run_after=2025-10-10 08:00:00+00:00
[2025-10-10T07:21:58.666+0000] {processor.py:183} INFO - Processing /opt/airflow/dags/environmental_data_pipeline.py took 0.124 seconds
[2025-10-10T07:22:29.563+0000] {processor.py:161} INFO - Started process (PID=351) to work on /opt/airflow/dags/environmental_data_pipeline.py
[2025-10-10T07:22:29.565+0000] {processor.py:830} INFO - Processing file /opt/airflow/dags/environmental_data_pipeline.py for tasks to queue
[2025-10-10T07:22:29.566+0000] {logging_mixin.py:188} INFO - [2025-10-10T07:22:29.566+0000] {dagbag.py:540} INFO - Filling up the DagBag from /opt/airflow/dags/environmental_data_pipeline.py
[2025-10-10T07:22:29.587+0000] {processor.py:840} INFO - DAG(s) 'environmental_data_pipeline' retrieved from /opt/airflow/dags/environmental_data_pipeline.py
[2025-10-10T07:22:29.645+0000] {logging_mixin.py:188} INFO - [2025-10-10T07:22:29.644+0000] {dag.py:3047} INFO - Sync 1 DAGs
[2025-10-10T07:22:29.688+0000] {logging_mixin.py:188} INFO - [2025-10-10T07:22:29.688+0000] {dag.py:3834} INFO - Setting next_dagrun for environmental_data_pipeline to 2025-10-10 07:00:00+00:00, run_after=2025-10-10 08:00:00+00:00
[2025-10-10T07:22:29.732+0000] {processor.py:183} INFO - Processing /opt/airflow/dags/environmental_data_pipeline.py took 0.175 seconds
[2025-10-10T07:22:59.794+0000] {processor.py:161} INFO - Started process (PID=356) to work on /opt/airflow/dags/environmental_data_pipeline.py
[2025-10-10T07:22:59.796+0000] {processor.py:830} INFO - Processing file /opt/airflow/dags/environmental_data_pipeline.py for tasks to queue
[2025-10-10T07:22:59.797+0000] {logging_mixin.py:188} INFO - [2025-10-10T07:22:59.797+0000] {dagbag.py:540} INFO - Filling up the DagBag from /opt/airflow/dags/environmental_data_pipeline.py
[2025-10-10T07:22:59.821+0000] {processor.py:840} INFO - DAG(s) 'environmental_data_pipeline' retrieved from /opt/airflow/dags/environmental_data_pipeline.py
[2025-10-10T07:22:59.868+0000] {logging_mixin.py:188} INFO - [2025-10-10T07:22:59.868+0000] {dag.py:3047} INFO - Sync 1 DAGs
[2025-10-10T07:22:59.911+0000] {logging_mixin.py:188} INFO - [2025-10-10T07:22:59.911+0000] {dag.py:3834} INFO - Setting next_dagrun for environmental_data_pipeline to 2025-10-10 07:00:00+00:00, run_after=2025-10-10 08:00:00+00:00
[2025-10-10T07:22:59.938+0000] {processor.py:183} INFO - Processing /opt/airflow/dags/environmental_data_pipeline.py took 0.149 seconds
[2025-10-10T07:23:30.753+0000] {processor.py:161} INFO - Started process (PID=361) to work on /opt/airflow/dags/environmental_data_pipeline.py
[2025-10-10T07:23:30.754+0000] {processor.py:830} INFO - Processing file /opt/airflow/dags/environmental_data_pipeline.py for tasks to queue
[2025-10-10T07:23:30.755+0000] {logging_mixin.py:188} INFO - [2025-10-10T07:23:30.755+0000] {dagbag.py:540} INFO - Filling up the DagBag from /opt/airflow/dags/environmental_data_pipeline.py
[2025-10-10T07:23:30.769+0000] {processor.py:840} INFO - DAG(s) 'environmental_data_pipeline' retrieved from /opt/airflow/dags/environmental_data_pipeline.py
[2025-10-10T07:23:30.806+0000] {logging_mixin.py:188} INFO - [2025-10-10T07:23:30.806+0000] {dag.py:3047} INFO - Sync 1 DAGs
[2025-10-10T07:23:30.918+0000] {logging_mixin.py:188} INFO - [2025-10-10T07:23:30.918+0000] {dag.py:3834} INFO - Setting next_dagrun for environmental_data_pipeline to 2025-10-10 07:00:00+00:00, run_after=2025-10-10 08:00:00+00:00
[2025-10-10T07:23:30.982+0000] {processor.py:183} INFO - Processing /opt/airflow/dags/environmental_data_pipeline.py took 0.233 seconds
[2025-10-10T07:24:01.879+0000] {processor.py:161} INFO - Started process (PID=366) to work on /opt/airflow/dags/environmental_data_pipeline.py
[2025-10-10T07:24:01.881+0000] {processor.py:830} INFO - Processing file /opt/airflow/dags/environmental_data_pipeline.py for tasks to queue
[2025-10-10T07:24:01.882+0000] {logging_mixin.py:188} INFO - [2025-10-10T07:24:01.882+0000] {dagbag.py:540} INFO - Filling up the DagBag from /opt/airflow/dags/environmental_data_pipeline.py
[2025-10-10T07:24:01.919+0000] {processor.py:840} INFO - DAG(s) 'environmental_data_pipeline' retrieved from /opt/airflow/dags/environmental_data_pipeline.py
[2025-10-10T07:24:01.956+0000] {logging_mixin.py:188} INFO - [2025-10-10T07:24:01.955+0000] {dag.py:3047} INFO - Sync 1 DAGs
[2025-10-10T07:24:02.016+0000] {logging_mixin.py:188} INFO - [2025-10-10T07:24:02.015+0000] {dag.py:3834} INFO - Setting next_dagrun for environmental_data_pipeline to 2025-10-10 07:00:00+00:00, run_after=2025-10-10 08:00:00+00:00
[2025-10-10T07:24:02.062+0000] {processor.py:183} INFO - Processing /opt/airflow/dags/environmental_data_pipeline.py took 0.186 seconds
[2025-10-10T07:24:33.017+0000] {processor.py:161} INFO - Started process (PID=371) to work on /opt/airflow/dags/environmental_data_pipeline.py
[2025-10-10T07:24:33.026+0000] {processor.py:830} INFO - Processing file /opt/airflow/dags/environmental_data_pipeline.py for tasks to queue
[2025-10-10T07:24:33.027+0000] {logging_mixin.py:188} INFO - [2025-10-10T07:24:33.027+0000] {dagbag.py:540} INFO - Filling up the DagBag from /opt/airflow/dags/environmental_data_pipeline.py
[2025-10-10T07:24:33.059+0000] {processor.py:840} INFO - DAG(s) 'environmental_data_pipeline' retrieved from /opt/airflow/dags/environmental_data_pipeline.py
[2025-10-10T07:24:33.149+0000] {logging_mixin.py:188} INFO - [2025-10-10T07:24:33.149+0000] {dag.py:3047} INFO - Sync 1 DAGs
[2025-10-10T07:24:33.229+0000] {logging_mixin.py:188} INFO - [2025-10-10T07:24:33.229+0000] {dag.py:3834} INFO - Setting next_dagrun for environmental_data_pipeline to 2025-10-10 07:00:00+00:00, run_after=2025-10-10 08:00:00+00:00
[2025-10-10T07:24:33.266+0000] {processor.py:183} INFO - Processing /opt/airflow/dags/environmental_data_pipeline.py took 0.294 seconds
[2025-10-10T07:25:03.332+0000] {processor.py:161} INFO - Started process (PID=376) to work on /opt/airflow/dags/environmental_data_pipeline.py
[2025-10-10T07:25:03.334+0000] {processor.py:830} INFO - Processing file /opt/airflow/dags/environmental_data_pipeline.py for tasks to queue
[2025-10-10T07:25:03.335+0000] {logging_mixin.py:188} INFO - [2025-10-10T07:25:03.335+0000] {dagbag.py:540} INFO - Filling up the DagBag from /opt/airflow/dags/environmental_data_pipeline.py
[2025-10-10T07:25:03.353+0000] {processor.py:840} INFO - DAG(s) 'environmental_data_pipeline' retrieved from /opt/airflow/dags/environmental_data_pipeline.py
[2025-10-10T07:25:03.397+0000] {logging_mixin.py:188} INFO - [2025-10-10T07:25:03.396+0000] {dag.py:3047} INFO - Sync 1 DAGs
[2025-10-10T07:25:03.484+0000] {logging_mixin.py:188} INFO - [2025-10-10T07:25:03.484+0000] {dag.py:3834} INFO - Setting next_dagrun for environmental_data_pipeline to 2025-10-10 07:00:00+00:00, run_after=2025-10-10 08:00:00+00:00
[2025-10-10T07:25:03.553+0000] {processor.py:183} INFO - Processing /opt/airflow/dags/environmental_data_pipeline.py took 0.229 seconds
[2025-10-10T07:25:33.608+0000] {processor.py:161} INFO - Started process (PID=381) to work on /opt/airflow/dags/environmental_data_pipeline.py
[2025-10-10T07:25:33.611+0000] {processor.py:830} INFO - Processing file /opt/airflow/dags/environmental_data_pipeline.py for tasks to queue
[2025-10-10T07:25:33.612+0000] {logging_mixin.py:188} INFO - [2025-10-10T07:25:33.612+0000] {dagbag.py:540} INFO - Filling up the DagBag from /opt/airflow/dags/environmental_data_pipeline.py
[2025-10-10T07:25:33.652+0000] {processor.py:840} INFO - DAG(s) 'environmental_data_pipeline' retrieved from /opt/airflow/dags/environmental_data_pipeline.py
[2025-10-10T07:25:33.739+0000] {logging_mixin.py:188} INFO - [2025-10-10T07:25:33.736+0000] {dag.py:3047} INFO - Sync 1 DAGs
[2025-10-10T07:25:33.822+0000] {logging_mixin.py:188} INFO - [2025-10-10T07:25:33.821+0000] {dag.py:3834} INFO - Setting next_dagrun for environmental_data_pipeline to 2025-10-10 07:00:00+00:00, run_after=2025-10-10 08:00:00+00:00
[2025-10-10T07:25:33.882+0000] {processor.py:183} INFO - Processing /opt/airflow/dags/environmental_data_pipeline.py took 0.278 seconds
[2025-10-10T07:26:04.572+0000] {processor.py:161} INFO - Started process (PID=386) to work on /opt/airflow/dags/environmental_data_pipeline.py
[2025-10-10T07:26:04.573+0000] {processor.py:830} INFO - Processing file /opt/airflow/dags/environmental_data_pipeline.py for tasks to queue
[2025-10-10T07:26:04.574+0000] {logging_mixin.py:188} INFO - [2025-10-10T07:26:04.574+0000] {dagbag.py:540} INFO - Filling up the DagBag from /opt/airflow/dags/environmental_data_pipeline.py
[2025-10-10T07:26:04.586+0000] {processor.py:840} INFO - DAG(s) 'environmental_data_pipeline' retrieved from /opt/airflow/dags/environmental_data_pipeline.py
[2025-10-10T07:26:04.625+0000] {logging_mixin.py:188} INFO - [2025-10-10T07:26:04.625+0000] {dag.py:3047} INFO - Sync 1 DAGs
[2025-10-10T07:26:04.657+0000] {logging_mixin.py:188} INFO - [2025-10-10T07:26:04.657+0000] {dag.py:3834} INFO - Setting next_dagrun for environmental_data_pipeline to 2025-10-10 07:00:00+00:00, run_after=2025-10-10 08:00:00+00:00
[2025-10-10T07:26:04.687+0000] {processor.py:183} INFO - Processing /opt/airflow/dags/environmental_data_pipeline.py took 0.119 seconds
[2025-10-10T07:26:34.802+0000] {processor.py:161} INFO - Started process (PID=391) to work on /opt/airflow/dags/environmental_data_pipeline.py
[2025-10-10T07:26:34.804+0000] {processor.py:830} INFO - Processing file /opt/airflow/dags/environmental_data_pipeline.py for tasks to queue
[2025-10-10T07:26:34.806+0000] {logging_mixin.py:188} INFO - [2025-10-10T07:26:34.805+0000] {dagbag.py:540} INFO - Filling up the DagBag from /opt/airflow/dags/environmental_data_pipeline.py
[2025-10-10T07:26:34.850+0000] {processor.py:840} INFO - DAG(s) 'environmental_data_pipeline' retrieved from /opt/airflow/dags/environmental_data_pipeline.py
[2025-10-10T07:26:34.987+0000] {logging_mixin.py:188} INFO - [2025-10-10T07:26:34.986+0000] {dag.py:3047} INFO - Sync 1 DAGs
[2025-10-10T07:26:35.090+0000] {logging_mixin.py:188} INFO - [2025-10-10T07:26:35.090+0000] {dag.py:3834} INFO - Setting next_dagrun for environmental_data_pipeline to 2025-10-10 07:00:00+00:00, run_after=2025-10-10 08:00:00+00:00
[2025-10-10T07:26:35.137+0000] {processor.py:183} INFO - Processing /opt/airflow/dags/environmental_data_pipeline.py took 0.380 seconds
[2025-10-10T07:42:04.189+0000] {processor.py:161} INFO - Started process (PID=160) to work on /opt/airflow/dags/environmental_data_pipeline.py
[2025-10-10T07:42:04.196+0000] {processor.py:830} INFO - Processing file /opt/airflow/dags/environmental_data_pipeline.py for tasks to queue
[2025-10-10T07:42:04.198+0000] {logging_mixin.py:188} INFO - [2025-10-10T07:42:04.198+0000] {dagbag.py:540} INFO - Filling up the DagBag from /opt/airflow/dags/environmental_data_pipeline.py
[2025-10-10T07:42:04.377+0000] {processor.py:840} INFO - DAG(s) 'environmental_data_pipeline' retrieved from /opt/airflow/dags/environmental_data_pipeline.py
[2025-10-10T07:42:04.725+0000] {logging_mixin.py:188} INFO - [2025-10-10T07:42:04.725+0000] {dag.py:3047} INFO - Sync 1 DAGs
[2025-10-10T07:42:04.766+0000] {logging_mixin.py:188} INFO - [2025-10-10T07:42:04.766+0000] {dag.py:3834} INFO - Setting next_dagrun for environmental_data_pipeline to 2025-10-10 07:00:00+00:00, run_after=2025-10-10 08:00:00+00:00
[2025-10-10T07:42:04.897+0000] {processor.py:183} INFO - Processing /opt/airflow/dags/environmental_data_pipeline.py took 0.735 seconds
[2025-10-10T07:42:35.412+0000] {processor.py:161} INFO - Started process (PID=165) to work on /opt/airflow/dags/environmental_data_pipeline.py
[2025-10-10T07:42:35.414+0000] {processor.py:830} INFO - Processing file /opt/airflow/dags/environmental_data_pipeline.py for tasks to queue
[2025-10-10T07:42:35.415+0000] {logging_mixin.py:188} INFO - [2025-10-10T07:42:35.415+0000] {dagbag.py:540} INFO - Filling up the DagBag from /opt/airflow/dags/environmental_data_pipeline.py
[2025-10-10T07:42:35.437+0000] {processor.py:840} INFO - DAG(s) 'environmental_data_pipeline' retrieved from /opt/airflow/dags/environmental_data_pipeline.py
[2025-10-10T07:42:35.521+0000] {logging_mixin.py:188} INFO - [2025-10-10T07:42:35.521+0000] {dag.py:3047} INFO - Sync 1 DAGs
[2025-10-10T07:42:35.586+0000] {logging_mixin.py:188} INFO - [2025-10-10T07:42:35.586+0000] {dag.py:3834} INFO - Setting next_dagrun for environmental_data_pipeline to 2025-10-10 07:00:00+00:00, run_after=2025-10-10 08:00:00+00:00
[2025-10-10T07:42:35.630+0000] {processor.py:183} INFO - Processing /opt/airflow/dags/environmental_data_pipeline.py took 0.222 seconds
[2025-10-10T07:43:06.460+0000] {processor.py:161} INFO - Started process (PID=170) to work on /opt/airflow/dags/environmental_data_pipeline.py
[2025-10-10T07:43:06.463+0000] {processor.py:830} INFO - Processing file /opt/airflow/dags/environmental_data_pipeline.py for tasks to queue
[2025-10-10T07:43:06.470+0000] {logging_mixin.py:188} INFO - [2025-10-10T07:43:06.470+0000] {dagbag.py:540} INFO - Filling up the DagBag from /opt/airflow/dags/environmental_data_pipeline.py
[2025-10-10T07:43:06.514+0000] {processor.py:840} INFO - DAG(s) 'environmental_data_pipeline' retrieved from /opt/airflow/dags/environmental_data_pipeline.py
[2025-10-10T07:43:06.592+0000] {logging_mixin.py:188} INFO - [2025-10-10T07:43:06.592+0000] {dag.py:3047} INFO - Sync 1 DAGs
[2025-10-10T07:43:06.904+0000] {logging_mixin.py:188} INFO - [2025-10-10T07:43:06.903+0000] {dag.py:3834} INFO - Setting next_dagrun for environmental_data_pipeline to 2025-10-10 07:00:00+00:00, run_after=2025-10-10 08:00:00+00:00
[2025-10-10T07:43:06.941+0000] {processor.py:183} INFO - Processing /opt/airflow/dags/environmental_data_pipeline.py took 0.491 seconds
[2025-10-10T07:43:37.627+0000] {processor.py:161} INFO - Started process (PID=175) to work on /opt/airflow/dags/environmental_data_pipeline.py
[2025-10-10T07:43:37.633+0000] {processor.py:830} INFO - Processing file /opt/airflow/dags/environmental_data_pipeline.py for tasks to queue
[2025-10-10T07:43:37.637+0000] {logging_mixin.py:188} INFO - [2025-10-10T07:43:37.636+0000] {dagbag.py:540} INFO - Filling up the DagBag from /opt/airflow/dags/environmental_data_pipeline.py
[2025-10-10T07:43:37.663+0000] {processor.py:840} INFO - DAG(s) 'environmental_data_pipeline' retrieved from /opt/airflow/dags/environmental_data_pipeline.py
[2025-10-10T07:43:37.712+0000] {logging_mixin.py:188} INFO - [2025-10-10T07:43:37.711+0000] {dag.py:3047} INFO - Sync 1 DAGs
[2025-10-10T07:43:37.751+0000] {logging_mixin.py:188} INFO - [2025-10-10T07:43:37.751+0000] {dag.py:3834} INFO - Setting next_dagrun for environmental_data_pipeline to 2025-10-10 07:00:00+00:00, run_after=2025-10-10 08:00:00+00:00
[2025-10-10T07:43:37.782+0000] {processor.py:183} INFO - Processing /opt/airflow/dags/environmental_data_pipeline.py took 0.165 seconds
[2025-10-10T07:44:08.581+0000] {processor.py:161} INFO - Started process (PID=183) to work on /opt/airflow/dags/environmental_data_pipeline.py
[2025-10-10T07:44:08.582+0000] {processor.py:830} INFO - Processing file /opt/airflow/dags/environmental_data_pipeline.py for tasks to queue
[2025-10-10T07:44:08.583+0000] {logging_mixin.py:188} INFO - [2025-10-10T07:44:08.583+0000] {dagbag.py:540} INFO - Filling up the DagBag from /opt/airflow/dags/environmental_data_pipeline.py
[2025-10-10T07:44:08.605+0000] {processor.py:840} INFO - DAG(s) 'environmental_data_pipeline' retrieved from /opt/airflow/dags/environmental_data_pipeline.py
[2025-10-10T07:44:08.656+0000] {logging_mixin.py:188} INFO - [2025-10-10T07:44:08.656+0000] {dag.py:3047} INFO - Sync 1 DAGs
[2025-10-10T07:44:08.685+0000] {logging_mixin.py:188} INFO - [2025-10-10T07:44:08.684+0000] {dag.py:3834} INFO - Setting next_dagrun for environmental_data_pipeline to 2025-10-10 07:00:00+00:00, run_after=2025-10-10 08:00:00+00:00
[2025-10-10T07:44:08.709+0000] {processor.py:183} INFO - Processing /opt/airflow/dags/environmental_data_pipeline.py took 0.133 seconds
[2025-10-10T07:44:39.473+0000] {processor.py:161} INFO - Started process (PID=188) to work on /opt/airflow/dags/environmental_data_pipeline.py
[2025-10-10T07:44:39.475+0000] {processor.py:830} INFO - Processing file /opt/airflow/dags/environmental_data_pipeline.py for tasks to queue
[2025-10-10T07:44:39.476+0000] {logging_mixin.py:188} INFO - [2025-10-10T07:44:39.475+0000] {dagbag.py:540} INFO - Filling up the DagBag from /opt/airflow/dags/environmental_data_pipeline.py
[2025-10-10T07:44:39.489+0000] {processor.py:840} INFO - DAG(s) 'environmental_data_pipeline' retrieved from /opt/airflow/dags/environmental_data_pipeline.py
[2025-10-10T07:44:39.520+0000] {logging_mixin.py:188} INFO - [2025-10-10T07:44:39.520+0000] {dag.py:3047} INFO - Sync 1 DAGs
[2025-10-10T07:44:39.544+0000] {logging_mixin.py:188} INFO - [2025-10-10T07:44:39.543+0000] {dag.py:3834} INFO - Setting next_dagrun for environmental_data_pipeline to 2025-10-10 07:00:00+00:00, run_after=2025-10-10 08:00:00+00:00
[2025-10-10T07:44:39.573+0000] {processor.py:183} INFO - Processing /opt/airflow/dags/environmental_data_pipeline.py took 0.104 seconds
[2025-10-10T07:45:10.481+0000] {processor.py:161} INFO - Started process (PID=193) to work on /opt/airflow/dags/environmental_data_pipeline.py
[2025-10-10T07:45:10.485+0000] {processor.py:830} INFO - Processing file /opt/airflow/dags/environmental_data_pipeline.py for tasks to queue
[2025-10-10T07:45:10.486+0000] {logging_mixin.py:188} INFO - [2025-10-10T07:45:10.486+0000] {dagbag.py:540} INFO - Filling up the DagBag from /opt/airflow/dags/environmental_data_pipeline.py
[2025-10-10T07:45:10.498+0000] {processor.py:840} INFO - DAG(s) 'environmental_data_pipeline' retrieved from /opt/airflow/dags/environmental_data_pipeline.py
[2025-10-10T07:45:10.530+0000] {logging_mixin.py:188} INFO - [2025-10-10T07:45:10.530+0000] {dag.py:3047} INFO - Sync 1 DAGs
[2025-10-10T07:45:10.560+0000] {logging_mixin.py:188} INFO - [2025-10-10T07:45:10.559+0000] {dag.py:3834} INFO - Setting next_dagrun for environmental_data_pipeline to 2025-10-10 07:00:00+00:00, run_after=2025-10-10 08:00:00+00:00
[2025-10-10T07:45:10.591+0000] {processor.py:183} INFO - Processing /opt/airflow/dags/environmental_data_pipeline.py took 0.114 seconds
[2025-10-10T07:45:41.562+0000] {processor.py:161} INFO - Started process (PID=198) to work on /opt/airflow/dags/environmental_data_pipeline.py
[2025-10-10T07:45:41.568+0000] {processor.py:830} INFO - Processing file /opt/airflow/dags/environmental_data_pipeline.py for tasks to queue
[2025-10-10T07:45:41.569+0000] {logging_mixin.py:188} INFO - [2025-10-10T07:45:41.569+0000] {dagbag.py:540} INFO - Filling up the DagBag from /opt/airflow/dags/environmental_data_pipeline.py
[2025-10-10T07:45:41.593+0000] {processor.py:840} INFO - DAG(s) 'environmental_data_pipeline' retrieved from /opt/airflow/dags/environmental_data_pipeline.py
[2025-10-10T07:45:41.664+0000] {logging_mixin.py:188} INFO - [2025-10-10T07:45:41.663+0000] {dag.py:3047} INFO - Sync 1 DAGs
[2025-10-10T07:45:41.698+0000] {logging_mixin.py:188} INFO - [2025-10-10T07:45:41.697+0000] {dag.py:3834} INFO - Setting next_dagrun for environmental_data_pipeline to 2025-10-10 07:00:00+00:00, run_after=2025-10-10 08:00:00+00:00
[2025-10-10T07:45:41.768+0000] {processor.py:183} INFO - Processing /opt/airflow/dags/environmental_data_pipeline.py took 0.216 seconds
[2025-10-10T07:46:12.469+0000] {processor.py:161} INFO - Started process (PID=203) to work on /opt/airflow/dags/environmental_data_pipeline.py
[2025-10-10T07:46:12.472+0000] {processor.py:830} INFO - Processing file /opt/airflow/dags/environmental_data_pipeline.py for tasks to queue
[2025-10-10T07:46:12.472+0000] {logging_mixin.py:188} INFO - [2025-10-10T07:46:12.472+0000] {dagbag.py:540} INFO - Filling up the DagBag from /opt/airflow/dags/environmental_data_pipeline.py
[2025-10-10T07:46:12.484+0000] {processor.py:840} INFO - DAG(s) 'environmental_data_pipeline' retrieved from /opt/airflow/dags/environmental_data_pipeline.py
[2025-10-10T07:46:12.522+0000] {logging_mixin.py:188} INFO - [2025-10-10T07:46:12.522+0000] {dag.py:3047} INFO - Sync 1 DAGs
[2025-10-10T07:46:12.553+0000] {logging_mixin.py:188} INFO - [2025-10-10T07:46:12.552+0000] {dag.py:3834} INFO - Setting next_dagrun for environmental_data_pipeline to 2025-10-10 07:00:00+00:00, run_after=2025-10-10 08:00:00+00:00
[2025-10-10T07:46:12.577+0000] {processor.py:183} INFO - Processing /opt/airflow/dags/environmental_data_pipeline.py took 0.111 seconds
[2025-10-10T07:46:43.371+0000] {processor.py:161} INFO - Started process (PID=208) to work on /opt/airflow/dags/environmental_data_pipeline.py
[2025-10-10T07:46:43.374+0000] {processor.py:830} INFO - Processing file /opt/airflow/dags/environmental_data_pipeline.py for tasks to queue
[2025-10-10T07:46:43.375+0000] {logging_mixin.py:188} INFO - [2025-10-10T07:46:43.375+0000] {dagbag.py:540} INFO - Filling up the DagBag from /opt/airflow/dags/environmental_data_pipeline.py
[2025-10-10T07:46:43.389+0000] {processor.py:840} INFO - DAG(s) 'environmental_data_pipeline' retrieved from /opt/airflow/dags/environmental_data_pipeline.py
[2025-10-10T07:46:43.427+0000] {logging_mixin.py:188} INFO - [2025-10-10T07:46:43.426+0000] {dag.py:3047} INFO - Sync 1 DAGs
[2025-10-10T07:46:43.461+0000] {logging_mixin.py:188} INFO - [2025-10-10T07:46:43.460+0000] {dag.py:3834} INFO - Setting next_dagrun for environmental_data_pipeline to 2025-10-10 07:00:00+00:00, run_after=2025-10-10 08:00:00+00:00
[2025-10-10T07:46:43.490+0000] {processor.py:183} INFO - Processing /opt/airflow/dags/environmental_data_pipeline.py took 0.123 seconds
[2025-10-10T07:47:14.381+0000] {processor.py:161} INFO - Started process (PID=213) to work on /opt/airflow/dags/environmental_data_pipeline.py
[2025-10-10T07:47:14.382+0000] {processor.py:830} INFO - Processing file /opt/airflow/dags/environmental_data_pipeline.py for tasks to queue
[2025-10-10T07:47:14.383+0000] {logging_mixin.py:188} INFO - [2025-10-10T07:47:14.383+0000] {dagbag.py:540} INFO - Filling up the DagBag from /opt/airflow/dags/environmental_data_pipeline.py
[2025-10-10T07:47:14.403+0000] {processor.py:840} INFO - DAG(s) 'environmental_data_pipeline' retrieved from /opt/airflow/dags/environmental_data_pipeline.py
[2025-10-10T07:47:14.443+0000] {logging_mixin.py:188} INFO - [2025-10-10T07:47:14.442+0000] {dag.py:3047} INFO - Sync 1 DAGs
[2025-10-10T07:47:14.522+0000] {logging_mixin.py:188} INFO - [2025-10-10T07:47:14.521+0000] {dag.py:3834} INFO - Setting next_dagrun for environmental_data_pipeline to 2025-10-10 07:00:00+00:00, run_after=2025-10-10 08:00:00+00:00
[2025-10-10T07:47:14.608+0000] {processor.py:183} INFO - Processing /opt/airflow/dags/environmental_data_pipeline.py took 0.232 seconds
[2025-10-10T07:47:31.526+0000] {processor.py:161} INFO - Started process (PID=218) to work on /opt/airflow/dags/environmental_data_pipeline.py
[2025-10-10T07:47:31.536+0000] {processor.py:830} INFO - Processing file /opt/airflow/dags/environmental_data_pipeline.py for tasks to queue
[2025-10-10T07:47:31.537+0000] {logging_mixin.py:188} INFO - [2025-10-10T07:47:31.537+0000] {dagbag.py:540} INFO - Filling up the DagBag from /opt/airflow/dags/environmental_data_pipeline.py
[2025-10-10T07:47:31.639+0000] {processor.py:840} INFO - DAG(s) 'environmental_data_pipeline' retrieved from /opt/airflow/dags/environmental_data_pipeline.py
[2025-10-10T07:47:31.843+0000] {logging_mixin.py:188} INFO - [2025-10-10T07:47:31.842+0000] {dag.py:3047} INFO - Sync 1 DAGs
[2025-10-10T07:47:32.060+0000] {logging_mixin.py:188} INFO - [2025-10-10T07:47:32.059+0000] {dag.py:3834} INFO - Setting next_dagrun for environmental_data_pipeline to 2025-10-10 07:00:00+00:00, run_after=2025-10-10 08:00:00+00:00
[2025-10-10T07:47:32.217+0000] {processor.py:183} INFO - Processing /opt/airflow/dags/environmental_data_pipeline.py took 0.701 seconds
[2025-10-10T07:47:42.486+0000] {processor.py:161} INFO - Started process (PID=223) to work on /opt/airflow/dags/environmental_data_pipeline.py
[2025-10-10T07:47:42.491+0000] {processor.py:830} INFO - Processing file /opt/airflow/dags/environmental_data_pipeline.py for tasks to queue
[2025-10-10T07:47:42.495+0000] {logging_mixin.py:188} INFO - [2025-10-10T07:47:42.493+0000] {dagbag.py:540} INFO - Filling up the DagBag from /opt/airflow/dags/environmental_data_pipeline.py
[2025-10-10T07:47:42.592+0000] {processor.py:840} INFO - DAG(s) 'environmental_data_pipeline' retrieved from /opt/airflow/dags/environmental_data_pipeline.py
[2025-10-10T07:47:42.693+0000] {logging_mixin.py:188} INFO - [2025-10-10T07:47:42.693+0000] {dag.py:3047} INFO - Sync 1 DAGs
[2025-10-10T07:47:42.812+0000] {logging_mixin.py:188} INFO - [2025-10-10T07:47:42.811+0000] {dag.py:3834} INFO - Setting next_dagrun for environmental_data_pipeline to 2025-10-10 07:00:00+00:00, run_after=2025-10-10 08:00:00+00:00
[2025-10-10T07:47:42.914+0000] {processor.py:183} INFO - Processing /opt/airflow/dags/environmental_data_pipeline.py took 0.464 seconds
[2025-10-10T07:47:51.513+0000] {processor.py:161} INFO - Started process (PID=228) to work on /opt/airflow/dags/environmental_data_pipeline.py
[2025-10-10T07:47:51.519+0000] {processor.py:830} INFO - Processing file /opt/airflow/dags/environmental_data_pipeline.py for tasks to queue
[2025-10-10T07:47:49.262+0000] {logging_mixin.py:188} INFO - [2025-10-10T07:47:51.520+0000] {dagbag.py:540} INFO - Filling up the DagBag from /opt/airflow/dags/environmental_data_pipeline.py
[2025-10-10T07:47:49.300+0000] {logging_mixin.py:188} INFO - [2025-10-10T07:47:49.281+0000] {dagbag.py:350} ERROR - Failed to import: /opt/airflow/dags/environmental_data_pipeline.py
Traceback (most recent call last):
  File "/home/airflow/.local/lib/python3.10/site-packages/airflow/models/dagbag.py", line 346, in parse
    loader.exec_module(new_module)
  File "<frozen importlib._bootstrap_external>", line 883, in exec_module
  File "<frozen importlib._bootstrap>", line 241, in _call_with_frames_removed
  File "/opt/airflow/dags/environmental_data_pipeline.py", line 9, in <module>
    sys.path.insert(0, '/opt/airflow/environmental-pulse')
NameError: name 'sys' is not defined
[2025-10-10T07:47:49.301+0000] {processor.py:842} WARNING - No viable dags retrieved from /opt/airflow/dags/environmental_data_pipeline.py
[2025-10-10T07:47:49.392+0000] {processor.py:183} INFO - Processing /opt/airflow/dags/environmental_data_pipeline.py took 0.160 seconds
[2025-10-10T07:47:49.519+0000] {processor.py:161} INFO - Started process (PID=233) to work on /opt/airflow/dags/environmental_data_pipeline.py
[2025-10-10T07:47:49.521+0000] {processor.py:830} INFO - Processing file /opt/airflow/dags/environmental_data_pipeline.py for tasks to queue
[2025-10-10T07:47:49.522+0000] {logging_mixin.py:188} INFO - [2025-10-10T07:47:49.522+0000] {dagbag.py:540} INFO - Filling up the DagBag from /opt/airflow/dags/environmental_data_pipeline.py
[2025-10-10T07:47:49.532+0000] {logging_mixin.py:188} INFO - [2025-10-10T07:47:49.530+0000] {dagbag.py:350} ERROR - Failed to import: /opt/airflow/dags/environmental_data_pipeline.py
Traceback (most recent call last):
  File "/home/airflow/.local/lib/python3.10/site-packages/airflow/models/dagbag.py", line 346, in parse
    loader.exec_module(new_module)
  File "<frozen importlib._bootstrap_external>", line 883, in exec_module
  File "<frozen importlib._bootstrap>", line 241, in _call_with_frames_removed
  File "/opt/airflow/dags/environmental_data_pipeline.py", line 9, in <module>
    sys.path.insert(0, '/opt/airflow/environmental-pulse')
NameError: name 'sys' is not defined
[2025-10-10T07:47:49.532+0000] {processor.py:842} WARNING - No viable dags retrieved from /opt/airflow/dags/environmental_data_pipeline.py
[2025-10-10T07:47:49.608+0000] {processor.py:183} INFO - Processing /opt/airflow/dags/environmental_data_pipeline.py took 0.129 seconds
[2025-10-10T07:47:49.686+0000] {processor.py:161} INFO - Started process (PID=238) to work on /opt/airflow/dags/environmental_data_pipeline.py
[2025-10-10T07:47:49.689+0000] {processor.py:830} INFO - Processing file /opt/airflow/dags/environmental_data_pipeline.py for tasks to queue
[2025-10-10T07:47:49.693+0000] {logging_mixin.py:188} INFO - [2025-10-10T07:47:49.691+0000] {dagbag.py:540} INFO - Filling up the DagBag from /opt/airflow/dags/environmental_data_pipeline.py
[2025-10-10T07:47:49.714+0000] {logging_mixin.py:188} INFO - [2025-10-10T07:47:49.711+0000] {dagbag.py:350} ERROR - Failed to import: /opt/airflow/dags/environmental_data_pipeline.py
Traceback (most recent call last):
  File "/home/airflow/.local/lib/python3.10/site-packages/airflow/models/dagbag.py", line 346, in parse
    loader.exec_module(new_module)
  File "<frozen importlib._bootstrap_external>", line 883, in exec_module
  File "<frozen importlib._bootstrap>", line 241, in _call_with_frames_removed
  File "/opt/airflow/dags/environmental_data_pipeline.py", line 9, in <module>
    sys.path.insert(0, '/opt/airflow/environmental-pulse')
NameError: name 'sys' is not defined
[2025-10-10T07:47:49.716+0000] {processor.py:842} WARNING - No viable dags retrieved from /opt/airflow/dags/environmental_data_pipeline.py
[2025-10-10T07:47:49.976+0000] {processor.py:183} INFO - Processing /opt/airflow/dags/environmental_data_pipeline.py took 0.301 seconds
[2025-10-10T07:47:50.068+0000] {processor.py:161} INFO - Started process (PID=243) to work on /opt/airflow/dags/environmental_data_pipeline.py
[2025-10-10T07:47:50.070+0000] {processor.py:830} INFO - Processing file /opt/airflow/dags/environmental_data_pipeline.py for tasks to queue
[2025-10-10T07:47:50.071+0000] {logging_mixin.py:188} INFO - [2025-10-10T07:47:50.071+0000] {dagbag.py:540} INFO - Filling up the DagBag from /opt/airflow/dags/environmental_data_pipeline.py
[2025-10-10T07:47:50.079+0000] {logging_mixin.py:188} INFO - [2025-10-10T07:47:50.078+0000] {dagbag.py:350} ERROR - Failed to import: /opt/airflow/dags/environmental_data_pipeline.py
Traceback (most recent call last):
  File "/home/airflow/.local/lib/python3.10/site-packages/airflow/models/dagbag.py", line 346, in parse
    loader.exec_module(new_module)
  File "<frozen importlib._bootstrap_external>", line 883, in exec_module
  File "<frozen importlib._bootstrap>", line 241, in _call_with_frames_removed
  File "/opt/airflow/dags/environmental_data_pipeline.py", line 9, in <module>
    sys.path.insert(0, '/opt/airflow/environmental-pulse')
NameError: name 'sys' is not defined
[2025-10-10T07:47:50.080+0000] {processor.py:842} WARNING - No viable dags retrieved from /opt/airflow/dags/environmental_data_pipeline.py
[2025-10-10T07:47:50.131+0000] {processor.py:183} INFO - Processing /opt/airflow/dags/environmental_data_pipeline.py took 0.079 seconds
[2025-10-10T07:47:50.186+0000] {processor.py:161} INFO - Started process (PID=248) to work on /opt/airflow/dags/environmental_data_pipeline.py
[2025-10-10T07:47:50.190+0000] {processor.py:830} INFO - Processing file /opt/airflow/dags/environmental_data_pipeline.py for tasks to queue
[2025-10-10T07:47:50.193+0000] {logging_mixin.py:188} INFO - [2025-10-10T07:47:50.192+0000] {dagbag.py:540} INFO - Filling up the DagBag from /opt/airflow/dags/environmental_data_pipeline.py
[2025-10-10T07:47:50.211+0000] {logging_mixin.py:188} INFO - [2025-10-10T07:47:50.208+0000] {dagbag.py:350} ERROR - Failed to import: /opt/airflow/dags/environmental_data_pipeline.py
Traceback (most recent call last):
  File "/home/airflow/.local/lib/python3.10/site-packages/airflow/models/dagbag.py", line 346, in parse
    loader.exec_module(new_module)
  File "<frozen importlib._bootstrap_external>", line 883, in exec_module
  File "<frozen importlib._bootstrap>", line 241, in _call_with_frames_removed
  File "/opt/airflow/dags/environmental_data_pipeline.py", line 9, in <module>
    sys.path.insert(0, '/opt/airflow/environmental-pulse')
NameError: name 'sys' is not defined
[2025-10-10T07:47:50.217+0000] {processor.py:842} WARNING - No viable dags retrieved from /opt/airflow/dags/environmental_data_pipeline.py
[2025-10-10T07:47:50.269+0000] {processor.py:183} INFO - Processing /opt/airflow/dags/environmental_data_pipeline.py took 0.095 seconds
[2025-10-10T07:47:50.366+0000] {processor.py:161} INFO - Started process (PID=253) to work on /opt/airflow/dags/environmental_data_pipeline.py
[2025-10-10T07:47:50.372+0000] {processor.py:830} INFO - Processing file /opt/airflow/dags/environmental_data_pipeline.py for tasks to queue
[2025-10-10T07:47:50.374+0000] {logging_mixin.py:188} INFO - [2025-10-10T07:47:50.373+0000] {dagbag.py:540} INFO - Filling up the DagBag from /opt/airflow/dags/environmental_data_pipeline.py
[2025-10-10T07:47:50.382+0000] {logging_mixin.py:188} INFO - [2025-10-10T07:47:50.381+0000] {dagbag.py:350} ERROR - Failed to import: /opt/airflow/dags/environmental_data_pipeline.py
Traceback (most recent call last):
  File "/home/airflow/.local/lib/python3.10/site-packages/airflow/models/dagbag.py", line 346, in parse
    loader.exec_module(new_module)
  File "<frozen importlib._bootstrap_external>", line 883, in exec_module
  File "<frozen importlib._bootstrap>", line 241, in _call_with_frames_removed
  File "/opt/airflow/dags/environmental_data_pipeline.py", line 9, in <module>
    sys.path.insert(0, '/opt/airflow/environmental-pulse')
NameError: name 'sys' is not defined
[2025-10-10T07:47:50.383+0000] {processor.py:842} WARNING - No viable dags retrieved from /opt/airflow/dags/environmental_data_pipeline.py
[2025-10-10T07:47:50.425+0000] {processor.py:183} INFO - Processing /opt/airflow/dags/environmental_data_pipeline.py took 0.070 seconds
[2025-10-10T07:47:50.475+0000] {processor.py:161} INFO - Started process (PID=258) to work on /opt/airflow/dags/environmental_data_pipeline.py
[2025-10-10T07:47:50.477+0000] {processor.py:830} INFO - Processing file /opt/airflow/dags/environmental_data_pipeline.py for tasks to queue
[2025-10-10T07:47:50.478+0000] {logging_mixin.py:188} INFO - [2025-10-10T07:47:50.478+0000] {dagbag.py:540} INFO - Filling up the DagBag from /opt/airflow/dags/environmental_data_pipeline.py
[2025-10-10T07:47:50.485+0000] {logging_mixin.py:188} INFO - [2025-10-10T07:47:50.484+0000] {dagbag.py:350} ERROR - Failed to import: /opt/airflow/dags/environmental_data_pipeline.py
Traceback (most recent call last):
  File "/home/airflow/.local/lib/python3.10/site-packages/airflow/models/dagbag.py", line 346, in parse
    loader.exec_module(new_module)
  File "<frozen importlib._bootstrap_external>", line 883, in exec_module
  File "<frozen importlib._bootstrap>", line 241, in _call_with_frames_removed
  File "/opt/airflow/dags/environmental_data_pipeline.py", line 9, in <module>
    sys.path.insert(0, '/opt/airflow/environmental-pulse')
NameError: name 'sys' is not defined
[2025-10-10T07:47:50.486+0000] {processor.py:842} WARNING - No viable dags retrieved from /opt/airflow/dags/environmental_data_pipeline.py
[2025-10-10T07:47:50.530+0000] {processor.py:183} INFO - Processing /opt/airflow/dags/environmental_data_pipeline.py took 0.061 seconds
[2025-10-10T07:47:50.585+0000] {processor.py:161} INFO - Started process (PID=263) to work on /opt/airflow/dags/environmental_data_pipeline.py
[2025-10-10T07:47:50.587+0000] {processor.py:830} INFO - Processing file /opt/airflow/dags/environmental_data_pipeline.py for tasks to queue
[2025-10-10T07:47:50.588+0000] {logging_mixin.py:188} INFO - [2025-10-10T07:47:50.588+0000] {dagbag.py:540} INFO - Filling up the DagBag from /opt/airflow/dags/environmental_data_pipeline.py
[2025-10-10T07:47:50.595+0000] {logging_mixin.py:188} INFO - [2025-10-10T07:47:50.594+0000] {dagbag.py:350} ERROR - Failed to import: /opt/airflow/dags/environmental_data_pipeline.py
Traceback (most recent call last):
  File "/home/airflow/.local/lib/python3.10/site-packages/airflow/models/dagbag.py", line 346, in parse
    loader.exec_module(new_module)
  File "<frozen importlib._bootstrap_external>", line 883, in exec_module
  File "<frozen importlib._bootstrap>", line 241, in _call_with_frames_removed
  File "/opt/airflow/dags/environmental_data_pipeline.py", line 9, in <module>
    sys.path.insert(0, '/opt/airflow/environmental-pulse')
NameError: name 'sys' is not defined
[2025-10-10T07:47:50.596+0000] {processor.py:842} WARNING - No viable dags retrieved from /opt/airflow/dags/environmental_data_pipeline.py
[2025-10-10T07:47:50.654+0000] {processor.py:183} INFO - Processing /opt/airflow/dags/environmental_data_pipeline.py took 0.076 seconds
[2025-10-10T07:47:50.726+0000] {processor.py:161} INFO - Started process (PID=268) to work on /opt/airflow/dags/environmental_data_pipeline.py
[2025-10-10T07:47:50.729+0000] {processor.py:830} INFO - Processing file /opt/airflow/dags/environmental_data_pipeline.py for tasks to queue
[2025-10-10T07:47:50.731+0000] {logging_mixin.py:188} INFO - [2025-10-10T07:47:50.730+0000] {dagbag.py:540} INFO - Filling up the DagBag from /opt/airflow/dags/environmental_data_pipeline.py
[2025-10-10T07:47:50.737+0000] {logging_mixin.py:188} INFO - [2025-10-10T07:47:50.736+0000] {dagbag.py:350} ERROR - Failed to import: /opt/airflow/dags/environmental_data_pipeline.py
Traceback (most recent call last):
  File "/home/airflow/.local/lib/python3.10/site-packages/airflow/models/dagbag.py", line 346, in parse
    loader.exec_module(new_module)
  File "<frozen importlib._bootstrap_external>", line 883, in exec_module
  File "<frozen importlib._bootstrap>", line 241, in _call_with_frames_removed
  File "/opt/airflow/dags/environmental_data_pipeline.py", line 9, in <module>
    sys.path.insert(0, '/opt/airflow/environmental-pulse')
NameError: name 'sys' is not defined
[2025-10-10T07:47:50.738+0000] {processor.py:842} WARNING - No viable dags retrieved from /opt/airflow/dags/environmental_data_pipeline.py
[2025-10-10T07:47:50.794+0000] {processor.py:183} INFO - Processing /opt/airflow/dags/environmental_data_pipeline.py took 0.077 seconds
[2025-10-10T07:47:50.883+0000] {processor.py:161} INFO - Started process (PID=273) to work on /opt/airflow/dags/environmental_data_pipeline.py
[2025-10-10T07:47:50.886+0000] {processor.py:830} INFO - Processing file /opt/airflow/dags/environmental_data_pipeline.py for tasks to queue
[2025-10-10T07:47:50.887+0000] {logging_mixin.py:188} INFO - [2025-10-10T07:47:50.887+0000] {dagbag.py:540} INFO - Filling up the DagBag from /opt/airflow/dags/environmental_data_pipeline.py
[2025-10-10T07:47:50.898+0000] {logging_mixin.py:188} INFO - [2025-10-10T07:47:50.895+0000] {dagbag.py:350} ERROR - Failed to import: /opt/airflow/dags/environmental_data_pipeline.py
Traceback (most recent call last):
  File "/home/airflow/.local/lib/python3.10/site-packages/airflow/models/dagbag.py", line 346, in parse
    loader.exec_module(new_module)
  File "<frozen importlib._bootstrap_external>", line 883, in exec_module
  File "<frozen importlib._bootstrap>", line 241, in _call_with_frames_removed
  File "/opt/airflow/dags/environmental_data_pipeline.py", line 9, in <module>
    sys.path.insert(0, '/opt/airflow/environmental-pulse')
NameError: name 'sys' is not defined
[2025-10-10T07:47:50.902+0000] {processor.py:842} WARNING - No viable dags retrieved from /opt/airflow/dags/environmental_data_pipeline.py
[2025-10-10T07:47:51.125+0000] {processor.py:183} INFO - Processing /opt/airflow/dags/environmental_data_pipeline.py took 0.251 seconds
[2025-10-10T07:47:53.300+0000] {processor.py:161} INFO - Started process (PID=278) to work on /opt/airflow/dags/environmental_data_pipeline.py
[2025-10-10T07:47:53.308+0000] {processor.py:830} INFO - Processing file /opt/airflow/dags/environmental_data_pipeline.py for tasks to queue
[2025-10-10T07:47:53.310+0000] {logging_mixin.py:188} INFO - [2025-10-10T07:47:53.309+0000] {dagbag.py:540} INFO - Filling up the DagBag from /opt/airflow/dags/environmental_data_pipeline.py
[2025-10-10T07:47:53.342+0000] {processor.py:840} INFO - DAG(s) 'environmental_data_pipeline' retrieved from /opt/airflow/dags/environmental_data_pipeline.py
[2025-10-10T07:47:53.438+0000] {logging_mixin.py:188} INFO - [2025-10-10T07:47:53.437+0000] {dag.py:3047} INFO - Sync 1 DAGs
[2025-10-10T07:47:53.495+0000] {logging_mixin.py:188} INFO - [2025-10-10T07:47:53.495+0000] {dag.py:3834} INFO - Setting next_dagrun for environmental_data_pipeline to 2025-10-10 07:00:00+00:00, run_after=2025-10-10 08:00:00+00:00
[2025-10-10T07:47:53.556+0000] {processor.py:183} INFO - Processing /opt/airflow/dags/environmental_data_pipeline.py took 0.264 seconds
[2025-10-10T07:48:24.237+0000] {processor.py:161} INFO - Started process (PID=283) to work on /opt/airflow/dags/environmental_data_pipeline.py
[2025-10-10T07:48:24.239+0000] {processor.py:830} INFO - Processing file /opt/airflow/dags/environmental_data_pipeline.py for tasks to queue
[2025-10-10T07:48:24.240+0000] {logging_mixin.py:188} INFO - [2025-10-10T07:48:24.240+0000] {dagbag.py:540} INFO - Filling up the DagBag from /opt/airflow/dags/environmental_data_pipeline.py
[2025-10-10T07:48:24.251+0000] {processor.py:840} INFO - DAG(s) 'environmental_data_pipeline' retrieved from /opt/airflow/dags/environmental_data_pipeline.py
[2025-10-10T07:48:24.285+0000] {logging_mixin.py:188} INFO - [2025-10-10T07:48:24.285+0000] {dag.py:3047} INFO - Sync 1 DAGs
[2025-10-10T07:48:24.311+0000] {logging_mixin.py:188} INFO - [2025-10-10T07:48:24.310+0000] {dag.py:3834} INFO - Setting next_dagrun for environmental_data_pipeline to 2025-10-10 07:00:00+00:00, run_after=2025-10-10 08:00:00+00:00
[2025-10-10T07:48:24.334+0000] {processor.py:183} INFO - Processing /opt/airflow/dags/environmental_data_pipeline.py took 0.101 seconds
[2025-10-10T07:48:55.112+0000] {processor.py:161} INFO - Started process (PID=288) to work on /opt/airflow/dags/environmental_data_pipeline.py
[2025-10-10T07:48:55.116+0000] {processor.py:830} INFO - Processing file /opt/airflow/dags/environmental_data_pipeline.py for tasks to queue
[2025-10-10T07:48:55.117+0000] {logging_mixin.py:188} INFO - [2025-10-10T07:48:55.117+0000] {dagbag.py:540} INFO - Filling up the DagBag from /opt/airflow/dags/environmental_data_pipeline.py
[2025-10-10T07:48:55.132+0000] {processor.py:840} INFO - DAG(s) 'environmental_data_pipeline' retrieved from /opt/airflow/dags/environmental_data_pipeline.py
[2025-10-10T07:48:55.170+0000] {logging_mixin.py:188} INFO - [2025-10-10T07:48:55.169+0000] {dag.py:3047} INFO - Sync 1 DAGs
[2025-10-10T07:48:55.208+0000] {logging_mixin.py:188} INFO - [2025-10-10T07:48:55.206+0000] {dag.py:3834} INFO - Setting next_dagrun for environmental_data_pipeline to 2025-10-10 07:00:00+00:00, run_after=2025-10-10 08:00:00+00:00
[2025-10-10T07:48:55.357+0000] {processor.py:183} INFO - Processing /opt/airflow/dags/environmental_data_pipeline.py took 0.250 seconds
[2025-10-10T07:49:26.162+0000] {processor.py:161} INFO - Started process (PID=296) to work on /opt/airflow/dags/environmental_data_pipeline.py
[2025-10-10T07:49:26.165+0000] {processor.py:830} INFO - Processing file /opt/airflow/dags/environmental_data_pipeline.py for tasks to queue
[2025-10-10T07:49:26.166+0000] {logging_mixin.py:188} INFO - [2025-10-10T07:49:26.166+0000] {dagbag.py:540} INFO - Filling up the DagBag from /opt/airflow/dags/environmental_data_pipeline.py
[2025-10-10T07:49:26.180+0000] {processor.py:840} INFO - DAG(s) 'environmental_data_pipeline' retrieved from /opt/airflow/dags/environmental_data_pipeline.py
[2025-10-10T07:49:26.232+0000] {logging_mixin.py:188} INFO - [2025-10-10T07:49:26.232+0000] {dag.py:3047} INFO - Sync 1 DAGs
[2025-10-10T07:49:26.278+0000] {logging_mixin.py:188} INFO - [2025-10-10T07:49:26.278+0000] {dag.py:3834} INFO - Setting next_dagrun for environmental_data_pipeline to 2025-10-10 07:00:00+00:00, run_after=2025-10-10 08:00:00+00:00
[2025-10-10T07:49:26.311+0000] {processor.py:183} INFO - Processing /opt/airflow/dags/environmental_data_pipeline.py took 0.153 seconds
[2025-10-10T07:55:04.151+0000] {processor.py:161} INFO - Started process (PID=160) to work on /opt/airflow/dags/environmental_data_pipeline.py
[2025-10-10T07:55:04.156+0000] {processor.py:830} INFO - Processing file /opt/airflow/dags/environmental_data_pipeline.py for tasks to queue
[2025-10-10T07:55:04.157+0000] {logging_mixin.py:188} INFO - [2025-10-10T07:55:04.157+0000] {dagbag.py:540} INFO - Filling up the DagBag from /opt/airflow/dags/environmental_data_pipeline.py
[2025-10-10T07:55:04.229+0000] {processor.py:840} INFO - DAG(s) 'environmental_data_pipeline' retrieved from /opt/airflow/dags/environmental_data_pipeline.py
[2025-10-10T07:55:04.360+0000] {logging_mixin.py:188} INFO - [2025-10-10T07:55:04.360+0000] {dag.py:3047} INFO - Sync 1 DAGs
[2025-10-10T07:55:04.409+0000] {logging_mixin.py:188} INFO - [2025-10-10T07:55:04.408+0000] {dag.py:3834} INFO - Setting next_dagrun for environmental_data_pipeline to 2025-10-10 07:00:00+00:00, run_after=2025-10-10 08:00:00+00:00
[2025-10-10T07:55:04.444+0000] {processor.py:183} INFO - Processing /opt/airflow/dags/environmental_data_pipeline.py took 0.301 seconds
[2025-10-10T07:55:35.265+0000] {processor.py:161} INFO - Started process (PID=165) to work on /opt/airflow/dags/environmental_data_pipeline.py
[2025-10-10T07:55:35.274+0000] {processor.py:830} INFO - Processing file /opt/airflow/dags/environmental_data_pipeline.py for tasks to queue
[2025-10-10T07:55:35.279+0000] {logging_mixin.py:188} INFO - [2025-10-10T07:55:35.278+0000] {dagbag.py:540} INFO - Filling up the DagBag from /opt/airflow/dags/environmental_data_pipeline.py
[2025-10-10T07:55:35.320+0000] {processor.py:840} INFO - DAG(s) 'environmental_data_pipeline' retrieved from /opt/airflow/dags/environmental_data_pipeline.py
[2025-10-10T07:55:35.771+0000] {logging_mixin.py:188} INFO - [2025-10-10T07:55:35.770+0000] {dag.py:3047} INFO - Sync 1 DAGs
[2025-10-10T07:55:35.806+0000] {logging_mixin.py:188} INFO - [2025-10-10T07:55:35.805+0000] {dag.py:3834} INFO - Setting next_dagrun for environmental_data_pipeline to 2025-10-10 07:00:00+00:00, run_after=2025-10-10 08:00:00+00:00
[2025-10-10T07:55:35.839+0000] {processor.py:183} INFO - Processing /opt/airflow/dags/environmental_data_pipeline.py took 0.583 seconds
[2025-10-10T07:56:06.239+0000] {processor.py:161} INFO - Started process (PID=170) to work on /opt/airflow/dags/environmental_data_pipeline.py
[2025-10-10T07:56:06.240+0000] {processor.py:830} INFO - Processing file /opt/airflow/dags/environmental_data_pipeline.py for tasks to queue
[2025-10-10T07:56:06.241+0000] {logging_mixin.py:188} INFO - [2025-10-10T07:56:06.241+0000] {dagbag.py:540} INFO - Filling up the DagBag from /opt/airflow/dags/environmental_data_pipeline.py
[2025-10-10T07:56:06.253+0000] {processor.py:840} INFO - DAG(s) 'environmental_data_pipeline' retrieved from /opt/airflow/dags/environmental_data_pipeline.py
[2025-10-10T07:56:06.280+0000] {logging_mixin.py:188} INFO - [2025-10-10T07:56:06.279+0000] {dag.py:3047} INFO - Sync 1 DAGs
[2025-10-10T07:56:06.304+0000] {logging_mixin.py:188} INFO - [2025-10-10T07:56:06.303+0000] {dag.py:3834} INFO - Setting next_dagrun for environmental_data_pipeline to 2025-10-10 07:00:00+00:00, run_after=2025-10-10 08:00:00+00:00
[2025-10-10T07:56:06.330+0000] {processor.py:183} INFO - Processing /opt/airflow/dags/environmental_data_pipeline.py took 0.095 seconds
[2025-10-10T07:56:37.113+0000] {processor.py:161} INFO - Started process (PID=175) to work on /opt/airflow/dags/environmental_data_pipeline.py
[2025-10-10T07:56:37.127+0000] {processor.py:830} INFO - Processing file /opt/airflow/dags/environmental_data_pipeline.py for tasks to queue
[2025-10-10T07:56:37.130+0000] {logging_mixin.py:188} INFO - [2025-10-10T07:56:37.129+0000] {dagbag.py:540} INFO - Filling up the DagBag from /opt/airflow/dags/environmental_data_pipeline.py
[2025-10-10T07:56:37.166+0000] {processor.py:840} INFO - DAG(s) 'environmental_data_pipeline' retrieved from /opt/airflow/dags/environmental_data_pipeline.py
[2025-10-10T07:56:37.262+0000] {logging_mixin.py:188} INFO - [2025-10-10T07:56:37.261+0000] {dag.py:3047} INFO - Sync 1 DAGs
[2025-10-10T07:56:37.313+0000] {logging_mixin.py:188} INFO - [2025-10-10T07:56:37.312+0000] {dag.py:3834} INFO - Setting next_dagrun for environmental_data_pipeline to 2025-10-10 07:00:00+00:00, run_after=2025-10-10 08:00:00+00:00
[2025-10-10T07:56:37.390+0000] {processor.py:183} INFO - Processing /opt/airflow/dags/environmental_data_pipeline.py took 0.286 seconds
[2025-10-10T07:57:08.082+0000] {processor.py:161} INFO - Started process (PID=180) to work on /opt/airflow/dags/environmental_data_pipeline.py
[2025-10-10T07:57:08.086+0000] {processor.py:830} INFO - Processing file /opt/airflow/dags/environmental_data_pipeline.py for tasks to queue
[2025-10-10T07:57:08.087+0000] {logging_mixin.py:188} INFO - [2025-10-10T07:57:08.087+0000] {dagbag.py:540} INFO - Filling up the DagBag from /opt/airflow/dags/environmental_data_pipeline.py
[2025-10-10T07:57:08.110+0000] {processor.py:840} INFO - DAG(s) 'environmental_data_pipeline' retrieved from /opt/airflow/dags/environmental_data_pipeline.py
[2025-10-10T07:57:08.161+0000] {logging_mixin.py:188} INFO - [2025-10-10T07:57:08.160+0000] {dag.py:3047} INFO - Sync 1 DAGs
[2025-10-10T07:57:08.197+0000] {logging_mixin.py:188} INFO - [2025-10-10T07:57:08.197+0000] {dag.py:3834} INFO - Setting next_dagrun for environmental_data_pipeline to 2025-10-10 07:00:00+00:00, run_after=2025-10-10 08:00:00+00:00
[2025-10-10T07:57:08.226+0000] {processor.py:183} INFO - Processing /opt/airflow/dags/environmental_data_pipeline.py took 0.151 seconds
[2025-10-10T07:57:38.990+0000] {processor.py:161} INFO - Started process (PID=185) to work on /opt/airflow/dags/environmental_data_pipeline.py
[2025-10-10T07:57:38.993+0000] {processor.py:830} INFO - Processing file /opt/airflow/dags/environmental_data_pipeline.py for tasks to queue
[2025-10-10T07:57:38.994+0000] {logging_mixin.py:188} INFO - [2025-10-10T07:57:38.994+0000] {dagbag.py:540} INFO - Filling up the DagBag from /opt/airflow/dags/environmental_data_pipeline.py
[2025-10-10T07:57:39.007+0000] {processor.py:840} INFO - DAG(s) 'environmental_data_pipeline' retrieved from /opt/airflow/dags/environmental_data_pipeline.py
[2025-10-10T07:57:39.043+0000] {logging_mixin.py:188} INFO - [2025-10-10T07:57:39.043+0000] {dag.py:3047} INFO - Sync 1 DAGs
[2025-10-10T07:57:39.066+0000] {logging_mixin.py:188} INFO - [2025-10-10T07:57:39.065+0000] {dag.py:3834} INFO - Setting next_dagrun for environmental_data_pipeline to 2025-10-10 07:00:00+00:00, run_after=2025-10-10 08:00:00+00:00
[2025-10-10T07:57:39.091+0000] {processor.py:183} INFO - Processing /opt/airflow/dags/environmental_data_pipeline.py took 0.105 seconds
[2025-10-10T07:58:09.847+0000] {processor.py:161} INFO - Started process (PID=190) to work on /opt/airflow/dags/environmental_data_pipeline.py
[2025-10-10T07:58:09.852+0000] {processor.py:830} INFO - Processing file /opt/airflow/dags/environmental_data_pipeline.py for tasks to queue
[2025-10-10T07:58:09.853+0000] {logging_mixin.py:188} INFO - [2025-10-10T07:58:09.853+0000] {dagbag.py:540} INFO - Filling up the DagBag from /opt/airflow/dags/environmental_data_pipeline.py
[2025-10-10T07:58:09.870+0000] {processor.py:840} INFO - DAG(s) 'environmental_data_pipeline' retrieved from /opt/airflow/dags/environmental_data_pipeline.py
[2025-10-10T07:58:09.903+0000] {logging_mixin.py:188} INFO - [2025-10-10T07:58:09.902+0000] {dag.py:3047} INFO - Sync 1 DAGs
[2025-10-10T07:58:09.928+0000] {logging_mixin.py:188} INFO - [2025-10-10T07:58:09.927+0000] {dag.py:3834} INFO - Setting next_dagrun for environmental_data_pipeline to 2025-10-10 07:00:00+00:00, run_after=2025-10-10 08:00:00+00:00
[2025-10-10T07:58:09.951+0000] {processor.py:183} INFO - Processing /opt/airflow/dags/environmental_data_pipeline.py took 0.109 seconds
[2025-10-10T07:58:40.832+0000] {processor.py:161} INFO - Started process (PID=195) to work on /opt/airflow/dags/environmental_data_pipeline.py
[2025-10-10T07:58:40.837+0000] {processor.py:830} INFO - Processing file /opt/airflow/dags/environmental_data_pipeline.py for tasks to queue
[2025-10-10T07:58:40.838+0000] {logging_mixin.py:188} INFO - [2025-10-10T07:58:40.837+0000] {dagbag.py:540} INFO - Filling up the DagBag from /opt/airflow/dags/environmental_data_pipeline.py
[2025-10-10T07:58:40.860+0000] {processor.py:840} INFO - DAG(s) 'environmental_data_pipeline' retrieved from /opt/airflow/dags/environmental_data_pipeline.py
[2025-10-10T07:58:40.907+0000] {logging_mixin.py:188} INFO - [2025-10-10T07:58:40.907+0000] {dag.py:3047} INFO - Sync 1 DAGs
[2025-10-10T07:58:40.943+0000] {logging_mixin.py:188} INFO - [2025-10-10T07:58:40.943+0000] {dag.py:3834} INFO - Setting next_dagrun for environmental_data_pipeline to 2025-10-10 07:00:00+00:00, run_after=2025-10-10 08:00:00+00:00
[2025-10-10T07:58:40.970+0000] {processor.py:183} INFO - Processing /opt/airflow/dags/environmental_data_pipeline.py took 0.143 seconds
[2025-10-10T07:59:11.794+0000] {processor.py:161} INFO - Started process (PID=200) to work on /opt/airflow/dags/environmental_data_pipeline.py
[2025-10-10T07:59:11.798+0000] {processor.py:830} INFO - Processing file /opt/airflow/dags/environmental_data_pipeline.py for tasks to queue
[2025-10-10T07:59:11.800+0000] {logging_mixin.py:188} INFO - [2025-10-10T07:59:11.799+0000] {dagbag.py:540} INFO - Filling up the DagBag from /opt/airflow/dags/environmental_data_pipeline.py
[2025-10-10T07:59:11.823+0000] {processor.py:840} INFO - DAG(s) 'environmental_data_pipeline' retrieved from /opt/airflow/dags/environmental_data_pipeline.py
[2025-10-10T07:59:11.871+0000] {logging_mixin.py:188} INFO - [2025-10-10T07:59:11.871+0000] {dag.py:3047} INFO - Sync 1 DAGs
[2025-10-10T07:59:11.910+0000] {logging_mixin.py:188} INFO - [2025-10-10T07:59:11.910+0000] {dag.py:3834} INFO - Setting next_dagrun for environmental_data_pipeline to 2025-10-10 07:00:00+00:00, run_after=2025-10-10 08:00:00+00:00
[2025-10-10T07:59:11.934+0000] {processor.py:183} INFO - Processing /opt/airflow/dags/environmental_data_pipeline.py took 0.146 seconds
[2025-10-10T08:02:31.376+0000] {processor.py:161} INFO - Started process (PID=159) to work on /opt/airflow/dags/environmental_data_pipeline.py
[2025-10-10T08:02:31.393+0000] {processor.py:830} INFO - Processing file /opt/airflow/dags/environmental_data_pipeline.py for tasks to queue
[2025-10-10T08:02:31.395+0000] {logging_mixin.py:188} INFO - [2025-10-10T08:02:31.394+0000] {dagbag.py:540} INFO - Filling up the DagBag from /opt/airflow/dags/environmental_data_pipeline.py
[2025-10-10T08:02:31.421+0000] {processor.py:840} INFO - DAG(s) 'environmental_data_pipeline' retrieved from /opt/airflow/dags/environmental_data_pipeline.py
[2025-10-10T08:02:31.472+0000] {logging_mixin.py:188} INFO - [2025-10-10T08:02:31.471+0000] {dag.py:3047} INFO - Sync 1 DAGs
[2025-10-10T08:02:31.515+0000] {logging_mixin.py:188} INFO - [2025-10-10T08:02:31.514+0000] {dag.py:3834} INFO - Setting next_dagrun for environmental_data_pipeline to 2025-10-10 08:00:00+00:00, run_after=2025-10-10 09:00:00+00:00
[2025-10-10T08:02:31.548+0000] {processor.py:183} INFO - Processing /opt/airflow/dags/environmental_data_pipeline.py took 0.177 seconds
[2025-10-10T08:03:02.418+0000] {processor.py:161} INFO - Started process (PID=168) to work on /opt/airflow/dags/environmental_data_pipeline.py
[2025-10-10T08:03:02.420+0000] {processor.py:830} INFO - Processing file /opt/airflow/dags/environmental_data_pipeline.py for tasks to queue
[2025-10-10T08:03:02.421+0000] {logging_mixin.py:188} INFO - [2025-10-10T08:03:02.421+0000] {dagbag.py:540} INFO - Filling up the DagBag from /opt/airflow/dags/environmental_data_pipeline.py
[2025-10-10T08:03:02.433+0000] {processor.py:840} INFO - DAG(s) 'environmental_data_pipeline' retrieved from /opt/airflow/dags/environmental_data_pipeline.py
[2025-10-10T08:03:02.660+0000] {logging_mixin.py:188} INFO - [2025-10-10T08:03:02.659+0000] {dag.py:3047} INFO - Sync 1 DAGs
[2025-10-10T08:03:02.684+0000] {logging_mixin.py:188} INFO - [2025-10-10T08:03:02.684+0000] {dag.py:3834} INFO - Setting next_dagrun for environmental_data_pipeline to 2025-10-10 08:00:00+00:00, run_after=2025-10-10 09:00:00+00:00
[2025-10-10T08:03:02.707+0000] {processor.py:183} INFO - Processing /opt/airflow/dags/environmental_data_pipeline.py took 0.292 seconds
[2025-10-10T08:03:33.395+0000] {processor.py:161} INFO - Started process (PID=173) to work on /opt/airflow/dags/environmental_data_pipeline.py
[2025-10-10T08:03:33.398+0000] {processor.py:830} INFO - Processing file /opt/airflow/dags/environmental_data_pipeline.py for tasks to queue
[2025-10-10T08:03:33.399+0000] {logging_mixin.py:188} INFO - [2025-10-10T08:03:33.399+0000] {dagbag.py:540} INFO - Filling up the DagBag from /opt/airflow/dags/environmental_data_pipeline.py
[2025-10-10T08:03:33.421+0000] {processor.py:840} INFO - DAG(s) 'environmental_data_pipeline' retrieved from /opt/airflow/dags/environmental_data_pipeline.py
[2025-10-10T08:03:33.468+0000] {logging_mixin.py:188} INFO - [2025-10-10T08:03:33.467+0000] {dag.py:3047} INFO - Sync 1 DAGs
[2025-10-10T08:03:33.512+0000] {logging_mixin.py:188} INFO - [2025-10-10T08:03:33.512+0000] {dag.py:3834} INFO - Setting next_dagrun for environmental_data_pipeline to 2025-10-10 08:00:00+00:00, run_after=2025-10-10 09:00:00+00:00
[2025-10-10T08:03:33.543+0000] {processor.py:183} INFO - Processing /opt/airflow/dags/environmental_data_pipeline.py took 0.153 seconds
[2025-10-10T08:04:04.253+0000] {processor.py:161} INFO - Started process (PID=178) to work on /opt/airflow/dags/environmental_data_pipeline.py
[2025-10-10T08:04:04.256+0000] {processor.py:830} INFO - Processing file /opt/airflow/dags/environmental_data_pipeline.py for tasks to queue
[2025-10-10T08:04:04.265+0000] {logging_mixin.py:188} INFO - [2025-10-10T08:04:04.257+0000] {dagbag.py:540} INFO - Filling up the DagBag from /opt/airflow/dags/environmental_data_pipeline.py
[2025-10-10T08:04:04.385+0000] {processor.py:840} INFO - DAG(s) 'environmental_data_pipeline' retrieved from /opt/airflow/dags/environmental_data_pipeline.py
[2025-10-10T08:04:04.473+0000] {logging_mixin.py:188} INFO - [2025-10-10T08:04:04.473+0000] {dag.py:3047} INFO - Sync 1 DAGs
[2025-10-10T08:04:04.552+0000] {logging_mixin.py:188} INFO - [2025-10-10T08:04:04.551+0000] {dag.py:3834} INFO - Setting next_dagrun for environmental_data_pipeline to 2025-10-10 08:00:00+00:00, run_after=2025-10-10 09:00:00+00:00
[2025-10-10T08:04:04.586+0000] {processor.py:183} INFO - Processing /opt/airflow/dags/environmental_data_pipeline.py took 0.349 seconds
[2025-10-10T08:04:34.755+0000] {processor.py:161} INFO - Started process (PID=183) to work on /opt/airflow/dags/environmental_data_pipeline.py
[2025-10-10T08:04:34.760+0000] {processor.py:830} INFO - Processing file /opt/airflow/dags/environmental_data_pipeline.py for tasks to queue
[2025-10-10T08:04:34.770+0000] {logging_mixin.py:188} INFO - [2025-10-10T08:04:34.762+0000] {dagbag.py:540} INFO - Filling up the DagBag from /opt/airflow/dags/environmental_data_pipeline.py
[2025-10-10T08:04:34.977+0000] {processor.py:840} INFO - DAG(s) 'environmental_data_pipeline' retrieved from /opt/airflow/dags/environmental_data_pipeline.py
[2025-10-10T08:04:35.128+0000] {logging_mixin.py:188} INFO - [2025-10-10T08:04:35.128+0000] {dag.py:3047} INFO - Sync 1 DAGs
[2025-10-10T08:04:35.423+0000] {logging_mixin.py:188} INFO - [2025-10-10T08:04:35.419+0000] {dag.py:3834} INFO - Setting next_dagrun for environmental_data_pipeline to 2025-10-10 08:00:00+00:00, run_after=2025-10-10 09:00:00+00:00
[2025-10-10T08:04:35.490+0000] {processor.py:183} INFO - Processing /opt/airflow/dags/environmental_data_pipeline.py took 0.745 seconds
[2025-10-10T08:05:05.696+0000] {processor.py:161} INFO - Started process (PID=188) to work on /opt/airflow/dags/environmental_data_pipeline.py
[2025-10-10T08:05:05.698+0000] {processor.py:830} INFO - Processing file /opt/airflow/dags/environmental_data_pipeline.py for tasks to queue
[2025-10-10T08:05:05.700+0000] {logging_mixin.py:188} INFO - [2025-10-10T08:05:05.699+0000] {dagbag.py:540} INFO - Filling up the DagBag from /opt/airflow/dags/environmental_data_pipeline.py
[2025-10-10T08:05:05.774+0000] {processor.py:840} INFO - DAG(s) 'environmental_data_pipeline' retrieved from /opt/airflow/dags/environmental_data_pipeline.py
[2025-10-10T08:05:05.808+0000] {logging_mixin.py:188} INFO - [2025-10-10T08:05:05.808+0000] {dag.py:3047} INFO - Sync 1 DAGs
[2025-10-10T08:05:05.914+0000] {logging_mixin.py:188} INFO - [2025-10-10T08:05:05.914+0000] {dag.py:3834} INFO - Setting next_dagrun for environmental_data_pipeline to 2025-10-10 08:00:00+00:00, run_after=2025-10-10 09:00:00+00:00
[2025-10-10T08:05:05.970+0000] {processor.py:183} INFO - Processing /opt/airflow/dags/environmental_data_pipeline.py took 0.297 seconds
[2025-10-10T08:05:36.499+0000] {processor.py:161} INFO - Started process (PID=193) to work on /opt/airflow/dags/environmental_data_pipeline.py
[2025-10-10T08:05:36.501+0000] {processor.py:830} INFO - Processing file /opt/airflow/dags/environmental_data_pipeline.py for tasks to queue
[2025-10-10T08:05:36.503+0000] {logging_mixin.py:188} INFO - [2025-10-10T08:05:36.503+0000] {dagbag.py:540} INFO - Filling up the DagBag from /opt/airflow/dags/environmental_data_pipeline.py
[2025-10-10T08:05:36.598+0000] {processor.py:840} INFO - DAG(s) 'environmental_data_pipeline' retrieved from /opt/airflow/dags/environmental_data_pipeline.py
[2025-10-10T08:05:36.996+0000] {logging_mixin.py:188} INFO - [2025-10-10T08:05:36.996+0000] {dag.py:3047} INFO - Sync 1 DAGs
[2025-10-10T08:05:37.022+0000] {logging_mixin.py:188} INFO - [2025-10-10T08:05:37.021+0000] {dag.py:3834} INFO - Setting next_dagrun for environmental_data_pipeline to 2025-10-10 08:00:00+00:00, run_after=2025-10-10 09:00:00+00:00
[2025-10-10T08:05:37.058+0000] {processor.py:183} INFO - Processing /opt/airflow/dags/environmental_data_pipeline.py took 0.571 seconds
[2025-10-10T08:06:07.661+0000] {processor.py:161} INFO - Started process (PID=198) to work on /opt/airflow/dags/environmental_data_pipeline.py
[2025-10-10T08:06:07.662+0000] {processor.py:830} INFO - Processing file /opt/airflow/dags/environmental_data_pipeline.py for tasks to queue
[2025-10-10T08:06:07.664+0000] {logging_mixin.py:188} INFO - [2025-10-10T08:06:07.663+0000] {dagbag.py:540} INFO - Filling up the DagBag from /opt/airflow/dags/environmental_data_pipeline.py
[2025-10-10T08:06:07.691+0000] {processor.py:840} INFO - DAG(s) 'environmental_data_pipeline' retrieved from /opt/airflow/dags/environmental_data_pipeline.py
[2025-10-10T08:06:07.728+0000] {logging_mixin.py:188} INFO - [2025-10-10T08:06:07.728+0000] {dag.py:3047} INFO - Sync 1 DAGs
[2025-10-10T08:06:07.786+0000] {logging_mixin.py:188} INFO - [2025-10-10T08:06:07.785+0000] {dag.py:3834} INFO - Setting next_dagrun for environmental_data_pipeline to 2025-10-10 08:00:00+00:00, run_after=2025-10-10 09:00:00+00:00
[2025-10-10T08:06:07.811+0000] {processor.py:183} INFO - Processing /opt/airflow/dags/environmental_data_pipeline.py took 0.154 seconds
[2025-10-10T08:06:38.495+0000] {processor.py:161} INFO - Started process (PID=203) to work on /opt/airflow/dags/environmental_data_pipeline.py
[2025-10-10T08:06:38.497+0000] {processor.py:830} INFO - Processing file /opt/airflow/dags/environmental_data_pipeline.py for tasks to queue
[2025-10-10T08:06:38.498+0000] {logging_mixin.py:188} INFO - [2025-10-10T08:06:38.498+0000] {dagbag.py:540} INFO - Filling up the DagBag from /opt/airflow/dags/environmental_data_pipeline.py
[2025-10-10T08:06:38.514+0000] {processor.py:840} INFO - DAG(s) 'environmental_data_pipeline' retrieved from /opt/airflow/dags/environmental_data_pipeline.py
[2025-10-10T08:06:38.553+0000] {logging_mixin.py:188} INFO - [2025-10-10T08:06:38.553+0000] {dag.py:3047} INFO - Sync 1 DAGs
[2025-10-10T08:06:38.585+0000] {logging_mixin.py:188} INFO - [2025-10-10T08:06:38.585+0000] {dag.py:3834} INFO - Setting next_dagrun for environmental_data_pipeline to 2025-10-10 08:00:00+00:00, run_after=2025-10-10 09:00:00+00:00
[2025-10-10T08:06:38.612+0000] {processor.py:183} INFO - Processing /opt/airflow/dags/environmental_data_pipeline.py took 0.121 seconds
[2025-10-10T08:07:09.386+0000] {processor.py:161} INFO - Started process (PID=208) to work on /opt/airflow/dags/environmental_data_pipeline.py
[2025-10-10T08:07:09.408+0000] {processor.py:830} INFO - Processing file /opt/airflow/dags/environmental_data_pipeline.py for tasks to queue
[2025-10-10T08:07:09.410+0000] {logging_mixin.py:188} INFO - [2025-10-10T08:07:09.409+0000] {dagbag.py:540} INFO - Filling up the DagBag from /opt/airflow/dags/environmental_data_pipeline.py
[2025-10-10T08:07:09.431+0000] {processor.py:840} INFO - DAG(s) 'environmental_data_pipeline' retrieved from /opt/airflow/dags/environmental_data_pipeline.py
[2025-10-10T08:07:09.474+0000] {logging_mixin.py:188} INFO - [2025-10-10T08:07:09.473+0000] {dag.py:3047} INFO - Sync 1 DAGs
[2025-10-10T08:07:09.508+0000] {logging_mixin.py:188} INFO - [2025-10-10T08:07:09.508+0000] {dag.py:3834} INFO - Setting next_dagrun for environmental_data_pipeline to 2025-10-10 08:00:00+00:00, run_after=2025-10-10 09:00:00+00:00
[2025-10-10T08:07:09.536+0000] {processor.py:183} INFO - Processing /opt/airflow/dags/environmental_data_pipeline.py took 0.156 seconds
[2025-10-10T08:07:40.307+0000] {processor.py:161} INFO - Started process (PID=216) to work on /opt/airflow/dags/environmental_data_pipeline.py
[2025-10-10T08:07:40.309+0000] {processor.py:830} INFO - Processing file /opt/airflow/dags/environmental_data_pipeline.py for tasks to queue
[2025-10-10T08:07:40.310+0000] {logging_mixin.py:188} INFO - [2025-10-10T08:07:40.310+0000] {dagbag.py:540} INFO - Filling up the DagBag from /opt/airflow/dags/environmental_data_pipeline.py
[2025-10-10T08:07:40.324+0000] {processor.py:840} INFO - DAG(s) 'environmental_data_pipeline' retrieved from /opt/airflow/dags/environmental_data_pipeline.py
[2025-10-10T08:07:40.354+0000] {logging_mixin.py:188} INFO - [2025-10-10T08:07:40.354+0000] {dag.py:3047} INFO - Sync 1 DAGs
[2025-10-10T08:07:40.377+0000] {logging_mixin.py:188} INFO - [2025-10-10T08:07:40.377+0000] {dag.py:3834} INFO - Setting next_dagrun for environmental_data_pipeline to 2025-10-10 08:00:00+00:00, run_after=2025-10-10 09:00:00+00:00
[2025-10-10T08:07:40.406+0000] {processor.py:183} INFO - Processing /opt/airflow/dags/environmental_data_pipeline.py took 0.102 seconds
[2025-10-10T08:08:11.332+0000] {processor.py:161} INFO - Started process (PID=221) to work on /opt/airflow/dags/environmental_data_pipeline.py
[2025-10-10T08:08:11.348+0000] {processor.py:830} INFO - Processing file /opt/airflow/dags/environmental_data_pipeline.py for tasks to queue
[2025-10-10T08:08:11.352+0000] {logging_mixin.py:188} INFO - [2025-10-10T08:08:11.352+0000] {dagbag.py:540} INFO - Filling up the DagBag from /opt/airflow/dags/environmental_data_pipeline.py
[2025-10-10T08:08:11.423+0000] {processor.py:840} INFO - DAG(s) 'environmental_data_pipeline' retrieved from /opt/airflow/dags/environmental_data_pipeline.py
[2025-10-10T08:08:11.524+0000] {logging_mixin.py:188} INFO - [2025-10-10T08:08:11.523+0000] {dag.py:3047} INFO - Sync 1 DAGs
[2025-10-10T08:08:11.565+0000] {logging_mixin.py:188} INFO - [2025-10-10T08:08:11.564+0000] {dag.py:3834} INFO - Setting next_dagrun for environmental_data_pipeline to 2025-10-10 08:00:00+00:00, run_after=2025-10-10 09:00:00+00:00
[2025-10-10T08:08:11.588+0000] {processor.py:183} INFO - Processing /opt/airflow/dags/environmental_data_pipeline.py took 0.274 seconds
[2025-10-10T08:08:42.248+0000] {processor.py:161} INFO - Started process (PID=226) to work on /opt/airflow/dags/environmental_data_pipeline.py
[2025-10-10T08:08:42.255+0000] {processor.py:830} INFO - Processing file /opt/airflow/dags/environmental_data_pipeline.py for tasks to queue
[2025-10-10T08:08:42.256+0000] {logging_mixin.py:188} INFO - [2025-10-10T08:08:42.256+0000] {dagbag.py:540} INFO - Filling up the DagBag from /opt/airflow/dags/environmental_data_pipeline.py
[2025-10-10T08:08:42.276+0000] {processor.py:840} INFO - DAG(s) 'environmental_data_pipeline' retrieved from /opt/airflow/dags/environmental_data_pipeline.py
[2025-10-10T08:08:42.314+0000] {logging_mixin.py:188} INFO - [2025-10-10T08:08:42.313+0000] {dag.py:3047} INFO - Sync 1 DAGs
[2025-10-10T08:08:42.347+0000] {logging_mixin.py:188} INFO - [2025-10-10T08:08:42.347+0000] {dag.py:3834} INFO - Setting next_dagrun for environmental_data_pipeline to 2025-10-10 08:00:00+00:00, run_after=2025-10-10 09:00:00+00:00
[2025-10-10T08:08:42.371+0000] {processor.py:183} INFO - Processing /opt/airflow/dags/environmental_data_pipeline.py took 0.133 seconds
[2025-10-10T08:09:13.228+0000] {processor.py:161} INFO - Started process (PID=234) to work on /opt/airflow/dags/environmental_data_pipeline.py
[2025-10-10T08:09:13.231+0000] {processor.py:830} INFO - Processing file /opt/airflow/dags/environmental_data_pipeline.py for tasks to queue
[2025-10-10T08:09:13.232+0000] {logging_mixin.py:188} INFO - [2025-10-10T08:09:13.232+0000] {dagbag.py:540} INFO - Filling up the DagBag from /opt/airflow/dags/environmental_data_pipeline.py
[2025-10-10T08:09:13.246+0000] {processor.py:840} INFO - DAG(s) 'environmental_data_pipeline' retrieved from /opt/airflow/dags/environmental_data_pipeline.py
[2025-10-10T08:09:13.282+0000] {logging_mixin.py:188} INFO - [2025-10-10T08:09:13.281+0000] {dag.py:3047} INFO - Sync 1 DAGs
[2025-10-10T08:09:13.316+0000] {logging_mixin.py:188} INFO - [2025-10-10T08:09:13.315+0000] {dag.py:3834} INFO - Setting next_dagrun for environmental_data_pipeline to 2025-10-10 08:00:00+00:00, run_after=2025-10-10 09:00:00+00:00
[2025-10-10T08:09:13.352+0000] {processor.py:183} INFO - Processing /opt/airflow/dags/environmental_data_pipeline.py took 0.130 seconds
[2025-10-10T08:09:44.308+0000] {processor.py:161} INFO - Started process (PID=239) to work on /opt/airflow/dags/environmental_data_pipeline.py
[2025-10-10T08:09:44.310+0000] {processor.py:830} INFO - Processing file /opt/airflow/dags/environmental_data_pipeline.py for tasks to queue
[2025-10-10T08:09:44.310+0000] {logging_mixin.py:188} INFO - [2025-10-10T08:09:44.310+0000] {dagbag.py:540} INFO - Filling up the DagBag from /opt/airflow/dags/environmental_data_pipeline.py
[2025-10-10T08:09:44.337+0000] {processor.py:840} INFO - DAG(s) 'environmental_data_pipeline' retrieved from /opt/airflow/dags/environmental_data_pipeline.py
[2025-10-10T08:09:44.386+0000] {logging_mixin.py:188} INFO - [2025-10-10T08:09:44.386+0000] {dag.py:3047} INFO - Sync 1 DAGs
[2025-10-10T08:09:44.440+0000] {logging_mixin.py:188} INFO - [2025-10-10T08:09:44.440+0000] {dag.py:3834} INFO - Setting next_dagrun for environmental_data_pipeline to 2025-10-10 08:00:00+00:00, run_after=2025-10-10 09:00:00+00:00
[2025-10-10T08:09:44.475+0000] {processor.py:183} INFO - Processing /opt/airflow/dags/environmental_data_pipeline.py took 0.175 seconds
[2025-10-10T08:10:15.388+0000] {processor.py:161} INFO - Started process (PID=244) to work on /opt/airflow/dags/environmental_data_pipeline.py
[2025-10-10T08:10:15.398+0000] {processor.py:830} INFO - Processing file /opt/airflow/dags/environmental_data_pipeline.py for tasks to queue
[2025-10-10T08:10:15.404+0000] {logging_mixin.py:188} INFO - [2025-10-10T08:10:15.403+0000] {dagbag.py:540} INFO - Filling up the DagBag from /opt/airflow/dags/environmental_data_pipeline.py
[2025-10-10T08:10:15.466+0000] {processor.py:840} INFO - DAG(s) 'environmental_data_pipeline' retrieved from /opt/airflow/dags/environmental_data_pipeline.py
[2025-10-10T08:10:15.566+0000] {logging_mixin.py:188} INFO - [2025-10-10T08:10:15.566+0000] {dag.py:3047} INFO - Sync 1 DAGs
[2025-10-10T08:10:15.686+0000] {logging_mixin.py:188} INFO - [2025-10-10T08:10:15.686+0000] {dag.py:3834} INFO - Setting next_dagrun for environmental_data_pipeline to 2025-10-10 08:00:00+00:00, run_after=2025-10-10 09:00:00+00:00
[2025-10-10T08:10:15.758+0000] {processor.py:183} INFO - Processing /opt/airflow/dags/environmental_data_pipeline.py took 0.389 seconds
[2025-10-10T08:10:46.435+0000] {processor.py:161} INFO - Started process (PID=249) to work on /opt/airflow/dags/environmental_data_pipeline.py
[2025-10-10T08:10:46.436+0000] {processor.py:830} INFO - Processing file /opt/airflow/dags/environmental_data_pipeline.py for tasks to queue
[2025-10-10T08:10:46.437+0000] {logging_mixin.py:188} INFO - [2025-10-10T08:10:46.437+0000] {dagbag.py:540} INFO - Filling up the DagBag from /opt/airflow/dags/environmental_data_pipeline.py
[2025-10-10T08:10:46.450+0000] {processor.py:840} INFO - DAG(s) 'environmental_data_pipeline' retrieved from /opt/airflow/dags/environmental_data_pipeline.py
[2025-10-10T08:10:46.480+0000] {logging_mixin.py:188} INFO - [2025-10-10T08:10:46.480+0000] {dag.py:3047} INFO - Sync 1 DAGs
[2025-10-10T08:10:46.504+0000] {logging_mixin.py:188} INFO - [2025-10-10T08:10:46.503+0000] {dag.py:3834} INFO - Setting next_dagrun for environmental_data_pipeline to 2025-10-10 08:00:00+00:00, run_after=2025-10-10 09:00:00+00:00
[2025-10-10T08:10:46.527+0000] {processor.py:183} INFO - Processing /opt/airflow/dags/environmental_data_pipeline.py took 0.095 seconds
[2025-10-10T08:11:17.399+0000] {processor.py:161} INFO - Started process (PID=254) to work on /opt/airflow/dags/environmental_data_pipeline.py
[2025-10-10T08:11:17.404+0000] {processor.py:830} INFO - Processing file /opt/airflow/dags/environmental_data_pipeline.py for tasks to queue
[2025-10-10T08:11:17.406+0000] {logging_mixin.py:188} INFO - [2025-10-10T08:11:17.405+0000] {dagbag.py:540} INFO - Filling up the DagBag from /opt/airflow/dags/environmental_data_pipeline.py
[2025-10-10T08:11:17.435+0000] {processor.py:840} INFO - DAG(s) 'environmental_data_pipeline' retrieved from /opt/airflow/dags/environmental_data_pipeline.py
[2025-10-10T08:11:17.485+0000] {logging_mixin.py:188} INFO - [2025-10-10T08:11:17.485+0000] {dag.py:3047} INFO - Sync 1 DAGs
[2025-10-10T08:11:17.523+0000] {logging_mixin.py:188} INFO - [2025-10-10T08:11:17.522+0000] {dag.py:3834} INFO - Setting next_dagrun for environmental_data_pipeline to 2025-10-10 08:00:00+00:00, run_after=2025-10-10 09:00:00+00:00
[2025-10-10T08:11:17.570+0000] {processor.py:183} INFO - Processing /opt/airflow/dags/environmental_data_pipeline.py took 0.180 seconds
[2025-10-10T08:11:48.419+0000] {processor.py:161} INFO - Started process (PID=259) to work on /opt/airflow/dags/environmental_data_pipeline.py
[2025-10-10T08:11:48.423+0000] {processor.py:830} INFO - Processing file /opt/airflow/dags/environmental_data_pipeline.py for tasks to queue
[2025-10-10T08:11:48.426+0000] {logging_mixin.py:188} INFO - [2025-10-10T08:11:48.425+0000] {dagbag.py:540} INFO - Filling up the DagBag from /opt/airflow/dags/environmental_data_pipeline.py
[2025-10-10T08:11:48.446+0000] {processor.py:840} INFO - DAG(s) 'environmental_data_pipeline' retrieved from /opt/airflow/dags/environmental_data_pipeline.py
[2025-10-10T08:11:48.482+0000] {logging_mixin.py:188} INFO - [2025-10-10T08:11:48.482+0000] {dag.py:3047} INFO - Sync 1 DAGs
[2025-10-10T08:11:48.525+0000] {logging_mixin.py:188} INFO - [2025-10-10T08:11:48.524+0000] {dag.py:3834} INFO - Setting next_dagrun for environmental_data_pipeline to 2025-10-10 08:00:00+00:00, run_after=2025-10-10 09:00:00+00:00
[2025-10-10T08:11:48.559+0000] {processor.py:183} INFO - Processing /opt/airflow/dags/environmental_data_pipeline.py took 0.148 seconds
[2025-10-10T08:12:19.553+0000] {processor.py:161} INFO - Started process (PID=264) to work on /opt/airflow/dags/environmental_data_pipeline.py
[2025-10-10T08:12:19.557+0000] {processor.py:830} INFO - Processing file /opt/airflow/dags/environmental_data_pipeline.py for tasks to queue
[2025-10-10T08:12:19.558+0000] {logging_mixin.py:188} INFO - [2025-10-10T08:12:19.558+0000] {dagbag.py:540} INFO - Filling up the DagBag from /opt/airflow/dags/environmental_data_pipeline.py
[2025-10-10T08:12:19.586+0000] {processor.py:840} INFO - DAG(s) 'environmental_data_pipeline' retrieved from /opt/airflow/dags/environmental_data_pipeline.py
[2025-10-10T08:12:19.644+0000] {logging_mixin.py:188} INFO - [2025-10-10T08:12:19.643+0000] {dag.py:3047} INFO - Sync 1 DAGs
[2025-10-10T08:12:19.688+0000] {logging_mixin.py:188} INFO - [2025-10-10T08:12:19.688+0000] {dag.py:3834} INFO - Setting next_dagrun for environmental_data_pipeline to 2025-10-10 08:00:00+00:00, run_after=2025-10-10 09:00:00+00:00
[2025-10-10T08:12:19.717+0000] {processor.py:183} INFO - Processing /opt/airflow/dags/environmental_data_pipeline.py took 0.171 seconds
[2025-10-10T08:12:50.612+0000] {processor.py:161} INFO - Started process (PID=269) to work on /opt/airflow/dags/environmental_data_pipeline.py
[2025-10-10T08:12:50.613+0000] {processor.py:830} INFO - Processing file /opt/airflow/dags/environmental_data_pipeline.py for tasks to queue
[2025-10-10T08:12:50.614+0000] {logging_mixin.py:188} INFO - [2025-10-10T08:12:50.614+0000] {dagbag.py:540} INFO - Filling up the DagBag from /opt/airflow/dags/environmental_data_pipeline.py
[2025-10-10T08:12:50.631+0000] {processor.py:840} INFO - DAG(s) 'environmental_data_pipeline' retrieved from /opt/airflow/dags/environmental_data_pipeline.py
[2025-10-10T08:12:50.671+0000] {logging_mixin.py:188} INFO - [2025-10-10T08:12:50.671+0000] {dag.py:3047} INFO - Sync 1 DAGs
[2025-10-10T08:12:50.715+0000] {logging_mixin.py:188} INFO - [2025-10-10T08:12:50.715+0000] {dag.py:3834} INFO - Setting next_dagrun for environmental_data_pipeline to 2025-10-10 08:00:00+00:00, run_after=2025-10-10 09:00:00+00:00
[2025-10-10T08:12:50.903+0000] {processor.py:183} INFO - Processing /opt/airflow/dags/environmental_data_pipeline.py took 0.295 seconds
[2025-10-10T08:13:21.582+0000] {processor.py:161} INFO - Started process (PID=274) to work on /opt/airflow/dags/environmental_data_pipeline.py
[2025-10-10T08:13:21.585+0000] {processor.py:830} INFO - Processing file /opt/airflow/dags/environmental_data_pipeline.py for tasks to queue
[2025-10-10T08:13:21.590+0000] {logging_mixin.py:188} INFO - [2025-10-10T08:13:21.589+0000] {dagbag.py:540} INFO - Filling up the DagBag from /opt/airflow/dags/environmental_data_pipeline.py
[2025-10-10T08:13:21.662+0000] {processor.py:840} INFO - DAG(s) 'environmental_data_pipeline' retrieved from /opt/airflow/dags/environmental_data_pipeline.py
[2025-10-10T08:13:21.784+0000] {logging_mixin.py:188} INFO - [2025-10-10T08:13:21.781+0000] {dag.py:3047} INFO - Sync 1 DAGs
[2025-10-10T08:13:21.859+0000] {logging_mixin.py:188} INFO - [2025-10-10T08:13:21.858+0000] {dag.py:3834} INFO - Setting next_dagrun for environmental_data_pipeline to 2025-10-10 08:00:00+00:00, run_after=2025-10-10 09:00:00+00:00
[2025-10-10T08:13:21.916+0000] {processor.py:183} INFO - Processing /opt/airflow/dags/environmental_data_pipeline.py took 0.345 seconds
[2025-10-10T08:13:52.741+0000] {processor.py:161} INFO - Started process (PID=279) to work on /opt/airflow/dags/environmental_data_pipeline.py
[2025-10-10T08:13:52.743+0000] {processor.py:830} INFO - Processing file /opt/airflow/dags/environmental_data_pipeline.py for tasks to queue
[2025-10-10T08:13:52.745+0000] {logging_mixin.py:188} INFO - [2025-10-10T08:13:52.744+0000] {dagbag.py:540} INFO - Filling up the DagBag from /opt/airflow/dags/environmental_data_pipeline.py
[2025-10-10T08:13:52.769+0000] {processor.py:840} INFO - DAG(s) 'environmental_data_pipeline' retrieved from /opt/airflow/dags/environmental_data_pipeline.py
[2025-10-10T08:13:52.839+0000] {logging_mixin.py:188} INFO - [2025-10-10T08:13:52.838+0000] {dag.py:3047} INFO - Sync 1 DAGs
[2025-10-10T08:13:52.879+0000] {logging_mixin.py:188} INFO - [2025-10-10T08:13:52.878+0000] {dag.py:3834} INFO - Setting next_dagrun for environmental_data_pipeline to 2025-10-10 08:00:00+00:00, run_after=2025-10-10 09:00:00+00:00
[2025-10-10T08:13:52.911+0000] {processor.py:183} INFO - Processing /opt/airflow/dags/environmental_data_pipeline.py took 0.176 seconds
[2025-10-10T08:14:23.766+0000] {processor.py:161} INFO - Started process (PID=287) to work on /opt/airflow/dags/environmental_data_pipeline.py
[2025-10-10T08:14:23.768+0000] {processor.py:830} INFO - Processing file /opt/airflow/dags/environmental_data_pipeline.py for tasks to queue
[2025-10-10T08:14:23.769+0000] {logging_mixin.py:188} INFO - [2025-10-10T08:14:23.769+0000] {dagbag.py:540} INFO - Filling up the DagBag from /opt/airflow/dags/environmental_data_pipeline.py
[2025-10-10T08:14:23.787+0000] {processor.py:840} INFO - DAG(s) 'environmental_data_pipeline' retrieved from /opt/airflow/dags/environmental_data_pipeline.py
[2025-10-10T08:14:23.832+0000] {logging_mixin.py:188} INFO - [2025-10-10T08:14:23.832+0000] {dag.py:3047} INFO - Sync 1 DAGs
[2025-10-10T08:14:23.933+0000] {logging_mixin.py:188} INFO - [2025-10-10T08:14:23.921+0000] {dag.py:3834} INFO - Setting next_dagrun for environmental_data_pipeline to 2025-10-10 08:00:00+00:00, run_after=2025-10-10 09:00:00+00:00
[2025-10-10T08:14:24.046+0000] {processor.py:183} INFO - Processing /opt/airflow/dags/environmental_data_pipeline.py took 0.286 seconds
[2025-10-10T08:14:54.824+0000] {processor.py:161} INFO - Started process (PID=292) to work on /opt/airflow/dags/environmental_data_pipeline.py
[2025-10-10T08:14:54.826+0000] {processor.py:830} INFO - Processing file /opt/airflow/dags/environmental_data_pipeline.py for tasks to queue
[2025-10-10T08:14:54.828+0000] {logging_mixin.py:188} INFO - [2025-10-10T08:14:54.827+0000] {dagbag.py:540} INFO - Filling up the DagBag from /opt/airflow/dags/environmental_data_pipeline.py
[2025-10-10T08:14:54.846+0000] {processor.py:840} INFO - DAG(s) 'environmental_data_pipeline' retrieved from /opt/airflow/dags/environmental_data_pipeline.py
[2025-10-10T08:14:54.884+0000] {logging_mixin.py:188} INFO - [2025-10-10T08:14:54.884+0000] {dag.py:3047} INFO - Sync 1 DAGs
[2025-10-10T08:14:54.915+0000] {logging_mixin.py:188} INFO - [2025-10-10T08:14:54.915+0000] {dag.py:3834} INFO - Setting next_dagrun for environmental_data_pipeline to 2025-10-10 08:00:00+00:00, run_after=2025-10-10 09:00:00+00:00
[2025-10-10T08:14:54.942+0000] {processor.py:183} INFO - Processing /opt/airflow/dags/environmental_data_pipeline.py took 0.123 seconds
[2025-10-10T08:15:25.718+0000] {processor.py:161} INFO - Started process (PID=297) to work on /opt/airflow/dags/environmental_data_pipeline.py
[2025-10-10T08:15:25.720+0000] {processor.py:830} INFO - Processing file /opt/airflow/dags/environmental_data_pipeline.py for tasks to queue
[2025-10-10T08:15:25.721+0000] {logging_mixin.py:188} INFO - [2025-10-10T08:15:25.721+0000] {dagbag.py:540} INFO - Filling up the DagBag from /opt/airflow/dags/environmental_data_pipeline.py
[2025-10-10T08:15:25.744+0000] {processor.py:840} INFO - DAG(s) 'environmental_data_pipeline' retrieved from /opt/airflow/dags/environmental_data_pipeline.py
[2025-10-10T08:15:25.837+0000] {logging_mixin.py:188} INFO - [2025-10-10T08:15:25.836+0000] {dag.py:3047} INFO - Sync 1 DAGs
[2025-10-10T08:15:25.880+0000] {logging_mixin.py:188} INFO - [2025-10-10T08:15:25.879+0000] {dag.py:3834} INFO - Setting next_dagrun for environmental_data_pipeline to 2025-10-10 08:00:00+00:00, run_after=2025-10-10 09:00:00+00:00
[2025-10-10T08:15:25.917+0000] {processor.py:183} INFO - Processing /opt/airflow/dags/environmental_data_pipeline.py took 0.205 seconds
[2025-10-10T08:15:56.813+0000] {processor.py:161} INFO - Started process (PID=302) to work on /opt/airflow/dags/environmental_data_pipeline.py
[2025-10-10T08:15:56.818+0000] {processor.py:830} INFO - Processing file /opt/airflow/dags/environmental_data_pipeline.py for tasks to queue
[2025-10-10T08:15:56.820+0000] {logging_mixin.py:188} INFO - [2025-10-10T08:15:56.819+0000] {dagbag.py:540} INFO - Filling up the DagBag from /opt/airflow/dags/environmental_data_pipeline.py
[2025-10-10T08:15:56.851+0000] {processor.py:840} INFO - DAG(s) 'environmental_data_pipeline' retrieved from /opt/airflow/dags/environmental_data_pipeline.py
[2025-10-10T08:15:56.930+0000] {logging_mixin.py:188} INFO - [2025-10-10T08:15:56.928+0000] {dag.py:3047} INFO - Sync 1 DAGs
[2025-10-10T08:15:56.995+0000] {logging_mixin.py:188} INFO - [2025-10-10T08:15:56.982+0000] {dag.py:3834} INFO - Setting next_dagrun for environmental_data_pipeline to 2025-10-10 08:00:00+00:00, run_after=2025-10-10 09:00:00+00:00
[2025-10-10T08:15:57.054+0000] {processor.py:183} INFO - Processing /opt/airflow/dags/environmental_data_pipeline.py took 0.249 seconds
[2025-10-10T08:16:27.856+0000] {processor.py:161} INFO - Started process (PID=307) to work on /opt/airflow/dags/environmental_data_pipeline.py
[2025-10-10T08:16:27.858+0000] {processor.py:830} INFO - Processing file /opt/airflow/dags/environmental_data_pipeline.py for tasks to queue
[2025-10-10T08:16:27.859+0000] {logging_mixin.py:188} INFO - [2025-10-10T08:16:27.858+0000] {dagbag.py:540} INFO - Filling up the DagBag from /opt/airflow/dags/environmental_data_pipeline.py
[2025-10-10T08:16:27.874+0000] {processor.py:840} INFO - DAG(s) 'environmental_data_pipeline' retrieved from /opt/airflow/dags/environmental_data_pipeline.py
[2025-10-10T08:16:27.913+0000] {logging_mixin.py:188} INFO - [2025-10-10T08:16:27.913+0000] {dag.py:3047} INFO - Sync 1 DAGs
[2025-10-10T08:16:27.952+0000] {logging_mixin.py:188} INFO - [2025-10-10T08:16:27.952+0000] {dag.py:3834} INFO - Setting next_dagrun for environmental_data_pipeline to 2025-10-10 08:00:00+00:00, run_after=2025-10-10 09:00:00+00:00
[2025-10-10T08:16:27.979+0000] {processor.py:183} INFO - Processing /opt/airflow/dags/environmental_data_pipeline.py took 0.129 seconds
[2025-10-10T08:16:58.848+0000] {processor.py:161} INFO - Started process (PID=312) to work on /opt/airflow/dags/environmental_data_pipeline.py
[2025-10-10T08:16:58.850+0000] {processor.py:830} INFO - Processing file /opt/airflow/dags/environmental_data_pipeline.py for tasks to queue
[2025-10-10T08:16:58.857+0000] {logging_mixin.py:188} INFO - [2025-10-10T08:16:58.852+0000] {dagbag.py:540} INFO - Filling up the DagBag from /opt/airflow/dags/environmental_data_pipeline.py
[2025-10-10T08:16:58.886+0000] {processor.py:840} INFO - DAG(s) 'environmental_data_pipeline' retrieved from /opt/airflow/dags/environmental_data_pipeline.py
[2025-10-10T08:16:58.957+0000] {logging_mixin.py:188} INFO - [2025-10-10T08:16:58.956+0000] {dag.py:3047} INFO - Sync 1 DAGs
[2025-10-10T08:16:59.024+0000] {logging_mixin.py:188} INFO - [2025-10-10T08:16:59.023+0000] {dag.py:3834} INFO - Setting next_dagrun for environmental_data_pipeline to 2025-10-10 08:00:00+00:00, run_after=2025-10-10 09:00:00+00:00
[2025-10-10T08:16:59.101+0000] {processor.py:183} INFO - Processing /opt/airflow/dags/environmental_data_pipeline.py took 0.273 seconds
[2025-10-10T08:19:28.004+0000] {processor.py:161} INFO - Started process (PID=160) to work on /opt/airflow/dags/environmental_data_pipeline.py
[2025-10-10T08:19:28.010+0000] {processor.py:830} INFO - Processing file /opt/airflow/dags/environmental_data_pipeline.py for tasks to queue
[2025-10-10T08:19:28.013+0000] {logging_mixin.py:188} INFO - [2025-10-10T08:19:28.013+0000] {dagbag.py:540} INFO - Filling up the DagBag from /opt/airflow/dags/environmental_data_pipeline.py
[2025-10-10T08:19:28.109+0000] {processor.py:840} INFO - DAG(s) 'environmental_data_pipeline' retrieved from /opt/airflow/dags/environmental_data_pipeline.py
[2025-10-10T08:19:28.237+0000] {logging_mixin.py:188} INFO - [2025-10-10T08:19:28.236+0000] {dag.py:3047} INFO - Sync 1 DAGs
[2025-10-10T08:19:28.333+0000] {logging_mixin.py:188} INFO - [2025-10-10T08:19:28.333+0000] {dag.py:3834} INFO - Setting next_dagrun for environmental_data_pipeline to 2025-10-10 08:00:00+00:00, run_after=2025-10-10 09:00:00+00:00
[2025-10-10T08:19:28.511+0000] {processor.py:183} INFO - Processing /opt/airflow/dags/environmental_data_pipeline.py took 0.525 seconds
[2025-10-10T08:19:58.638+0000] {processor.py:161} INFO - Started process (PID=166) to work on /opt/airflow/dags/environmental_data_pipeline.py
[2025-10-10T08:19:58.640+0000] {processor.py:830} INFO - Processing file /opt/airflow/dags/environmental_data_pipeline.py for tasks to queue
[2025-10-10T08:19:58.645+0000] {logging_mixin.py:188} INFO - [2025-10-10T08:19:58.641+0000] {dagbag.py:540} INFO - Filling up the DagBag from /opt/airflow/dags/environmental_data_pipeline.py
[2025-10-10T08:19:58.673+0000] {processor.py:840} INFO - DAG(s) 'environmental_data_pipeline' retrieved from /opt/airflow/dags/environmental_data_pipeline.py
[2025-10-10T08:19:59.289+0000] {logging_mixin.py:188} INFO - [2025-10-10T08:19:59.289+0000] {dag.py:3047} INFO - Sync 1 DAGs
[2025-10-10T08:19:59.325+0000] {logging_mixin.py:188} INFO - [2025-10-10T08:19:59.324+0000] {dag.py:3834} INFO - Setting next_dagrun for environmental_data_pipeline to 2025-10-10 08:00:00+00:00, run_after=2025-10-10 09:00:00+00:00
[2025-10-10T08:19:59.353+0000] {processor.py:183} INFO - Processing /opt/airflow/dags/environmental_data_pipeline.py took 0.722 seconds
[2025-10-10T08:20:30.255+0000] {processor.py:161} INFO - Started process (PID=171) to work on /opt/airflow/dags/environmental_data_pipeline.py
[2025-10-10T08:20:30.259+0000] {processor.py:830} INFO - Processing file /opt/airflow/dags/environmental_data_pipeline.py for tasks to queue
[2025-10-10T08:20:30.260+0000] {logging_mixin.py:188} INFO - [2025-10-10T08:20:30.260+0000] {dagbag.py:540} INFO - Filling up the DagBag from /opt/airflow/dags/environmental_data_pipeline.py
[2025-10-10T08:20:30.284+0000] {processor.py:840} INFO - DAG(s) 'environmental_data_pipeline' retrieved from /opt/airflow/dags/environmental_data_pipeline.py
[2025-10-10T08:20:30.336+0000] {logging_mixin.py:188} INFO - [2025-10-10T08:20:30.336+0000] {dag.py:3047} INFO - Sync 1 DAGs
[2025-10-10T08:20:30.461+0000] {logging_mixin.py:188} INFO - [2025-10-10T08:20:30.461+0000] {dag.py:3834} INFO - Setting next_dagrun for environmental_data_pipeline to 2025-10-10 08:00:00+00:00, run_after=2025-10-10 09:00:00+00:00
[2025-10-10T08:20:30.536+0000] {processor.py:183} INFO - Processing /opt/airflow/dags/environmental_data_pipeline.py took 0.292 seconds
[2025-10-10T08:21:01.211+0000] {processor.py:161} INFO - Started process (PID=176) to work on /opt/airflow/dags/environmental_data_pipeline.py
[2025-10-10T08:21:01.213+0000] {processor.py:830} INFO - Processing file /opt/airflow/dags/environmental_data_pipeline.py for tasks to queue
[2025-10-10T08:21:01.215+0000] {logging_mixin.py:188} INFO - [2025-10-10T08:21:01.214+0000] {dagbag.py:540} INFO - Filling up the DagBag from /opt/airflow/dags/environmental_data_pipeline.py
[2025-10-10T08:21:01.236+0000] {processor.py:840} INFO - DAG(s) 'environmental_data_pipeline' retrieved from /opt/airflow/dags/environmental_data_pipeline.py
[2025-10-10T08:21:01.299+0000] {logging_mixin.py:188} INFO - [2025-10-10T08:21:01.299+0000] {dag.py:3047} INFO - Sync 1 DAGs
[2025-10-10T08:21:01.331+0000] {logging_mixin.py:188} INFO - [2025-10-10T08:21:01.331+0000] {dag.py:3834} INFO - Setting next_dagrun for environmental_data_pipeline to 2025-10-10 08:00:00+00:00, run_after=2025-10-10 09:00:00+00:00
[2025-10-10T08:21:01.360+0000] {processor.py:183} INFO - Processing /opt/airflow/dags/environmental_data_pipeline.py took 0.154 seconds
[2025-10-10T08:21:32.168+0000] {processor.py:161} INFO - Started process (PID=184) to work on /opt/airflow/dags/environmental_data_pipeline.py
[2025-10-10T08:21:32.174+0000] {processor.py:830} INFO - Processing file /opt/airflow/dags/environmental_data_pipeline.py for tasks to queue
[2025-10-10T08:21:32.175+0000] {logging_mixin.py:188} INFO - [2025-10-10T08:21:32.175+0000] {dagbag.py:540} INFO - Filling up the DagBag from /opt/airflow/dags/environmental_data_pipeline.py
[2025-10-10T08:21:32.194+0000] {processor.py:840} INFO - DAG(s) 'environmental_data_pipeline' retrieved from /opt/airflow/dags/environmental_data_pipeline.py
[2025-10-10T08:21:32.240+0000] {logging_mixin.py:188} INFO - [2025-10-10T08:21:32.239+0000] {dag.py:3047} INFO - Sync 1 DAGs
[2025-10-10T08:21:32.278+0000] {logging_mixin.py:188} INFO - [2025-10-10T08:21:32.278+0000] {dag.py:3834} INFO - Setting next_dagrun for environmental_data_pipeline to 2025-10-10 08:00:00+00:00, run_after=2025-10-10 09:00:00+00:00
[2025-10-10T08:21:32.311+0000] {processor.py:183} INFO - Processing /opt/airflow/dags/environmental_data_pipeline.py took 0.148 seconds
[2025-10-10T08:22:03.193+0000] {processor.py:161} INFO - Started process (PID=189) to work on /opt/airflow/dags/environmental_data_pipeline.py
[2025-10-10T08:22:03.213+0000] {processor.py:830} INFO - Processing file /opt/airflow/dags/environmental_data_pipeline.py for tasks to queue
[2025-10-10T08:22:03.220+0000] {logging_mixin.py:188} INFO - [2025-10-10T08:22:03.219+0000] {dagbag.py:540} INFO - Filling up the DagBag from /opt/airflow/dags/environmental_data_pipeline.py
[2025-10-10T08:22:03.287+0000] {processor.py:840} INFO - DAG(s) 'environmental_data_pipeline' retrieved from /opt/airflow/dags/environmental_data_pipeline.py
[2025-10-10T08:22:03.387+0000] {logging_mixin.py:188} INFO - [2025-10-10T08:22:03.386+0000] {dag.py:3047} INFO - Sync 1 DAGs
[2025-10-10T08:22:03.500+0000] {logging_mixin.py:188} INFO - [2025-10-10T08:22:03.500+0000] {dag.py:3834} INFO - Setting next_dagrun for environmental_data_pipeline to 2025-10-10 08:00:00+00:00, run_after=2025-10-10 09:00:00+00:00
[2025-10-10T08:22:03.603+0000] {processor.py:183} INFO - Processing /opt/airflow/dags/environmental_data_pipeline.py took 0.425 seconds
[2025-10-10T08:22:31.544+0000] {processor.py:161} INFO - Started process (PID=194) to work on /opt/airflow/dags/environmental_data_pipeline.py
[2025-10-10T08:22:31.547+0000] {processor.py:830} INFO - Processing file /opt/airflow/dags/environmental_data_pipeline.py for tasks to queue
[2025-10-10T08:22:31.548+0000] {logging_mixin.py:188} INFO - [2025-10-10T08:22:31.548+0000] {dagbag.py:540} INFO - Filling up the DagBag from /opt/airflow/dags/environmental_data_pipeline.py
[2025-10-10T08:22:31.565+0000] {processor.py:840} INFO - DAG(s) 'environmental_data_pipeline' retrieved from /opt/airflow/dags/environmental_data_pipeline.py
[2025-10-10T08:22:31.606+0000] {logging_mixin.py:188} INFO - [2025-10-10T08:22:31.605+0000] {dag.py:3047} INFO - Sync 1 DAGs
[2025-10-10T08:22:31.646+0000] {logging_mixin.py:188} INFO - [2025-10-10T08:22:31.645+0000] {dag.py:3834} INFO - Setting next_dagrun for environmental_data_pipeline to 2025-10-10 08:00:00+00:00, run_after=2025-10-10 09:00:00+00:00
[2025-10-10T08:22:31.684+0000] {processor.py:183} INFO - Processing /opt/airflow/dags/environmental_data_pipeline.py took 0.145 seconds
[2025-10-10T08:23:02.354+0000] {processor.py:161} INFO - Started process (PID=199) to work on /opt/airflow/dags/environmental_data_pipeline.py
[2025-10-10T08:23:02.371+0000] {processor.py:830} INFO - Processing file /opt/airflow/dags/environmental_data_pipeline.py for tasks to queue
[2025-10-10T08:23:02.379+0000] {logging_mixin.py:188} INFO - [2025-10-10T08:23:02.372+0000] {dagbag.py:540} INFO - Filling up the DagBag from /opt/airflow/dags/environmental_data_pipeline.py
[2025-10-10T08:23:02.426+0000] {processor.py:840} INFO - DAG(s) 'environmental_data_pipeline' retrieved from /opt/airflow/dags/environmental_data_pipeline.py
[2025-10-10T08:23:02.573+0000] {logging_mixin.py:188} INFO - [2025-10-10T08:23:02.573+0000] {dag.py:3047} INFO - Sync 1 DAGs
[2025-10-10T08:23:02.689+0000] {logging_mixin.py:188} INFO - [2025-10-10T08:23:02.689+0000] {dag.py:3834} INFO - Setting next_dagrun for environmental_data_pipeline to 2025-10-10 08:00:00+00:00, run_after=2025-10-10 09:00:00+00:00
[2025-10-10T08:23:02.787+0000] {processor.py:183} INFO - Processing /opt/airflow/dags/environmental_data_pipeline.py took 0.440 seconds
[2025-10-10T08:23:33.460+0000] {processor.py:161} INFO - Started process (PID=204) to work on /opt/airflow/dags/environmental_data_pipeline.py
[2025-10-10T08:23:33.464+0000] {processor.py:830} INFO - Processing file /opt/airflow/dags/environmental_data_pipeline.py for tasks to queue
[2025-10-10T08:23:33.466+0000] {logging_mixin.py:188} INFO - [2025-10-10T08:23:33.465+0000] {dagbag.py:540} INFO - Filling up the DagBag from /opt/airflow/dags/environmental_data_pipeline.py
[2025-10-10T08:23:33.502+0000] {processor.py:840} INFO - DAG(s) 'environmental_data_pipeline' retrieved from /opt/airflow/dags/environmental_data_pipeline.py
[2025-10-10T08:23:33.543+0000] {logging_mixin.py:188} INFO - [2025-10-10T08:23:33.542+0000] {dag.py:3047} INFO - Sync 1 DAGs
[2025-10-10T08:23:33.574+0000] {logging_mixin.py:188} INFO - [2025-10-10T08:23:33.574+0000] {dag.py:3834} INFO - Setting next_dagrun for environmental_data_pipeline to 2025-10-10 08:00:00+00:00, run_after=2025-10-10 09:00:00+00:00
[2025-10-10T08:23:33.606+0000] {processor.py:183} INFO - Processing /opt/airflow/dags/environmental_data_pipeline.py took 0.154 seconds
[2025-10-10T08:24:04.067+0000] {processor.py:161} INFO - Started process (PID=209) to work on /opt/airflow/dags/environmental_data_pipeline.py
[2025-10-10T08:24:04.074+0000] {processor.py:830} INFO - Processing file /opt/airflow/dags/environmental_data_pipeline.py for tasks to queue
[2025-10-10T08:24:04.076+0000] {logging_mixin.py:188} INFO - [2025-10-10T08:24:04.075+0000] {dagbag.py:540} INFO - Filling up the DagBag from /opt/airflow/dags/environmental_data_pipeline.py
[2025-10-10T08:24:04.102+0000] {processor.py:840} INFO - DAG(s) 'environmental_data_pipeline' retrieved from /opt/airflow/dags/environmental_data_pipeline.py
[2025-10-10T08:24:04.156+0000] {logging_mixin.py:188} INFO - [2025-10-10T08:24:04.155+0000] {dag.py:3047} INFO - Sync 1 DAGs
[2025-10-10T08:24:04.212+0000] {logging_mixin.py:188} INFO - [2025-10-10T08:24:04.212+0000] {dag.py:3834} INFO - Setting next_dagrun for environmental_data_pipeline to 2025-10-10 08:00:00+00:00, run_after=2025-10-10 09:00:00+00:00
[2025-10-10T08:24:04.254+0000] {processor.py:183} INFO - Processing /opt/airflow/dags/environmental_data_pipeline.py took 0.193 seconds
[2025-10-10T08:24:35.188+0000] {processor.py:161} INFO - Started process (PID=214) to work on /opt/airflow/dags/environmental_data_pipeline.py
[2025-10-10T08:24:35.192+0000] {processor.py:830} INFO - Processing file /opt/airflow/dags/environmental_data_pipeline.py for tasks to queue
[2025-10-10T08:24:35.194+0000] {logging_mixin.py:188} INFO - [2025-10-10T08:24:35.193+0000] {dagbag.py:540} INFO - Filling up the DagBag from /opt/airflow/dags/environmental_data_pipeline.py
[2025-10-10T08:24:35.222+0000] {processor.py:840} INFO - DAG(s) 'environmental_data_pipeline' retrieved from /opt/airflow/dags/environmental_data_pipeline.py
[2025-10-10T08:24:35.280+0000] {logging_mixin.py:188} INFO - [2025-10-10T08:24:35.279+0000] {dag.py:3047} INFO - Sync 1 DAGs
[2025-10-10T08:24:35.325+0000] {logging_mixin.py:188} INFO - [2025-10-10T08:24:35.324+0000] {dag.py:3834} INFO - Setting next_dagrun for environmental_data_pipeline to 2025-10-10 08:00:00+00:00, run_after=2025-10-10 09:00:00+00:00
[2025-10-10T08:24:35.378+0000] {processor.py:183} INFO - Processing /opt/airflow/dags/environmental_data_pipeline.py took 0.197 seconds
[2025-10-10T08:25:06.303+0000] {processor.py:161} INFO - Started process (PID=219) to work on /opt/airflow/dags/environmental_data_pipeline.py
[2025-10-10T08:25:06.306+0000] {processor.py:830} INFO - Processing file /opt/airflow/dags/environmental_data_pipeline.py for tasks to queue
[2025-10-10T08:25:06.308+0000] {logging_mixin.py:188} INFO - [2025-10-10T08:25:06.307+0000] {dagbag.py:540} INFO - Filling up the DagBag from /opt/airflow/dags/environmental_data_pipeline.py
[2025-10-10T08:25:06.403+0000] {processor.py:840} INFO - DAG(s) 'environmental_data_pipeline' retrieved from /opt/airflow/dags/environmental_data_pipeline.py
[2025-10-10T08:25:06.517+0000] {logging_mixin.py:188} INFO - [2025-10-10T08:25:06.516+0000] {dag.py:3047} INFO - Sync 1 DAGs
[2025-10-10T08:25:06.591+0000] {logging_mixin.py:188} INFO - [2025-10-10T08:25:06.590+0000] {dag.py:3834} INFO - Setting next_dagrun for environmental_data_pipeline to 2025-10-10 08:00:00+00:00, run_after=2025-10-10 09:00:00+00:00
[2025-10-10T08:25:06.624+0000] {processor.py:183} INFO - Processing /opt/airflow/dags/environmental_data_pipeline.py took 0.339 seconds
[2025-10-10T08:25:37.154+0000] {processor.py:161} INFO - Started process (PID=224) to work on /opt/airflow/dags/environmental_data_pipeline.py
[2025-10-10T08:25:37.156+0000] {processor.py:830} INFO - Processing file /opt/airflow/dags/environmental_data_pipeline.py for tasks to queue
[2025-10-10T08:25:37.158+0000] {logging_mixin.py:188} INFO - [2025-10-10T08:25:37.157+0000] {dagbag.py:540} INFO - Filling up the DagBag from /opt/airflow/dags/environmental_data_pipeline.py
[2025-10-10T08:25:37.191+0000] {processor.py:840} INFO - DAG(s) 'environmental_data_pipeline' retrieved from /opt/airflow/dags/environmental_data_pipeline.py
[2025-10-10T08:25:37.295+0000] {logging_mixin.py:188} INFO - [2025-10-10T08:25:37.295+0000] {dag.py:3047} INFO - Sync 1 DAGs
[2025-10-10T08:25:37.394+0000] {logging_mixin.py:188} INFO - [2025-10-10T08:25:37.394+0000] {dag.py:3834} INFO - Setting next_dagrun for environmental_data_pipeline to 2025-10-10 08:00:00+00:00, run_after=2025-10-10 09:00:00+00:00
[2025-10-10T08:25:37.462+0000] {processor.py:183} INFO - Processing /opt/airflow/dags/environmental_data_pipeline.py took 0.314 seconds
[2025-10-10T08:26:08.477+0000] {processor.py:161} INFO - Started process (PID=229) to work on /opt/airflow/dags/environmental_data_pipeline.py
[2025-10-10T08:26:08.479+0000] {processor.py:830} INFO - Processing file /opt/airflow/dags/environmental_data_pipeline.py for tasks to queue
[2025-10-10T08:26:08.484+0000] {logging_mixin.py:188} INFO - [2025-10-10T08:26:08.481+0000] {dagbag.py:540} INFO - Filling up the DagBag from /opt/airflow/dags/environmental_data_pipeline.py
[2025-10-10T08:26:08.516+0000] {processor.py:840} INFO - DAG(s) 'environmental_data_pipeline' retrieved from /opt/airflow/dags/environmental_data_pipeline.py
[2025-10-10T08:26:08.594+0000] {logging_mixin.py:188} INFO - [2025-10-10T08:26:08.593+0000] {dag.py:3047} INFO - Sync 1 DAGs
[2025-10-10T08:26:08.692+0000] {logging_mixin.py:188} INFO - [2025-10-10T08:26:08.692+0000] {dag.py:3834} INFO - Setting next_dagrun for environmental_data_pipeline to 2025-10-10 08:00:00+00:00, run_after=2025-10-10 09:00:00+00:00
[2025-10-10T08:26:08.772+0000] {processor.py:183} INFO - Processing /opt/airflow/dags/environmental_data_pipeline.py took 0.300 seconds
[2025-10-10T08:26:39.379+0000] {processor.py:161} INFO - Started process (PID=237) to work on /opt/airflow/dags/environmental_data_pipeline.py
[2025-10-10T08:26:39.382+0000] {processor.py:830} INFO - Processing file /opt/airflow/dags/environmental_data_pipeline.py for tasks to queue
[2025-10-10T08:26:39.386+0000] {logging_mixin.py:188} INFO - [2025-10-10T08:26:39.385+0000] {dagbag.py:540} INFO - Filling up the DagBag from /opt/airflow/dags/environmental_data_pipeline.py
[2025-10-10T08:26:39.432+0000] {processor.py:840} INFO - DAG(s) 'environmental_data_pipeline' retrieved from /opt/airflow/dags/environmental_data_pipeline.py
[2025-10-10T08:26:39.478+0000] {logging_mixin.py:188} INFO - [2025-10-10T08:26:39.478+0000] {dag.py:3047} INFO - Sync 1 DAGs
[2025-10-10T08:26:39.568+0000] {logging_mixin.py:188} INFO - [2025-10-10T08:26:39.567+0000] {dag.py:3834} INFO - Setting next_dagrun for environmental_data_pipeline to 2025-10-10 08:00:00+00:00, run_after=2025-10-10 09:00:00+00:00
[2025-10-10T08:26:39.600+0000] {processor.py:183} INFO - Processing /opt/airflow/dags/environmental_data_pipeline.py took 0.226 seconds
[2025-10-10T08:27:10.362+0000] {processor.py:161} INFO - Started process (PID=242) to work on /opt/airflow/dags/environmental_data_pipeline.py
[2025-10-10T08:27:10.364+0000] {processor.py:830} INFO - Processing file /opt/airflow/dags/environmental_data_pipeline.py for tasks to queue
[2025-10-10T08:27:10.366+0000] {logging_mixin.py:188} INFO - [2025-10-10T08:27:10.366+0000] {dagbag.py:540} INFO - Filling up the DagBag from /opt/airflow/dags/environmental_data_pipeline.py
[2025-10-10T08:27:10.384+0000] {processor.py:840} INFO - DAG(s) 'environmental_data_pipeline' retrieved from /opt/airflow/dags/environmental_data_pipeline.py
[2025-10-10T08:27:10.435+0000] {logging_mixin.py:188} INFO - [2025-10-10T08:27:10.434+0000] {dag.py:3047} INFO - Sync 1 DAGs
[2025-10-10T08:27:10.490+0000] {logging_mixin.py:188} INFO - [2025-10-10T08:27:10.490+0000] {dag.py:3834} INFO - Setting next_dagrun for environmental_data_pipeline to 2025-10-10 08:00:00+00:00, run_after=2025-10-10 09:00:00+00:00
[2025-10-10T08:27:10.526+0000] {processor.py:183} INFO - Processing /opt/airflow/dags/environmental_data_pipeline.py took 0.171 seconds
[2025-10-10T08:30:27.329+0000] {processor.py:161} INFO - Started process (PID=159) to work on /opt/airflow/dags/environmental_data_pipeline.py
[2025-10-10T08:30:27.343+0000] {processor.py:830} INFO - Processing file /opt/airflow/dags/environmental_data_pipeline.py for tasks to queue
[2025-10-10T08:30:27.346+0000] {logging_mixin.py:188} INFO - [2025-10-10T08:30:27.345+0000] {dagbag.py:540} INFO - Filling up the DagBag from /opt/airflow/dags/environmental_data_pipeline.py
[2025-10-10T08:30:27.476+0000] {processor.py:840} INFO - DAG(s) 'environmental_data_pipeline' retrieved from /opt/airflow/dags/environmental_data_pipeline.py
[2025-10-10T08:30:27.843+0000] {logging_mixin.py:188} INFO - [2025-10-10T08:30:27.828+0000] {dag.py:3047} INFO - Sync 1 DAGs
[2025-10-10T08:30:28.023+0000] {logging_mixin.py:188} INFO - [2025-10-10T08:30:28.023+0000] {dag.py:3834} INFO - Setting next_dagrun for environmental_data_pipeline to 2025-10-10 08:00:00+00:00, run_after=2025-10-10 09:00:00+00:00
[2025-10-10T08:30:28.143+0000] {processor.py:183} INFO - Processing /opt/airflow/dags/environmental_data_pipeline.py took 0.871 seconds
[2025-10-10T08:30:58.730+0000] {processor.py:161} INFO - Started process (PID=165) to work on /opt/airflow/dags/environmental_data_pipeline.py
[2025-10-10T08:30:58.738+0000] {processor.py:830} INFO - Processing file /opt/airflow/dags/environmental_data_pipeline.py for tasks to queue
[2025-10-10T08:30:58.746+0000] {logging_mixin.py:188} INFO - [2025-10-10T08:30:58.743+0000] {dagbag.py:540} INFO - Filling up the DagBag from /opt/airflow/dags/environmental_data_pipeline.py
[2025-10-10T08:30:58.854+0000] {processor.py:840} INFO - DAG(s) 'environmental_data_pipeline' retrieved from /opt/airflow/dags/environmental_data_pipeline.py
[2025-10-10T08:30:59.712+0000] {logging_mixin.py:188} INFO - [2025-10-10T08:30:59.711+0000] {dag.py:3047} INFO - Sync 1 DAGs
[2025-10-10T08:30:59.848+0000] {logging_mixin.py:188} INFO - [2025-10-10T08:30:59.847+0000] {dag.py:3834} INFO - Setting next_dagrun for environmental_data_pipeline to 2025-10-10 08:00:00+00:00, run_after=2025-10-10 09:00:00+00:00
[2025-10-10T08:30:59.890+0000] {processor.py:183} INFO - Processing /opt/airflow/dags/environmental_data_pipeline.py took 1.187 seconds
[2025-10-10T08:31:30.132+0000] {processor.py:161} INFO - Started process (PID=170) to work on /opt/airflow/dags/environmental_data_pipeline.py
[2025-10-10T08:31:30.146+0000] {processor.py:830} INFO - Processing file /opt/airflow/dags/environmental_data_pipeline.py for tasks to queue
[2025-10-10T08:31:30.148+0000] {logging_mixin.py:188} INFO - [2025-10-10T08:31:30.147+0000] {dagbag.py:540} INFO - Filling up the DagBag from /opt/airflow/dags/environmental_data_pipeline.py
[2025-10-10T08:31:30.287+0000] {processor.py:840} INFO - DAG(s) 'environmental_data_pipeline' retrieved from /opt/airflow/dags/environmental_data_pipeline.py
[2025-10-10T08:31:30.602+0000] {logging_mixin.py:188} INFO - [2025-10-10T08:31:30.601+0000] {dag.py:3047} INFO - Sync 1 DAGs
[2025-10-10T08:31:30.709+0000] {logging_mixin.py:188} INFO - [2025-10-10T08:31:30.708+0000] {dag.py:3834} INFO - Setting next_dagrun for environmental_data_pipeline to 2025-10-10 08:00:00+00:00, run_after=2025-10-10 09:00:00+00:00
[2025-10-10T08:31:30.770+0000] {processor.py:183} INFO - Processing /opt/airflow/dags/environmental_data_pipeline.py took 0.659 seconds
[2025-10-10T08:32:01.721+0000] {processor.py:161} INFO - Started process (PID=179) to work on /opt/airflow/dags/environmental_data_pipeline.py
[2025-10-10T08:32:01.725+0000] {processor.py:830} INFO - Processing file /opt/airflow/dags/environmental_data_pipeline.py for tasks to queue
[2025-10-10T08:32:01.727+0000] {logging_mixin.py:188} INFO - [2025-10-10T08:32:01.726+0000] {dagbag.py:540} INFO - Filling up the DagBag from /opt/airflow/dags/environmental_data_pipeline.py
[2025-10-10T08:32:01.756+0000] {processor.py:840} INFO - DAG(s) 'environmental_data_pipeline' retrieved from /opt/airflow/dags/environmental_data_pipeline.py
[2025-10-10T08:32:01.801+0000] {logging_mixin.py:188} INFO - [2025-10-10T08:32:01.800+0000] {dag.py:3047} INFO - Sync 1 DAGs
[2025-10-10T08:32:01.852+0000] {logging_mixin.py:188} INFO - [2025-10-10T08:32:01.852+0000] {dag.py:3834} INFO - Setting next_dagrun for environmental_data_pipeline to 2025-10-10 08:00:00+00:00, run_after=2025-10-10 09:00:00+00:00
[2025-10-10T08:32:01.882+0000] {processor.py:183} INFO - Processing /opt/airflow/dags/environmental_data_pipeline.py took 0.166 seconds
[2025-10-10T08:32:32.773+0000] {processor.py:161} INFO - Started process (PID=186) to work on /opt/airflow/dags/environmental_data_pipeline.py
[2025-10-10T08:32:32.777+0000] {processor.py:830} INFO - Processing file /opt/airflow/dags/environmental_data_pipeline.py for tasks to queue
[2025-10-10T08:32:32.778+0000] {logging_mixin.py:188} INFO - [2025-10-10T08:32:32.777+0000] {dagbag.py:540} INFO - Filling up the DagBag from /opt/airflow/dags/environmental_data_pipeline.py
[2025-10-10T08:32:32.849+0000] {processor.py:840} INFO - DAG(s) 'environmental_data_pipeline' retrieved from /opt/airflow/dags/environmental_data_pipeline.py
[2025-10-10T08:32:32.950+0000] {logging_mixin.py:188} INFO - [2025-10-10T08:32:32.949+0000] {dag.py:3047} INFO - Sync 1 DAGs
[2025-10-10T08:32:33.040+0000] {logging_mixin.py:188} INFO - [2025-10-10T08:32:33.039+0000] {dag.py:3834} INFO - Setting next_dagrun for environmental_data_pipeline to 2025-10-10 08:00:00+00:00, run_after=2025-10-10 09:00:00+00:00
[2025-10-10T08:32:33.082+0000] {processor.py:183} INFO - Processing /opt/airflow/dags/environmental_data_pipeline.py took 0.316 seconds
[2025-10-10T08:33:03.862+0000] {processor.py:161} INFO - Started process (PID=191) to work on /opt/airflow/dags/environmental_data_pipeline.py
[2025-10-10T08:33:03.879+0000] {processor.py:830} INFO - Processing file /opt/airflow/dags/environmental_data_pipeline.py for tasks to queue
[2025-10-10T08:33:03.886+0000] {logging_mixin.py:188} INFO - [2025-10-10T08:33:03.882+0000] {dagbag.py:540} INFO - Filling up the DagBag from /opt/airflow/dags/environmental_data_pipeline.py
[2025-10-10T08:33:04.006+0000] {processor.py:840} INFO - DAG(s) 'environmental_data_pipeline' retrieved from /opt/airflow/dags/environmental_data_pipeline.py
[2025-10-10T08:33:04.146+0000] {logging_mixin.py:188} INFO - [2025-10-10T08:33:04.146+0000] {dag.py:3047} INFO - Sync 1 DAGs
[2025-10-10T08:33:04.298+0000] {logging_mixin.py:188} INFO - [2025-10-10T08:33:04.298+0000] {dag.py:3834} INFO - Setting next_dagrun for environmental_data_pipeline to 2025-10-10 08:00:00+00:00, run_after=2025-10-10 09:00:00+00:00
[2025-10-10T08:33:04.538+0000] {processor.py:183} INFO - Processing /opt/airflow/dags/environmental_data_pipeline.py took 0.682 seconds
[2025-10-10T08:33:35.034+0000] {processor.py:161} INFO - Started process (PID=196) to work on /opt/airflow/dags/environmental_data_pipeline.py
[2025-10-10T08:33:35.037+0000] {processor.py:830} INFO - Processing file /opt/airflow/dags/environmental_data_pipeline.py for tasks to queue
[2025-10-10T08:33:35.039+0000] {logging_mixin.py:188} INFO - [2025-10-10T08:33:35.038+0000] {dagbag.py:540} INFO - Filling up the DagBag from /opt/airflow/dags/environmental_data_pipeline.py
[2025-10-10T08:33:35.057+0000] {processor.py:840} INFO - DAG(s) 'environmental_data_pipeline' retrieved from /opt/airflow/dags/environmental_data_pipeline.py
[2025-10-10T08:33:35.106+0000] {logging_mixin.py:188} INFO - [2025-10-10T08:33:35.105+0000] {dag.py:3047} INFO - Sync 1 DAGs
[2025-10-10T08:33:35.152+0000] {logging_mixin.py:188} INFO - [2025-10-10T08:33:35.152+0000] {dag.py:3834} INFO - Setting next_dagrun for environmental_data_pipeline to 2025-10-10 08:00:00+00:00, run_after=2025-10-10 09:00:00+00:00
[2025-10-10T08:33:35.199+0000] {processor.py:183} INFO - Processing /opt/airflow/dags/environmental_data_pipeline.py took 0.173 seconds
[2025-10-10T08:34:05.960+0000] {processor.py:161} INFO - Started process (PID=201) to work on /opt/airflow/dags/environmental_data_pipeline.py
[2025-10-10T08:34:05.968+0000] {processor.py:830} INFO - Processing file /opt/airflow/dags/environmental_data_pipeline.py for tasks to queue
[2025-10-10T08:34:05.970+0000] {logging_mixin.py:188} INFO - [2025-10-10T08:34:05.969+0000] {dagbag.py:540} INFO - Filling up the DagBag from /opt/airflow/dags/environmental_data_pipeline.py
[2025-10-10T08:34:05.992+0000] {processor.py:840} INFO - DAG(s) 'environmental_data_pipeline' retrieved from /opt/airflow/dags/environmental_data_pipeline.py
[2025-10-10T08:34:06.038+0000] {logging_mixin.py:188} INFO - [2025-10-10T08:34:06.038+0000] {dag.py:3047} INFO - Sync 1 DAGs
[2025-10-10T08:34:06.077+0000] {logging_mixin.py:188} INFO - [2025-10-10T08:34:06.077+0000] {dag.py:3834} INFO - Setting next_dagrun for environmental_data_pipeline to 2025-10-10 08:00:00+00:00, run_after=2025-10-10 09:00:00+00:00
[2025-10-10T08:34:06.112+0000] {processor.py:183} INFO - Processing /opt/airflow/dags/environmental_data_pipeline.py took 0.157 seconds
[2025-10-10T08:34:36.964+0000] {processor.py:161} INFO - Started process (PID=206) to work on /opt/airflow/dags/environmental_data_pipeline.py
[2025-10-10T08:34:36.966+0000] {processor.py:830} INFO - Processing file /opt/airflow/dags/environmental_data_pipeline.py for tasks to queue
[2025-10-10T08:34:36.968+0000] {logging_mixin.py:188} INFO - [2025-10-10T08:34:36.967+0000] {dagbag.py:540} INFO - Filling up the DagBag from /opt/airflow/dags/environmental_data_pipeline.py
[2025-10-10T08:34:36.987+0000] {processor.py:840} INFO - DAG(s) 'environmental_data_pipeline' retrieved from /opt/airflow/dags/environmental_data_pipeline.py
[2025-10-10T08:34:37.023+0000] {logging_mixin.py:188} INFO - [2025-10-10T08:34:37.022+0000] {dag.py:3047} INFO - Sync 1 DAGs
[2025-10-10T08:34:37.053+0000] {logging_mixin.py:188} INFO - [2025-10-10T08:34:37.053+0000] {dag.py:3834} INFO - Setting next_dagrun for environmental_data_pipeline to 2025-10-10 08:00:00+00:00, run_after=2025-10-10 09:00:00+00:00
[2025-10-10T08:34:37.079+0000] {processor.py:183} INFO - Processing /opt/airflow/dags/environmental_data_pipeline.py took 0.122 seconds
[2025-10-10T08:35:07.908+0000] {processor.py:161} INFO - Started process (PID=211) to work on /opt/airflow/dags/environmental_data_pipeline.py
[2025-10-10T08:35:07.910+0000] {processor.py:830} INFO - Processing file /opt/airflow/dags/environmental_data_pipeline.py for tasks to queue
[2025-10-10T08:35:07.912+0000] {logging_mixin.py:188} INFO - [2025-10-10T08:35:07.911+0000] {dagbag.py:540} INFO - Filling up the DagBag from /opt/airflow/dags/environmental_data_pipeline.py
[2025-10-10T08:35:07.929+0000] {processor.py:840} INFO - DAG(s) 'environmental_data_pipeline' retrieved from /opt/airflow/dags/environmental_data_pipeline.py
[2025-10-10T08:35:07.987+0000] {logging_mixin.py:188} INFO - [2025-10-10T08:35:07.987+0000] {dag.py:3047} INFO - Sync 1 DAGs
[2025-10-10T08:35:08.020+0000] {logging_mixin.py:188} INFO - [2025-10-10T08:35:08.020+0000] {dag.py:3834} INFO - Setting next_dagrun for environmental_data_pipeline to 2025-10-10 08:00:00+00:00, run_after=2025-10-10 09:00:00+00:00
[2025-10-10T08:35:08.044+0000] {processor.py:183} INFO - Processing /opt/airflow/dags/environmental_data_pipeline.py took 0.141 seconds
[2025-10-10T08:35:39.063+0000] {processor.py:161} INFO - Started process (PID=216) to work on /opt/airflow/dags/environmental_data_pipeline.py
[2025-10-10T08:35:39.067+0000] {processor.py:830} INFO - Processing file /opt/airflow/dags/environmental_data_pipeline.py for tasks to queue
[2025-10-10T08:35:39.068+0000] {logging_mixin.py:188} INFO - [2025-10-10T08:35:39.068+0000] {dagbag.py:540} INFO - Filling up the DagBag from /opt/airflow/dags/environmental_data_pipeline.py
[2025-10-10T08:35:39.085+0000] {processor.py:840} INFO - DAG(s) 'environmental_data_pipeline' retrieved from /opt/airflow/dags/environmental_data_pipeline.py
[2025-10-10T08:35:39.130+0000] {logging_mixin.py:188} INFO - [2025-10-10T08:35:39.129+0000] {dag.py:3047} INFO - Sync 1 DAGs
[2025-10-10T08:35:39.162+0000] {logging_mixin.py:188} INFO - [2025-10-10T08:35:39.162+0000] {dag.py:3834} INFO - Setting next_dagrun for environmental_data_pipeline to 2025-10-10 08:00:00+00:00, run_after=2025-10-10 09:00:00+00:00
[2025-10-10T08:35:39.189+0000] {processor.py:183} INFO - Processing /opt/airflow/dags/environmental_data_pipeline.py took 0.134 seconds
[2025-10-10T08:36:10.002+0000] {processor.py:161} INFO - Started process (PID=221) to work on /opt/airflow/dags/environmental_data_pipeline.py
[2025-10-10T08:36:10.004+0000] {processor.py:830} INFO - Processing file /opt/airflow/dags/environmental_data_pipeline.py for tasks to queue
[2025-10-10T08:36:10.005+0000] {logging_mixin.py:188} INFO - [2025-10-10T08:36:10.004+0000] {dagbag.py:540} INFO - Filling up the DagBag from /opt/airflow/dags/environmental_data_pipeline.py
[2025-10-10T08:36:10.020+0000] {processor.py:840} INFO - DAG(s) 'environmental_data_pipeline' retrieved from /opt/airflow/dags/environmental_data_pipeline.py
[2025-10-10T08:36:10.063+0000] {logging_mixin.py:188} INFO - [2025-10-10T08:36:10.063+0000] {dag.py:3047} INFO - Sync 1 DAGs
[2025-10-10T08:36:10.098+0000] {logging_mixin.py:188} INFO - [2025-10-10T08:36:10.097+0000] {dag.py:3834} INFO - Setting next_dagrun for environmental_data_pipeline to 2025-10-10 08:00:00+00:00, run_after=2025-10-10 09:00:00+00:00
[2025-10-10T08:36:10.123+0000] {processor.py:183} INFO - Processing /opt/airflow/dags/environmental_data_pipeline.py took 0.126 seconds
[2025-10-10T08:36:41.120+0000] {processor.py:161} INFO - Started process (PID=226) to work on /opt/airflow/dags/environmental_data_pipeline.py
[2025-10-10T08:36:41.122+0000] {processor.py:830} INFO - Processing file /opt/airflow/dags/environmental_data_pipeline.py for tasks to queue
[2025-10-10T08:36:41.124+0000] {logging_mixin.py:188} INFO - [2025-10-10T08:36:41.123+0000] {dagbag.py:540} INFO - Filling up the DagBag from /opt/airflow/dags/environmental_data_pipeline.py
[2025-10-10T08:36:41.138+0000] {processor.py:840} INFO - DAG(s) 'environmental_data_pipeline' retrieved from /opt/airflow/dags/environmental_data_pipeline.py
[2025-10-10T08:36:41.172+0000] {logging_mixin.py:188} INFO - [2025-10-10T08:36:41.172+0000] {dag.py:3047} INFO - Sync 1 DAGs
[2025-10-10T08:36:41.206+0000] {logging_mixin.py:188} INFO - [2025-10-10T08:36:41.206+0000] {dag.py:3834} INFO - Setting next_dagrun for environmental_data_pipeline to 2025-10-10 08:00:00+00:00, run_after=2025-10-10 09:00:00+00:00
[2025-10-10T08:36:41.237+0000] {processor.py:183} INFO - Processing /opt/airflow/dags/environmental_data_pipeline.py took 0.122 seconds
[2025-10-10T08:37:12.075+0000] {processor.py:161} INFO - Started process (PID=231) to work on /opt/airflow/dags/environmental_data_pipeline.py
[2025-10-10T08:37:12.077+0000] {processor.py:830} INFO - Processing file /opt/airflow/dags/environmental_data_pipeline.py for tasks to queue
[2025-10-10T08:37:12.078+0000] {logging_mixin.py:188} INFO - [2025-10-10T08:37:12.078+0000] {dagbag.py:540} INFO - Filling up the DagBag from /opt/airflow/dags/environmental_data_pipeline.py
[2025-10-10T08:37:12.096+0000] {processor.py:840} INFO - DAG(s) 'environmental_data_pipeline' retrieved from /opt/airflow/dags/environmental_data_pipeline.py
[2025-10-10T08:37:12.132+0000] {logging_mixin.py:188} INFO - [2025-10-10T08:37:12.131+0000] {dag.py:3047} INFO - Sync 1 DAGs
[2025-10-10T08:37:12.161+0000] {logging_mixin.py:188} INFO - [2025-10-10T08:37:12.160+0000] {dag.py:3834} INFO - Setting next_dagrun for environmental_data_pipeline to 2025-10-10 08:00:00+00:00, run_after=2025-10-10 09:00:00+00:00
[2025-10-10T08:37:12.188+0000] {processor.py:183} INFO - Processing /opt/airflow/dags/environmental_data_pipeline.py took 0.119 seconds
[2025-10-10T08:37:43.012+0000] {processor.py:161} INFO - Started process (PID=236) to work on /opt/airflow/dags/environmental_data_pipeline.py
[2025-10-10T08:37:43.020+0000] {processor.py:830} INFO - Processing file /opt/airflow/dags/environmental_data_pipeline.py for tasks to queue
[2025-10-10T08:37:43.021+0000] {logging_mixin.py:188} INFO - [2025-10-10T08:37:43.021+0000] {dagbag.py:540} INFO - Filling up the DagBag from /opt/airflow/dags/environmental_data_pipeline.py
[2025-10-10T08:37:43.084+0000] {processor.py:840} INFO - DAG(s) 'environmental_data_pipeline' retrieved from /opt/airflow/dags/environmental_data_pipeline.py
[2025-10-10T08:37:43.163+0000] {logging_mixin.py:188} INFO - [2025-10-10T08:37:43.162+0000] {dag.py:3047} INFO - Sync 1 DAGs
[2025-10-10T08:37:43.224+0000] {logging_mixin.py:188} INFO - [2025-10-10T08:37:43.224+0000] {dag.py:3834} INFO - Setting next_dagrun for environmental_data_pipeline to 2025-10-10 08:00:00+00:00, run_after=2025-10-10 09:00:00+00:00
[2025-10-10T08:37:43.276+0000] {processor.py:183} INFO - Processing /opt/airflow/dags/environmental_data_pipeline.py took 0.274 seconds
[2025-10-10T08:38:13.999+0000] {processor.py:161} INFO - Started process (PID=241) to work on /opt/airflow/dags/environmental_data_pipeline.py
[2025-10-10T08:38:14.002+0000] {processor.py:830} INFO - Processing file /opt/airflow/dags/environmental_data_pipeline.py for tasks to queue
[2025-10-10T08:38:14.004+0000] {logging_mixin.py:188} INFO - [2025-10-10T08:38:14.004+0000] {dagbag.py:540} INFO - Filling up the DagBag from /opt/airflow/dags/environmental_data_pipeline.py
[2025-10-10T08:38:14.029+0000] {processor.py:840} INFO - DAG(s) 'environmental_data_pipeline' retrieved from /opt/airflow/dags/environmental_data_pipeline.py
[2025-10-10T08:38:14.118+0000] {logging_mixin.py:188} INFO - [2025-10-10T08:38:14.117+0000] {dag.py:3047} INFO - Sync 1 DAGs
[2025-10-10T08:38:14.192+0000] {logging_mixin.py:188} INFO - [2025-10-10T08:38:14.192+0000] {dag.py:3834} INFO - Setting next_dagrun for environmental_data_pipeline to 2025-10-10 08:00:00+00:00, run_after=2025-10-10 09:00:00+00:00
[2025-10-10T08:38:14.236+0000] {processor.py:183} INFO - Processing /opt/airflow/dags/environmental_data_pipeline.py took 0.248 seconds
[2025-10-10T08:38:45.113+0000] {processor.py:161} INFO - Started process (PID=246) to work on /opt/airflow/dags/environmental_data_pipeline.py
[2025-10-10T08:38:45.115+0000] {processor.py:830} INFO - Processing file /opt/airflow/dags/environmental_data_pipeline.py for tasks to queue
[2025-10-10T08:38:45.117+0000] {logging_mixin.py:188} INFO - [2025-10-10T08:38:45.116+0000] {dagbag.py:540} INFO - Filling up the DagBag from /opt/airflow/dags/environmental_data_pipeline.py
[2025-10-10T08:38:45.145+0000] {processor.py:840} INFO - DAG(s) 'environmental_data_pipeline' retrieved from /opt/airflow/dags/environmental_data_pipeline.py
[2025-10-10T08:38:45.215+0000] {logging_mixin.py:188} INFO - [2025-10-10T08:38:45.215+0000] {dag.py:3047} INFO - Sync 1 DAGs
[2025-10-10T08:38:45.282+0000] {logging_mixin.py:188} INFO - [2025-10-10T08:38:45.282+0000] {dag.py:3834} INFO - Setting next_dagrun for environmental_data_pipeline to 2025-10-10 08:00:00+00:00, run_after=2025-10-10 09:00:00+00:00
[2025-10-10T08:38:45.346+0000] {processor.py:183} INFO - Processing /opt/airflow/dags/environmental_data_pipeline.py took 0.239 seconds
[2025-10-10T08:39:16.359+0000] {processor.py:161} INFO - Started process (PID=251) to work on /opt/airflow/dags/environmental_data_pipeline.py
[2025-10-10T08:39:16.488+0000] {processor.py:830} INFO - Processing file /opt/airflow/dags/environmental_data_pipeline.py for tasks to queue
[2025-10-10T08:39:16.499+0000] {logging_mixin.py:188} INFO - [2025-10-10T08:39:16.497+0000] {dagbag.py:540} INFO - Filling up the DagBag from /opt/airflow/dags/environmental_data_pipeline.py
[2025-10-10T08:39:16.717+0000] {processor.py:840} INFO - DAG(s) 'environmental_data_pipeline' retrieved from /opt/airflow/dags/environmental_data_pipeline.py
[2025-10-10T08:39:16.900+0000] {logging_mixin.py:188} INFO - [2025-10-10T08:39:16.899+0000] {dag.py:3047} INFO - Sync 1 DAGs
[2025-10-10T08:39:17.036+0000] {logging_mixin.py:188} INFO - [2025-10-10T08:39:17.036+0000] {dag.py:3834} INFO - Setting next_dagrun for environmental_data_pipeline to 2025-10-10 08:00:00+00:00, run_after=2025-10-10 09:00:00+00:00
[2025-10-10T08:39:17.114+0000] {processor.py:183} INFO - Processing /opt/airflow/dags/environmental_data_pipeline.py took 0.825 seconds
[2025-10-10T08:39:47.246+0000] {processor.py:161} INFO - Started process (PID=256) to work on /opt/airflow/dags/environmental_data_pipeline.py
[2025-10-10T08:39:47.250+0000] {processor.py:830} INFO - Processing file /opt/airflow/dags/environmental_data_pipeline.py for tasks to queue
[2025-10-10T08:39:47.252+0000] {logging_mixin.py:188} INFO - [2025-10-10T08:39:47.251+0000] {dagbag.py:540} INFO - Filling up the DagBag from /opt/airflow/dags/environmental_data_pipeline.py
[2025-10-10T08:39:47.304+0000] {processor.py:840} INFO - DAG(s) 'environmental_data_pipeline' retrieved from /opt/airflow/dags/environmental_data_pipeline.py
[2025-10-10T08:39:47.414+0000] {logging_mixin.py:188} INFO - [2025-10-10T08:39:47.413+0000] {dag.py:3047} INFO - Sync 1 DAGs
[2025-10-10T08:39:47.472+0000] {logging_mixin.py:188} INFO - [2025-10-10T08:39:47.472+0000] {dag.py:3834} INFO - Setting next_dagrun for environmental_data_pipeline to 2025-10-10 08:00:00+00:00, run_after=2025-10-10 09:00:00+00:00
[2025-10-10T08:39:47.557+0000] {processor.py:183} INFO - Processing /opt/airflow/dags/environmental_data_pipeline.py took 0.328 seconds
[2025-10-10T08:40:18.153+0000] {processor.py:161} INFO - Started process (PID=261) to work on /opt/airflow/dags/environmental_data_pipeline.py
[2025-10-10T08:40:18.169+0000] {processor.py:830} INFO - Processing file /opt/airflow/dags/environmental_data_pipeline.py for tasks to queue
[2025-10-10T08:40:18.171+0000] {logging_mixin.py:188} INFO - [2025-10-10T08:40:18.170+0000] {dagbag.py:540} INFO - Filling up the DagBag from /opt/airflow/dags/environmental_data_pipeline.py
[2025-10-10T08:40:18.213+0000] {processor.py:840} INFO - DAG(s) 'environmental_data_pipeline' retrieved from /opt/airflow/dags/environmental_data_pipeline.py
[2025-10-10T08:40:18.321+0000] {logging_mixin.py:188} INFO - [2025-10-10T08:40:18.321+0000] {dag.py:3047} INFO - Sync 1 DAGs
[2025-10-10T08:40:18.414+0000] {logging_mixin.py:188} INFO - [2025-10-10T08:40:18.413+0000] {dag.py:3834} INFO - Setting next_dagrun for environmental_data_pipeline to 2025-10-10 08:00:00+00:00, run_after=2025-10-10 09:00:00+00:00
[2025-10-10T08:40:18.455+0000] {processor.py:183} INFO - Processing /opt/airflow/dags/environmental_data_pipeline.py took 0.308 seconds
[2025-10-10T08:40:49.191+0000] {processor.py:161} INFO - Started process (PID=266) to work on /opt/airflow/dags/environmental_data_pipeline.py
[2025-10-10T08:40:49.195+0000] {processor.py:830} INFO - Processing file /opt/airflow/dags/environmental_data_pipeline.py for tasks to queue
[2025-10-10T08:40:49.197+0000] {logging_mixin.py:188} INFO - [2025-10-10T08:40:49.196+0000] {dagbag.py:540} INFO - Filling up the DagBag from /opt/airflow/dags/environmental_data_pipeline.py
[2025-10-10T08:40:49.226+0000] {processor.py:840} INFO - DAG(s) 'environmental_data_pipeline' retrieved from /opt/airflow/dags/environmental_data_pipeline.py
[2025-10-10T08:40:49.319+0000] {logging_mixin.py:188} INFO - [2025-10-10T08:40:49.318+0000] {dag.py:3047} INFO - Sync 1 DAGs
[2025-10-10T08:40:49.355+0000] {logging_mixin.py:188} INFO - [2025-10-10T08:40:49.355+0000] {dag.py:3834} INFO - Setting next_dagrun for environmental_data_pipeline to 2025-10-10 08:00:00+00:00, run_after=2025-10-10 09:00:00+00:00
[2025-10-10T08:40:49.438+0000] {processor.py:183} INFO - Processing /opt/airflow/dags/environmental_data_pipeline.py took 0.254 seconds
[2025-10-10T08:41:20.415+0000] {processor.py:161} INFO - Started process (PID=271) to work on /opt/airflow/dags/environmental_data_pipeline.py
[2025-10-10T08:41:20.423+0000] {processor.py:830} INFO - Processing file /opt/airflow/dags/environmental_data_pipeline.py for tasks to queue
[2025-10-10T08:41:20.426+0000] {logging_mixin.py:188} INFO - [2025-10-10T08:41:20.425+0000] {dagbag.py:540} INFO - Filling up the DagBag from /opt/airflow/dags/environmental_data_pipeline.py
[2025-10-10T08:41:20.538+0000] {processor.py:840} INFO - DAG(s) 'environmental_data_pipeline' retrieved from /opt/airflow/dags/environmental_data_pipeline.py
[2025-10-10T08:41:20.785+0000] {logging_mixin.py:188} INFO - [2025-10-10T08:41:20.785+0000] {dag.py:3047} INFO - Sync 1 DAGs
[2025-10-10T08:41:20.954+0000] {logging_mixin.py:188} INFO - [2025-10-10T08:41:20.954+0000] {dag.py:3834} INFO - Setting next_dagrun for environmental_data_pipeline to 2025-10-10 08:00:00+00:00, run_after=2025-10-10 09:00:00+00:00
[2025-10-10T08:41:21.027+0000] {processor.py:183} INFO - Processing /opt/airflow/dags/environmental_data_pipeline.py took 0.624 seconds
[2025-10-10T08:41:51.347+0000] {processor.py:161} INFO - Started process (PID=276) to work on /opt/airflow/dags/environmental_data_pipeline.py
[2025-10-10T08:41:51.354+0000] {processor.py:830} INFO - Processing file /opt/airflow/dags/environmental_data_pipeline.py for tasks to queue
[2025-10-10T08:41:51.355+0000] {logging_mixin.py:188} INFO - [2025-10-10T08:41:51.355+0000] {dagbag.py:540} INFO - Filling up the DagBag from /opt/airflow/dags/environmental_data_pipeline.py
[2025-10-10T08:41:51.379+0000] {processor.py:840} INFO - DAG(s) 'environmental_data_pipeline' retrieved from /opt/airflow/dags/environmental_data_pipeline.py
[2025-10-10T08:41:51.425+0000] {logging_mixin.py:188} INFO - [2025-10-10T08:41:51.424+0000] {dag.py:3047} INFO - Sync 1 DAGs
[2025-10-10T08:41:51.517+0000] {logging_mixin.py:188} INFO - [2025-10-10T08:41:51.516+0000] {dag.py:3834} INFO - Setting next_dagrun for environmental_data_pipeline to 2025-10-10 08:00:00+00:00, run_after=2025-10-10 09:00:00+00:00
[2025-10-10T08:41:51.561+0000] {processor.py:183} INFO - Processing /opt/airflow/dags/environmental_data_pipeline.py took 0.219 seconds
[2025-10-10T08:42:22.266+0000] {processor.py:161} INFO - Started process (PID=281) to work on /opt/airflow/dags/environmental_data_pipeline.py
[2025-10-10T08:42:22.272+0000] {processor.py:830} INFO - Processing file /opt/airflow/dags/environmental_data_pipeline.py for tasks to queue
[2025-10-10T08:42:22.273+0000] {logging_mixin.py:188} INFO - [2025-10-10T08:42:22.273+0000] {dagbag.py:540} INFO - Filling up the DagBag from /opt/airflow/dags/environmental_data_pipeline.py
[2025-10-10T08:42:22.313+0000] {processor.py:840} INFO - DAG(s) 'environmental_data_pipeline' retrieved from /opt/airflow/dags/environmental_data_pipeline.py
[2025-10-10T08:42:22.378+0000] {logging_mixin.py:188} INFO - [2025-10-10T08:42:22.378+0000] {dag.py:3047} INFO - Sync 1 DAGs
[2025-10-10T08:42:22.437+0000] {logging_mixin.py:188} INFO - [2025-10-10T08:42:22.436+0000] {dag.py:3834} INFO - Setting next_dagrun for environmental_data_pipeline to 2025-10-10 08:00:00+00:00, run_after=2025-10-10 09:00:00+00:00
[2025-10-10T08:42:22.510+0000] {processor.py:183} INFO - Processing /opt/airflow/dags/environmental_data_pipeline.py took 0.253 seconds
[2025-10-10T08:42:53.494+0000] {processor.py:161} INFO - Started process (PID=286) to work on /opt/airflow/dags/environmental_data_pipeline.py
[2025-10-10T08:42:53.509+0000] {processor.py:830} INFO - Processing file /opt/airflow/dags/environmental_data_pipeline.py for tasks to queue
[2025-10-10T08:42:53.511+0000] {logging_mixin.py:188} INFO - [2025-10-10T08:42:53.510+0000] {dagbag.py:540} INFO - Filling up the DagBag from /opt/airflow/dags/environmental_data_pipeline.py
[2025-10-10T08:42:53.555+0000] {processor.py:840} INFO - DAG(s) 'environmental_data_pipeline' retrieved from /opt/airflow/dags/environmental_data_pipeline.py
[2025-10-10T08:42:53.647+0000] {logging_mixin.py:188} INFO - [2025-10-10T08:42:53.646+0000] {dag.py:3047} INFO - Sync 1 DAGs
[2025-10-10T08:42:53.760+0000] {logging_mixin.py:188} INFO - [2025-10-10T08:42:53.760+0000] {dag.py:3834} INFO - Setting next_dagrun for environmental_data_pipeline to 2025-10-10 08:00:00+00:00, run_after=2025-10-10 09:00:00+00:00
[2025-10-10T08:42:53.835+0000] {processor.py:183} INFO - Processing /opt/airflow/dags/environmental_data_pipeline.py took 0.356 seconds
[2025-10-10T08:43:24.426+0000] {processor.py:161} INFO - Started process (PID=291) to work on /opt/airflow/dags/environmental_data_pipeline.py
[2025-10-10T08:43:24.428+0000] {processor.py:830} INFO - Processing file /opt/airflow/dags/environmental_data_pipeline.py for tasks to queue
[2025-10-10T08:43:24.430+0000] {logging_mixin.py:188} INFO - [2025-10-10T08:43:24.429+0000] {dagbag.py:540} INFO - Filling up the DagBag from /opt/airflow/dags/environmental_data_pipeline.py
[2025-10-10T08:43:24.450+0000] {processor.py:840} INFO - DAG(s) 'environmental_data_pipeline' retrieved from /opt/airflow/dags/environmental_data_pipeline.py
[2025-10-10T08:43:24.494+0000] {logging_mixin.py:188} INFO - [2025-10-10T08:43:24.494+0000] {dag.py:3047} INFO - Sync 1 DAGs
[2025-10-10T08:43:24.537+0000] {logging_mixin.py:188} INFO - [2025-10-10T08:43:24.536+0000] {dag.py:3834} INFO - Setting next_dagrun for environmental_data_pipeline to 2025-10-10 08:00:00+00:00, run_after=2025-10-10 09:00:00+00:00
[2025-10-10T08:43:24.576+0000] {processor.py:183} INFO - Processing /opt/airflow/dags/environmental_data_pipeline.py took 0.157 seconds
[2025-10-10T08:43:55.205+0000] {processor.py:161} INFO - Started process (PID=296) to work on /opt/airflow/dags/environmental_data_pipeline.py
[2025-10-10T08:43:55.207+0000] {processor.py:830} INFO - Processing file /opt/airflow/dags/environmental_data_pipeline.py for tasks to queue
[2025-10-10T08:43:55.208+0000] {logging_mixin.py:188} INFO - [2025-10-10T08:43:55.208+0000] {dagbag.py:540} INFO - Filling up the DagBag from /opt/airflow/dags/environmental_data_pipeline.py
[2025-10-10T08:43:55.224+0000] {processor.py:840} INFO - DAG(s) 'environmental_data_pipeline' retrieved from /opt/airflow/dags/environmental_data_pipeline.py
[2025-10-10T08:43:55.260+0000] {logging_mixin.py:188} INFO - [2025-10-10T08:43:55.259+0000] {dag.py:3047} INFO - Sync 1 DAGs
[2025-10-10T08:43:55.297+0000] {logging_mixin.py:188} INFO - [2025-10-10T08:43:55.297+0000] {dag.py:3834} INFO - Setting next_dagrun for environmental_data_pipeline to 2025-10-10 08:00:00+00:00, run_after=2025-10-10 09:00:00+00:00
[2025-10-10T08:43:55.336+0000] {processor.py:183} INFO - Processing /opt/airflow/dags/environmental_data_pipeline.py took 0.137 seconds
[2025-10-10T08:44:26.129+0000] {processor.py:161} INFO - Started process (PID=301) to work on /opt/airflow/dags/environmental_data_pipeline.py
[2025-10-10T08:44:26.132+0000] {processor.py:830} INFO - Processing file /opt/airflow/dags/environmental_data_pipeline.py for tasks to queue
[2025-10-10T08:44:26.133+0000] {logging_mixin.py:188} INFO - [2025-10-10T08:44:26.132+0000] {dagbag.py:540} INFO - Filling up the DagBag from /opt/airflow/dags/environmental_data_pipeline.py
[2025-10-10T08:44:26.155+0000] {processor.py:840} INFO - DAG(s) 'environmental_data_pipeline' retrieved from /opt/airflow/dags/environmental_data_pipeline.py
[2025-10-10T08:44:26.211+0000] {logging_mixin.py:188} INFO - [2025-10-10T08:44:26.211+0000] {dag.py:3047} INFO - Sync 1 DAGs
[2025-10-10T08:44:26.281+0000] {logging_mixin.py:188} INFO - [2025-10-10T08:44:26.280+0000] {dag.py:3834} INFO - Setting next_dagrun for environmental_data_pipeline to 2025-10-10 08:00:00+00:00, run_after=2025-10-10 09:00:00+00:00
[2025-10-10T08:44:26.315+0000] {processor.py:183} INFO - Processing /opt/airflow/dags/environmental_data_pipeline.py took 0.193 seconds
[2025-10-10T08:44:57.174+0000] {processor.py:161} INFO - Started process (PID=306) to work on /opt/airflow/dags/environmental_data_pipeline.py
[2025-10-10T08:44:57.177+0000] {processor.py:830} INFO - Processing file /opt/airflow/dags/environmental_data_pipeline.py for tasks to queue
[2025-10-10T08:44:57.178+0000] {logging_mixin.py:188} INFO - [2025-10-10T08:44:57.178+0000] {dagbag.py:540} INFO - Filling up the DagBag from /opt/airflow/dags/environmental_data_pipeline.py
[2025-10-10T08:44:57.217+0000] {processor.py:840} INFO - DAG(s) 'environmental_data_pipeline' retrieved from /opt/airflow/dags/environmental_data_pipeline.py
[2025-10-10T08:44:57.343+0000] {logging_mixin.py:188} INFO - [2025-10-10T08:44:57.342+0000] {dag.py:3047} INFO - Sync 1 DAGs
[2025-10-10T08:44:57.533+0000] {logging_mixin.py:188} INFO - [2025-10-10T08:44:57.533+0000] {dag.py:3834} INFO - Setting next_dagrun for environmental_data_pipeline to 2025-10-10 08:00:00+00:00, run_after=2025-10-10 09:00:00+00:00
[2025-10-10T08:44:57.708+0000] {processor.py:183} INFO - Processing /opt/airflow/dags/environmental_data_pipeline.py took 0.541 seconds
[2025-10-10T08:45:28.167+0000] {processor.py:161} INFO - Started process (PID=311) to work on /opt/airflow/dags/environmental_data_pipeline.py
[2025-10-10T08:45:28.385+0000] {processor.py:830} INFO - Processing file /opt/airflow/dags/environmental_data_pipeline.py for tasks to queue
[2025-10-10T08:45:28.387+0000] {logging_mixin.py:188} INFO - [2025-10-10T08:45:28.386+0000] {dagbag.py:540} INFO - Filling up the DagBag from /opt/airflow/dags/environmental_data_pipeline.py
[2025-10-10T08:45:28.453+0000] {processor.py:840} INFO - DAG(s) 'environmental_data_pipeline' retrieved from /opt/airflow/dags/environmental_data_pipeline.py
[2025-10-10T08:45:28.768+0000] {logging_mixin.py:188} INFO - [2025-10-10T08:45:28.767+0000] {dag.py:3047} INFO - Sync 1 DAGs
[2025-10-10T08:45:29.057+0000] {logging_mixin.py:188} INFO - [2025-10-10T08:45:29.056+0000] {dag.py:3834} INFO - Setting next_dagrun for environmental_data_pipeline to 2025-10-10 08:00:00+00:00, run_after=2025-10-10 09:00:00+00:00
[2025-10-10T08:45:29.275+0000] {processor.py:183} INFO - Processing /opt/airflow/dags/environmental_data_pipeline.py took 1.126 seconds
[2025-10-10T08:46:00.112+0000] {processor.py:161} INFO - Started process (PID=316) to work on /opt/airflow/dags/environmental_data_pipeline.py
[2025-10-10T08:46:00.119+0000] {processor.py:830} INFO - Processing file /opt/airflow/dags/environmental_data_pipeline.py for tasks to queue
[2025-10-10T08:46:00.121+0000] {logging_mixin.py:188} INFO - [2025-10-10T08:46:00.121+0000] {dagbag.py:540} INFO - Filling up the DagBag from /opt/airflow/dags/environmental_data_pipeline.py
[2025-10-10T08:46:00.138+0000] {processor.py:840} INFO - DAG(s) 'environmental_data_pipeline' retrieved from /opt/airflow/dags/environmental_data_pipeline.py
[2025-10-10T08:46:00.195+0000] {logging_mixin.py:188} INFO - [2025-10-10T08:46:00.194+0000] {dag.py:3047} INFO - Sync 1 DAGs
[2025-10-10T08:46:00.241+0000] {logging_mixin.py:188} INFO - [2025-10-10T08:46:00.240+0000] {dag.py:3834} INFO - Setting next_dagrun for environmental_data_pipeline to 2025-10-10 08:00:00+00:00, run_after=2025-10-10 09:00:00+00:00
[2025-10-10T08:46:00.307+0000] {processor.py:183} INFO - Processing /opt/airflow/dags/environmental_data_pipeline.py took 0.201 seconds
[2025-10-10T08:46:31.142+0000] {processor.py:161} INFO - Started process (PID=321) to work on /opt/airflow/dags/environmental_data_pipeline.py
[2025-10-10T08:46:31.143+0000] {processor.py:830} INFO - Processing file /opt/airflow/dags/environmental_data_pipeline.py for tasks to queue
[2025-10-10T08:46:31.144+0000] {logging_mixin.py:188} INFO - [2025-10-10T08:46:31.144+0000] {dagbag.py:540} INFO - Filling up the DagBag from /opt/airflow/dags/environmental_data_pipeline.py
[2025-10-10T08:46:31.162+0000] {processor.py:840} INFO - DAG(s) 'environmental_data_pipeline' retrieved from /opt/airflow/dags/environmental_data_pipeline.py
[2025-10-10T08:46:31.210+0000] {logging_mixin.py:188} INFO - [2025-10-10T08:46:31.209+0000] {dag.py:3047} INFO - Sync 1 DAGs
[2025-10-10T08:46:31.325+0000] {logging_mixin.py:188} INFO - [2025-10-10T08:46:31.324+0000] {dag.py:3834} INFO - Setting next_dagrun for environmental_data_pipeline to 2025-10-10 08:00:00+00:00, run_after=2025-10-10 09:00:00+00:00
[2025-10-10T08:46:31.413+0000] {processor.py:183} INFO - Processing /opt/airflow/dags/environmental_data_pipeline.py took 0.275 seconds
[2025-10-10T08:47:02.129+0000] {processor.py:161} INFO - Started process (PID=326) to work on /opt/airflow/dags/environmental_data_pipeline.py
[2025-10-10T08:47:02.131+0000] {processor.py:830} INFO - Processing file /opt/airflow/dags/environmental_data_pipeline.py for tasks to queue
[2025-10-10T08:47:02.132+0000] {logging_mixin.py:188} INFO - [2025-10-10T08:47:02.132+0000] {dagbag.py:540} INFO - Filling up the DagBag from /opt/airflow/dags/environmental_data_pipeline.py
[2025-10-10T08:47:02.148+0000] {processor.py:840} INFO - DAG(s) 'environmental_data_pipeline' retrieved from /opt/airflow/dags/environmental_data_pipeline.py
[2025-10-10T08:47:02.183+0000] {logging_mixin.py:188} INFO - [2025-10-10T08:47:02.182+0000] {dag.py:3047} INFO - Sync 1 DAGs
[2025-10-10T08:47:02.220+0000] {logging_mixin.py:188} INFO - [2025-10-10T08:47:02.219+0000] {dag.py:3834} INFO - Setting next_dagrun for environmental_data_pipeline to 2025-10-10 08:00:00+00:00, run_after=2025-10-10 09:00:00+00:00
[2025-10-10T08:47:02.253+0000] {processor.py:183} INFO - Processing /opt/airflow/dags/environmental_data_pipeline.py took 0.128 seconds
[2025-10-10T08:47:32.990+0000] {processor.py:161} INFO - Started process (PID=331) to work on /opt/airflow/dags/environmental_data_pipeline.py
[2025-10-10T08:47:32.993+0000] {processor.py:830} INFO - Processing file /opt/airflow/dags/environmental_data_pipeline.py for tasks to queue
[2025-10-10T08:47:32.995+0000] {logging_mixin.py:188} INFO - [2025-10-10T08:47:32.994+0000] {dagbag.py:540} INFO - Filling up the DagBag from /opt/airflow/dags/environmental_data_pipeline.py
[2025-10-10T08:47:33.017+0000] {processor.py:840} INFO - DAG(s) 'environmental_data_pipeline' retrieved from /opt/airflow/dags/environmental_data_pipeline.py
[2025-10-10T08:47:33.066+0000] {logging_mixin.py:188} INFO - [2025-10-10T08:47:33.066+0000] {dag.py:3047} INFO - Sync 1 DAGs
[2025-10-10T08:47:33.112+0000] {logging_mixin.py:188} INFO - [2025-10-10T08:47:33.111+0000] {dag.py:3834} INFO - Setting next_dagrun for environmental_data_pipeline to 2025-10-10 08:00:00+00:00, run_after=2025-10-10 09:00:00+00:00
[2025-10-10T08:47:33.149+0000] {processor.py:183} INFO - Processing /opt/airflow/dags/environmental_data_pipeline.py took 0.167 seconds
[2025-10-10T08:48:03.904+0000] {processor.py:161} INFO - Started process (PID=336) to work on /opt/airflow/dags/environmental_data_pipeline.py
[2025-10-10T08:48:03.907+0000] {processor.py:830} INFO - Processing file /opt/airflow/dags/environmental_data_pipeline.py for tasks to queue
[2025-10-10T08:48:03.909+0000] {logging_mixin.py:188} INFO - [2025-10-10T08:48:03.908+0000] {dagbag.py:540} INFO - Filling up the DagBag from /opt/airflow/dags/environmental_data_pipeline.py
[2025-10-10T08:48:03.925+0000] {processor.py:840} INFO - DAG(s) 'environmental_data_pipeline' retrieved from /opt/airflow/dags/environmental_data_pipeline.py
[2025-10-10T08:48:03.963+0000] {logging_mixin.py:188} INFO - [2025-10-10T08:48:03.963+0000] {dag.py:3047} INFO - Sync 1 DAGs
[2025-10-10T08:48:03.997+0000] {logging_mixin.py:188} INFO - [2025-10-10T08:48:03.997+0000] {dag.py:3834} INFO - Setting next_dagrun for environmental_data_pipeline to 2025-10-10 08:00:00+00:00, run_after=2025-10-10 09:00:00+00:00
[2025-10-10T08:48:04.028+0000] {processor.py:183} INFO - Processing /opt/airflow/dags/environmental_data_pipeline.py took 0.130 seconds
[2025-10-10T08:48:34.886+0000] {processor.py:161} INFO - Started process (PID=341) to work on /opt/airflow/dags/environmental_data_pipeline.py
[2025-10-10T08:48:34.889+0000] {processor.py:830} INFO - Processing file /opt/airflow/dags/environmental_data_pipeline.py for tasks to queue
[2025-10-10T08:48:34.890+0000] {logging_mixin.py:188} INFO - [2025-10-10T08:48:34.890+0000] {dagbag.py:540} INFO - Filling up the DagBag from /opt/airflow/dags/environmental_data_pipeline.py
[2025-10-10T08:48:34.914+0000] {processor.py:840} INFO - DAG(s) 'environmental_data_pipeline' retrieved from /opt/airflow/dags/environmental_data_pipeline.py
[2025-10-10T08:48:34.962+0000] {logging_mixin.py:188} INFO - [2025-10-10T08:48:34.955+0000] {dag.py:3047} INFO - Sync 1 DAGs
[2025-10-10T08:48:34.998+0000] {logging_mixin.py:188} INFO - [2025-10-10T08:48:34.998+0000] {dag.py:3834} INFO - Setting next_dagrun for environmental_data_pipeline to 2025-10-10 08:00:00+00:00, run_after=2025-10-10 09:00:00+00:00
[2025-10-10T08:48:35.047+0000] {processor.py:183} INFO - Processing /opt/airflow/dags/environmental_data_pipeline.py took 0.169 seconds
[2025-10-10T08:49:05.884+0000] {processor.py:161} INFO - Started process (PID=346) to work on /opt/airflow/dags/environmental_data_pipeline.py
[2025-10-10T08:49:05.885+0000] {processor.py:830} INFO - Processing file /opt/airflow/dags/environmental_data_pipeline.py for tasks to queue
[2025-10-10T08:49:05.887+0000] {logging_mixin.py:188} INFO - [2025-10-10T08:49:05.886+0000] {dagbag.py:540} INFO - Filling up the DagBag from /opt/airflow/dags/environmental_data_pipeline.py
[2025-10-10T08:49:05.906+0000] {processor.py:840} INFO - DAG(s) 'environmental_data_pipeline' retrieved from /opt/airflow/dags/environmental_data_pipeline.py
[2025-10-10T08:49:05.947+0000] {logging_mixin.py:188} INFO - [2025-10-10T08:49:05.946+0000] {dag.py:3047} INFO - Sync 1 DAGs
[2025-10-10T08:49:05.982+0000] {logging_mixin.py:188} INFO - [2025-10-10T08:49:05.982+0000] {dag.py:3834} INFO - Setting next_dagrun for environmental_data_pipeline to 2025-10-10 08:00:00+00:00, run_after=2025-10-10 09:00:00+00:00
[2025-10-10T08:49:06.008+0000] {processor.py:183} INFO - Processing /opt/airflow/dags/environmental_data_pipeline.py took 0.131 seconds
[2025-10-10T08:49:36.876+0000] {processor.py:161} INFO - Started process (PID=351) to work on /opt/airflow/dags/environmental_data_pipeline.py
[2025-10-10T08:49:36.878+0000] {processor.py:830} INFO - Processing file /opt/airflow/dags/environmental_data_pipeline.py for tasks to queue
[2025-10-10T08:49:36.880+0000] {logging_mixin.py:188} INFO - [2025-10-10T08:49:36.879+0000] {dagbag.py:540} INFO - Filling up the DagBag from /opt/airflow/dags/environmental_data_pipeline.py
[2025-10-10T08:49:36.895+0000] {processor.py:840} INFO - DAG(s) 'environmental_data_pipeline' retrieved from /opt/airflow/dags/environmental_data_pipeline.py
[2025-10-10T08:49:36.945+0000] {logging_mixin.py:188} INFO - [2025-10-10T08:49:36.944+0000] {dag.py:3047} INFO - Sync 1 DAGs
[2025-10-10T08:49:36.991+0000] {logging_mixin.py:188} INFO - [2025-10-10T08:49:36.990+0000] {dag.py:3834} INFO - Setting next_dagrun for environmental_data_pipeline to 2025-10-10 08:00:00+00:00, run_after=2025-10-10 09:00:00+00:00
[2025-10-10T08:49:37.029+0000] {processor.py:183} INFO - Processing /opt/airflow/dags/environmental_data_pipeline.py took 0.157 seconds
[2025-10-10T08:50:07.739+0000] {processor.py:161} INFO - Started process (PID=356) to work on /opt/airflow/dags/environmental_data_pipeline.py
[2025-10-10T08:50:07.758+0000] {processor.py:830} INFO - Processing file /opt/airflow/dags/environmental_data_pipeline.py for tasks to queue
[2025-10-10T08:50:07.760+0000] {logging_mixin.py:188} INFO - [2025-10-10T08:50:07.759+0000] {dagbag.py:540} INFO - Filling up the DagBag from /opt/airflow/dags/environmental_data_pipeline.py
[2025-10-10T08:50:07.800+0000] {processor.py:840} INFO - DAG(s) 'environmental_data_pipeline' retrieved from /opt/airflow/dags/environmental_data_pipeline.py
[2025-10-10T08:50:07.885+0000] {logging_mixin.py:188} INFO - [2025-10-10T08:50:07.884+0000] {dag.py:3047} INFO - Sync 1 DAGs
[2025-10-10T08:50:07.953+0000] {logging_mixin.py:188} INFO - [2025-10-10T08:50:07.952+0000] {dag.py:3834} INFO - Setting next_dagrun for environmental_data_pipeline to 2025-10-10 08:00:00+00:00, run_after=2025-10-10 09:00:00+00:00
[2025-10-10T08:50:08.038+0000] {processor.py:183} INFO - Processing /opt/airflow/dags/environmental_data_pipeline.py took 0.323 seconds
[2025-10-10T08:50:38.862+0000] {processor.py:161} INFO - Started process (PID=361) to work on /opt/airflow/dags/environmental_data_pipeline.py
[2025-10-10T08:50:38.864+0000] {processor.py:830} INFO - Processing file /opt/airflow/dags/environmental_data_pipeline.py for tasks to queue
[2025-10-10T08:50:38.866+0000] {logging_mixin.py:188} INFO - [2025-10-10T08:50:38.865+0000] {dagbag.py:540} INFO - Filling up the DagBag from /opt/airflow/dags/environmental_data_pipeline.py
[2025-10-10T08:50:38.884+0000] {processor.py:840} INFO - DAG(s) 'environmental_data_pipeline' retrieved from /opt/airflow/dags/environmental_data_pipeline.py
[2025-10-10T08:50:38.921+0000] {logging_mixin.py:188} INFO - [2025-10-10T08:50:38.921+0000] {dag.py:3047} INFO - Sync 1 DAGs
[2025-10-10T08:50:38.961+0000] {logging_mixin.py:188} INFO - [2025-10-10T08:50:38.960+0000] {dag.py:3834} INFO - Setting next_dagrun for environmental_data_pipeline to 2025-10-10 08:00:00+00:00, run_after=2025-10-10 09:00:00+00:00
[2025-10-10T08:50:38.987+0000] {processor.py:183} INFO - Processing /opt/airflow/dags/environmental_data_pipeline.py took 0.131 seconds
[2025-10-10T08:51:09.917+0000] {processor.py:161} INFO - Started process (PID=366) to work on /opt/airflow/dags/environmental_data_pipeline.py
[2025-10-10T08:51:09.919+0000] {processor.py:830} INFO - Processing file /opt/airflow/dags/environmental_data_pipeline.py for tasks to queue
[2025-10-10T08:51:09.920+0000] {logging_mixin.py:188} INFO - [2025-10-10T08:51:09.920+0000] {dagbag.py:540} INFO - Filling up the DagBag from /opt/airflow/dags/environmental_data_pipeline.py
[2025-10-10T08:51:09.938+0000] {processor.py:840} INFO - DAG(s) 'environmental_data_pipeline' retrieved from /opt/airflow/dags/environmental_data_pipeline.py
[2025-10-10T08:51:09.983+0000] {logging_mixin.py:188} INFO - [2025-10-10T08:51:09.983+0000] {dag.py:3047} INFO - Sync 1 DAGs
[2025-10-10T08:51:10.017+0000] {logging_mixin.py:188} INFO - [2025-10-10T08:51:10.017+0000] {dag.py:3834} INFO - Setting next_dagrun for environmental_data_pipeline to 2025-10-10 08:00:00+00:00, run_after=2025-10-10 09:00:00+00:00
[2025-10-10T08:51:10.046+0000] {processor.py:183} INFO - Processing /opt/airflow/dags/environmental_data_pipeline.py took 0.136 seconds
[2025-10-10T08:51:40.857+0000] {processor.py:161} INFO - Started process (PID=371) to work on /opt/airflow/dags/environmental_data_pipeline.py
[2025-10-10T08:51:40.874+0000] {processor.py:830} INFO - Processing file /opt/airflow/dags/environmental_data_pipeline.py for tasks to queue
[2025-10-10T08:51:40.875+0000] {logging_mixin.py:188} INFO - [2025-10-10T08:51:40.875+0000] {dagbag.py:540} INFO - Filling up the DagBag from /opt/airflow/dags/environmental_data_pipeline.py
[2025-10-10T08:51:40.927+0000] {processor.py:840} INFO - DAG(s) 'environmental_data_pipeline' retrieved from /opt/airflow/dags/environmental_data_pipeline.py
[2025-10-10T08:51:41.055+0000] {logging_mixin.py:188} INFO - [2025-10-10T08:51:41.054+0000] {dag.py:3047} INFO - Sync 1 DAGs
[2025-10-10T08:51:41.158+0000] {logging_mixin.py:188} INFO - [2025-10-10T08:51:41.158+0000] {dag.py:3834} INFO - Setting next_dagrun for environmental_data_pipeline to 2025-10-10 08:00:00+00:00, run_after=2025-10-10 09:00:00+00:00
[2025-10-10T08:51:41.244+0000] {processor.py:183} INFO - Processing /opt/airflow/dags/environmental_data_pipeline.py took 0.403 seconds
[2025-10-10T08:52:12.022+0000] {processor.py:161} INFO - Started process (PID=376) to work on /opt/airflow/dags/environmental_data_pipeline.py
[2025-10-10T08:52:12.028+0000] {processor.py:830} INFO - Processing file /opt/airflow/dags/environmental_data_pipeline.py for tasks to queue
[2025-10-10T08:52:12.038+0000] {logging_mixin.py:188} INFO - [2025-10-10T08:52:12.037+0000] {dagbag.py:540} INFO - Filling up the DagBag from /opt/airflow/dags/environmental_data_pipeline.py
[2025-10-10T08:52:12.110+0000] {processor.py:840} INFO - DAG(s) 'environmental_data_pipeline' retrieved from /opt/airflow/dags/environmental_data_pipeline.py
[2025-10-10T08:52:12.308+0000] {logging_mixin.py:188} INFO - [2025-10-10T08:52:12.307+0000] {dag.py:3047} INFO - Sync 1 DAGs
[2025-10-10T08:52:12.496+0000] {logging_mixin.py:188} INFO - [2025-10-10T08:52:12.495+0000] {dag.py:3834} INFO - Setting next_dagrun for environmental_data_pipeline to 2025-10-10 08:00:00+00:00, run_after=2025-10-10 09:00:00+00:00
[2025-10-10T08:52:12.600+0000] {processor.py:183} INFO - Processing /opt/airflow/dags/environmental_data_pipeline.py took 0.598 seconds
[2025-10-10T08:52:43.136+0000] {processor.py:161} INFO - Started process (PID=381) to work on /opt/airflow/dags/environmental_data_pipeline.py
[2025-10-10T08:52:43.138+0000] {processor.py:830} INFO - Processing file /opt/airflow/dags/environmental_data_pipeline.py for tasks to queue
[2025-10-10T08:52:43.139+0000] {logging_mixin.py:188} INFO - [2025-10-10T08:52:43.138+0000] {dagbag.py:540} INFO - Filling up the DagBag from /opt/airflow/dags/environmental_data_pipeline.py
[2025-10-10T08:52:43.178+0000] {processor.py:840} INFO - DAG(s) 'environmental_data_pipeline' retrieved from /opt/airflow/dags/environmental_data_pipeline.py
[2025-10-10T08:52:43.231+0000] {logging_mixin.py:188} INFO - [2025-10-10T08:52:43.231+0000] {dag.py:3047} INFO - Sync 1 DAGs
[2025-10-10T08:52:43.262+0000] {logging_mixin.py:188} INFO - [2025-10-10T08:52:43.262+0000] {dag.py:3834} INFO - Setting next_dagrun for environmental_data_pipeline to 2025-10-10 08:00:00+00:00, run_after=2025-10-10 09:00:00+00:00
[2025-10-10T08:52:43.285+0000] {processor.py:183} INFO - Processing /opt/airflow/dags/environmental_data_pipeline.py took 0.155 seconds
[2025-10-10T08:53:13.992+0000] {processor.py:161} INFO - Started process (PID=386) to work on /opt/airflow/dags/environmental_data_pipeline.py
[2025-10-10T08:53:13.994+0000] {processor.py:830} INFO - Processing file /opt/airflow/dags/environmental_data_pipeline.py for tasks to queue
[2025-10-10T08:53:13.996+0000] {logging_mixin.py:188} INFO - [2025-10-10T08:53:13.995+0000] {dagbag.py:540} INFO - Filling up the DagBag from /opt/airflow/dags/environmental_data_pipeline.py
[2025-10-10T08:53:14.077+0000] {processor.py:840} INFO - DAG(s) 'environmental_data_pipeline' retrieved from /opt/airflow/dags/environmental_data_pipeline.py
[2025-10-10T08:53:14.229+0000] {logging_mixin.py:188} INFO - [2025-10-10T08:53:14.228+0000] {dag.py:3047} INFO - Sync 1 DAGs
[2025-10-10T08:53:14.316+0000] {logging_mixin.py:188} INFO - [2025-10-10T08:53:14.316+0000] {dag.py:3834} INFO - Setting next_dagrun for environmental_data_pipeline to 2025-10-10 08:00:00+00:00, run_after=2025-10-10 09:00:00+00:00
[2025-10-10T08:53:14.377+0000] {processor.py:183} INFO - Processing /opt/airflow/dags/environmental_data_pipeline.py took 0.393 seconds
[2025-10-10T08:53:45.098+0000] {processor.py:161} INFO - Started process (PID=391) to work on /opt/airflow/dags/environmental_data_pipeline.py
[2025-10-10T08:53:45.100+0000] {processor.py:830} INFO - Processing file /opt/airflow/dags/environmental_data_pipeline.py for tasks to queue
[2025-10-10T08:53:45.108+0000] {logging_mixin.py:188} INFO - [2025-10-10T08:53:45.101+0000] {dagbag.py:540} INFO - Filling up the DagBag from /opt/airflow/dags/environmental_data_pipeline.py
[2025-10-10T08:53:45.242+0000] {processor.py:840} INFO - DAG(s) 'environmental_data_pipeline' retrieved from /opt/airflow/dags/environmental_data_pipeline.py
[2025-10-10T08:53:45.421+0000] {logging_mixin.py:188} INFO - [2025-10-10T08:53:45.421+0000] {dag.py:3047} INFO - Sync 1 DAGs
[2025-10-10T08:53:45.537+0000] {logging_mixin.py:188} INFO - [2025-10-10T08:53:45.536+0000] {dag.py:3834} INFO - Setting next_dagrun for environmental_data_pipeline to 2025-10-10 08:00:00+00:00, run_after=2025-10-10 09:00:00+00:00
[2025-10-10T08:53:45.706+0000] {processor.py:183} INFO - Processing /opt/airflow/dags/environmental_data_pipeline.py took 0.625 seconds
[2025-10-10T08:54:15.879+0000] {processor.py:161} INFO - Started process (PID=396) to work on /opt/airflow/dags/environmental_data_pipeline.py
[2025-10-10T08:54:15.883+0000] {processor.py:830} INFO - Processing file /opt/airflow/dags/environmental_data_pipeline.py for tasks to queue
[2025-10-10T08:54:15.889+0000] {logging_mixin.py:188} INFO - [2025-10-10T08:54:15.884+0000] {dagbag.py:540} INFO - Filling up the DagBag from /opt/airflow/dags/environmental_data_pipeline.py
[2025-10-10T08:54:15.946+0000] {processor.py:840} INFO - DAG(s) 'environmental_data_pipeline' retrieved from /opt/airflow/dags/environmental_data_pipeline.py
[2025-10-10T08:54:16.033+0000] {logging_mixin.py:188} INFO - [2025-10-10T08:54:16.032+0000] {dag.py:3047} INFO - Sync 1 DAGs
[2025-10-10T08:54:16.104+0000] {logging_mixin.py:188} INFO - [2025-10-10T08:54:16.103+0000] {dag.py:3834} INFO - Setting next_dagrun for environmental_data_pipeline to 2025-10-10 08:00:00+00:00, run_after=2025-10-10 09:00:00+00:00
[2025-10-10T08:54:16.156+0000] {processor.py:183} INFO - Processing /opt/airflow/dags/environmental_data_pipeline.py took 0.284 seconds
[2025-10-10T08:54:46.801+0000] {processor.py:161} INFO - Started process (PID=401) to work on /opt/airflow/dags/environmental_data_pipeline.py
[2025-10-10T08:54:46.803+0000] {processor.py:830} INFO - Processing file /opt/airflow/dags/environmental_data_pipeline.py for tasks to queue
[2025-10-10T08:54:46.805+0000] {logging_mixin.py:188} INFO - [2025-10-10T08:54:46.804+0000] {dagbag.py:540} INFO - Filling up the DagBag from /opt/airflow/dags/environmental_data_pipeline.py
[2025-10-10T08:54:46.826+0000] {processor.py:840} INFO - DAG(s) 'environmental_data_pipeline' retrieved from /opt/airflow/dags/environmental_data_pipeline.py
[2025-10-10T08:54:46.878+0000] {logging_mixin.py:188} INFO - [2025-10-10T08:54:46.878+0000] {dag.py:3047} INFO - Sync 1 DAGs
[2025-10-10T08:54:46.934+0000] {logging_mixin.py:188} INFO - [2025-10-10T08:54:46.933+0000] {dag.py:3834} INFO - Setting next_dagrun for environmental_data_pipeline to 2025-10-10 08:00:00+00:00, run_after=2025-10-10 09:00:00+00:00
[2025-10-10T08:54:46.966+0000] {processor.py:183} INFO - Processing /opt/airflow/dags/environmental_data_pipeline.py took 0.170 seconds
[2025-10-10T08:55:17.741+0000] {processor.py:161} INFO - Started process (PID=406) to work on /opt/airflow/dags/environmental_data_pipeline.py
[2025-10-10T08:55:17.745+0000] {processor.py:830} INFO - Processing file /opt/airflow/dags/environmental_data_pipeline.py for tasks to queue
[2025-10-10T08:55:17.746+0000] {logging_mixin.py:188} INFO - [2025-10-10T08:55:17.746+0000] {dagbag.py:540} INFO - Filling up the DagBag from /opt/airflow/dags/environmental_data_pipeline.py
[2025-10-10T08:55:17.765+0000] {processor.py:840} INFO - DAG(s) 'environmental_data_pipeline' retrieved from /opt/airflow/dags/environmental_data_pipeline.py
[2025-10-10T08:55:17.810+0000] {logging_mixin.py:188} INFO - [2025-10-10T08:55:17.809+0000] {dag.py:3047} INFO - Sync 1 DAGs
[2025-10-10T08:55:17.871+0000] {logging_mixin.py:188} INFO - [2025-10-10T08:55:17.871+0000] {dag.py:3834} INFO - Setting next_dagrun for environmental_data_pipeline to 2025-10-10 08:00:00+00:00, run_after=2025-10-10 09:00:00+00:00
[2025-10-10T08:55:17.930+0000] {processor.py:183} INFO - Processing /opt/airflow/dags/environmental_data_pipeline.py took 0.195 seconds
[2025-10-10T08:55:48.853+0000] {processor.py:161} INFO - Started process (PID=411) to work on /opt/airflow/dags/environmental_data_pipeline.py
[2025-10-10T08:55:48.856+0000] {processor.py:830} INFO - Processing file /opt/airflow/dags/environmental_data_pipeline.py for tasks to queue
[2025-10-10T08:55:48.858+0000] {logging_mixin.py:188} INFO - [2025-10-10T08:55:48.857+0000] {dagbag.py:540} INFO - Filling up the DagBag from /opt/airflow/dags/environmental_data_pipeline.py
[2025-10-10T08:55:48.896+0000] {processor.py:840} INFO - DAG(s) 'environmental_data_pipeline' retrieved from /opt/airflow/dags/environmental_data_pipeline.py
[2025-10-10T08:55:48.960+0000] {logging_mixin.py:188} INFO - [2025-10-10T08:55:48.960+0000] {dag.py:3047} INFO - Sync 1 DAGs
[2025-10-10T08:55:49.072+0000] {logging_mixin.py:188} INFO - [2025-10-10T08:55:49.071+0000] {dag.py:3834} INFO - Setting next_dagrun for environmental_data_pipeline to 2025-10-10 08:00:00+00:00, run_after=2025-10-10 09:00:00+00:00
[2025-10-10T08:55:49.248+0000] {processor.py:183} INFO - Processing /opt/airflow/dags/environmental_data_pipeline.py took 0.399 seconds
[2025-10-10T08:56:19.669+0000] {processor.py:161} INFO - Started process (PID=416) to work on /opt/airflow/dags/environmental_data_pipeline.py
[2025-10-10T08:56:19.670+0000] {processor.py:830} INFO - Processing file /opt/airflow/dags/environmental_data_pipeline.py for tasks to queue
[2025-10-10T08:56:19.672+0000] {logging_mixin.py:188} INFO - [2025-10-10T08:56:19.671+0000] {dagbag.py:540} INFO - Filling up the DagBag from /opt/airflow/dags/environmental_data_pipeline.py
[2025-10-10T08:56:19.687+0000] {processor.py:840} INFO - DAG(s) 'environmental_data_pipeline' retrieved from /opt/airflow/dags/environmental_data_pipeline.py
[2025-10-10T08:56:19.731+0000] {logging_mixin.py:188} INFO - [2025-10-10T08:56:19.730+0000] {dag.py:3047} INFO - Sync 1 DAGs
[2025-10-10T08:56:19.920+0000] {logging_mixin.py:188} INFO - [2025-10-10T08:56:19.920+0000] {dag.py:3834} INFO - Setting next_dagrun for environmental_data_pipeline to 2025-10-10 08:00:00+00:00, run_after=2025-10-10 09:00:00+00:00
[2025-10-10T08:56:19.977+0000] {processor.py:183} INFO - Processing /opt/airflow/dags/environmental_data_pipeline.py took 0.315 seconds
[2025-10-10T08:56:50.520+0000] {processor.py:161} INFO - Started process (PID=421) to work on /opt/airflow/dags/environmental_data_pipeline.py
[2025-10-10T08:56:50.524+0000] {processor.py:830} INFO - Processing file /opt/airflow/dags/environmental_data_pipeline.py for tasks to queue
[2025-10-10T08:56:50.537+0000] {logging_mixin.py:188} INFO - [2025-10-10T08:56:50.533+0000] {dagbag.py:540} INFO - Filling up the DagBag from /opt/airflow/dags/environmental_data_pipeline.py
[2025-10-10T08:56:50.607+0000] {processor.py:840} INFO - DAG(s) 'environmental_data_pipeline' retrieved from /opt/airflow/dags/environmental_data_pipeline.py
[2025-10-10T08:56:50.790+0000] {logging_mixin.py:188} INFO - [2025-10-10T08:56:50.789+0000] {dag.py:3047} INFO - Sync 1 DAGs
[2025-10-10T08:56:50.842+0000] {logging_mixin.py:188} INFO - [2025-10-10T08:56:50.842+0000] {dag.py:3834} INFO - Setting next_dagrun for environmental_data_pipeline to 2025-10-10 08:00:00+00:00, run_after=2025-10-10 09:00:00+00:00
[2025-10-10T08:56:50.878+0000] {processor.py:183} INFO - Processing /opt/airflow/dags/environmental_data_pipeline.py took 0.369 seconds
[2025-10-10T08:57:21.772+0000] {processor.py:161} INFO - Started process (PID=426) to work on /opt/airflow/dags/environmental_data_pipeline.py
[2025-10-10T08:57:21.777+0000] {processor.py:830} INFO - Processing file /opt/airflow/dags/environmental_data_pipeline.py for tasks to queue
[2025-10-10T08:57:21.779+0000] {logging_mixin.py:188} INFO - [2025-10-10T08:57:21.778+0000] {dagbag.py:540} INFO - Filling up the DagBag from /opt/airflow/dags/environmental_data_pipeline.py
[2025-10-10T08:57:21.863+0000] {processor.py:840} INFO - DAG(s) 'environmental_data_pipeline' retrieved from /opt/airflow/dags/environmental_data_pipeline.py
[2025-10-10T08:57:21.958+0000] {logging_mixin.py:188} INFO - [2025-10-10T08:57:21.958+0000] {dag.py:3047} INFO - Sync 1 DAGs
[2025-10-10T08:57:22.031+0000] {logging_mixin.py:188} INFO - [2025-10-10T08:57:22.029+0000] {dag.py:3834} INFO - Setting next_dagrun for environmental_data_pipeline to 2025-10-10 08:00:00+00:00, run_after=2025-10-10 09:00:00+00:00
[2025-10-10T08:57:22.127+0000] {processor.py:183} INFO - Processing /opt/airflow/dags/environmental_data_pipeline.py took 0.371 seconds
[2025-10-10T08:57:52.663+0000] {processor.py:161} INFO - Started process (PID=431) to work on /opt/airflow/dags/environmental_data_pipeline.py
[2025-10-10T08:57:52.667+0000] {processor.py:830} INFO - Processing file /opt/airflow/dags/environmental_data_pipeline.py for tasks to queue
[2025-10-10T08:57:52.668+0000] {logging_mixin.py:188} INFO - [2025-10-10T08:57:52.668+0000] {dagbag.py:540} INFO - Filling up the DagBag from /opt/airflow/dags/environmental_data_pipeline.py
[2025-10-10T08:57:52.684+0000] {processor.py:840} INFO - DAG(s) 'environmental_data_pipeline' retrieved from /opt/airflow/dags/environmental_data_pipeline.py
[2025-10-10T08:57:52.729+0000] {logging_mixin.py:188} INFO - [2025-10-10T08:57:52.728+0000] {dag.py:3047} INFO - Sync 1 DAGs
[2025-10-10T08:57:52.858+0000] {logging_mixin.py:188} INFO - [2025-10-10T08:57:52.858+0000] {dag.py:3834} INFO - Setting next_dagrun for environmental_data_pipeline to 2025-10-10 08:00:00+00:00, run_after=2025-10-10 09:00:00+00:00
[2025-10-10T08:57:52.941+0000] {processor.py:183} INFO - Processing /opt/airflow/dags/environmental_data_pipeline.py took 0.283 seconds
[2025-10-10T08:58:23.467+0000] {processor.py:161} INFO - Started process (PID=436) to work on /opt/airflow/dags/environmental_data_pipeline.py
[2025-10-10T08:58:23.469+0000] {processor.py:830} INFO - Processing file /opt/airflow/dags/environmental_data_pipeline.py for tasks to queue
[2025-10-10T08:58:23.472+0000] {logging_mixin.py:188} INFO - [2025-10-10T08:58:23.471+0000] {dagbag.py:540} INFO - Filling up the DagBag from /opt/airflow/dags/environmental_data_pipeline.py
[2025-10-10T08:58:23.506+0000] {processor.py:840} INFO - DAG(s) 'environmental_data_pipeline' retrieved from /opt/airflow/dags/environmental_data_pipeline.py
[2025-10-10T08:58:23.564+0000] {logging_mixin.py:188} INFO - [2025-10-10T08:58:23.563+0000] {dag.py:3047} INFO - Sync 1 DAGs
[2025-10-10T08:58:23.606+0000] {logging_mixin.py:188} INFO - [2025-10-10T08:58:23.606+0000] {dag.py:3834} INFO - Setting next_dagrun for environmental_data_pipeline to 2025-10-10 08:00:00+00:00, run_after=2025-10-10 09:00:00+00:00
[2025-10-10T08:58:23.645+0000] {processor.py:183} INFO - Processing /opt/airflow/dags/environmental_data_pipeline.py took 0.183 seconds
[2025-10-10T08:58:54.321+0000] {processor.py:161} INFO - Started process (PID=441) to work on /opt/airflow/dags/environmental_data_pipeline.py
[2025-10-10T08:58:54.324+0000] {processor.py:830} INFO - Processing file /opt/airflow/dags/environmental_data_pipeline.py for tasks to queue
[2025-10-10T08:58:54.325+0000] {logging_mixin.py:188} INFO - [2025-10-10T08:58:54.325+0000] {dagbag.py:540} INFO - Filling up the DagBag from /opt/airflow/dags/environmental_data_pipeline.py
[2025-10-10T08:58:54.353+0000] {processor.py:840} INFO - DAG(s) 'environmental_data_pipeline' retrieved from /opt/airflow/dags/environmental_data_pipeline.py
[2025-10-10T08:58:54.411+0000] {logging_mixin.py:188} INFO - [2025-10-10T08:58:54.410+0000] {dag.py:3047} INFO - Sync 1 DAGs
[2025-10-10T08:58:54.499+0000] {logging_mixin.py:188} INFO - [2025-10-10T08:58:54.498+0000] {dag.py:3834} INFO - Setting next_dagrun for environmental_data_pipeline to 2025-10-10 08:00:00+00:00, run_after=2025-10-10 09:00:00+00:00
[2025-10-10T08:58:54.584+0000] {processor.py:183} INFO - Processing /opt/airflow/dags/environmental_data_pipeline.py took 0.271 seconds
[2025-10-10T08:59:25.228+0000] {processor.py:161} INFO - Started process (PID=446) to work on /opt/airflow/dags/environmental_data_pipeline.py
[2025-10-10T08:59:25.232+0000] {processor.py:830} INFO - Processing file /opt/airflow/dags/environmental_data_pipeline.py for tasks to queue
[2025-10-10T08:59:25.234+0000] {logging_mixin.py:188} INFO - [2025-10-10T08:59:25.233+0000] {dagbag.py:540} INFO - Filling up the DagBag from /opt/airflow/dags/environmental_data_pipeline.py
[2025-10-10T08:59:25.251+0000] {processor.py:840} INFO - DAG(s) 'environmental_data_pipeline' retrieved from /opt/airflow/dags/environmental_data_pipeline.py
[2025-10-10T08:59:25.321+0000] {logging_mixin.py:188} INFO - [2025-10-10T08:59:25.321+0000] {dag.py:3047} INFO - Sync 1 DAGs
[2025-10-10T08:59:25.371+0000] {logging_mixin.py:188} INFO - [2025-10-10T08:59:25.370+0000] {dag.py:3834} INFO - Setting next_dagrun for environmental_data_pipeline to 2025-10-10 08:00:00+00:00, run_after=2025-10-10 09:00:00+00:00
[2025-10-10T08:59:25.470+0000] {processor.py:183} INFO - Processing /opt/airflow/dags/environmental_data_pipeline.py took 0.248 seconds
[2025-10-10T08:59:56.265+0000] {processor.py:161} INFO - Started process (PID=451) to work on /opt/airflow/dags/environmental_data_pipeline.py
[2025-10-10T08:59:56.269+0000] {processor.py:830} INFO - Processing file /opt/airflow/dags/environmental_data_pipeline.py for tasks to queue
[2025-10-10T08:59:56.271+0000] {logging_mixin.py:188} INFO - [2025-10-10T08:59:56.270+0000] {dagbag.py:540} INFO - Filling up the DagBag from /opt/airflow/dags/environmental_data_pipeline.py
[2025-10-10T08:59:56.291+0000] {processor.py:840} INFO - DAG(s) 'environmental_data_pipeline' retrieved from /opt/airflow/dags/environmental_data_pipeline.py
[2025-10-10T08:59:56.341+0000] {logging_mixin.py:188} INFO - [2025-10-10T08:59:56.340+0000] {dag.py:3047} INFO - Sync 1 DAGs
[2025-10-10T08:59:56.391+0000] {logging_mixin.py:188} INFO - [2025-10-10T08:59:56.390+0000] {dag.py:3834} INFO - Setting next_dagrun for environmental_data_pipeline to 2025-10-10 08:00:00+00:00, run_after=2025-10-10 09:00:00+00:00
[2025-10-10T08:59:56.441+0000] {processor.py:183} INFO - Processing /opt/airflow/dags/environmental_data_pipeline.py took 0.182 seconds
[2025-10-10T09:00:26.523+0000] {processor.py:161} INFO - Started process (PID=462) to work on /opt/airflow/dags/environmental_data_pipeline.py
[2025-10-10T09:00:26.526+0000] {processor.py:830} INFO - Processing file /opt/airflow/dags/environmental_data_pipeline.py for tasks to queue
[2025-10-10T09:00:26.527+0000] {logging_mixin.py:188} INFO - [2025-10-10T09:00:26.527+0000] {dagbag.py:540} INFO - Filling up the DagBag from /opt/airflow/dags/environmental_data_pipeline.py
[2025-10-10T09:00:26.545+0000] {processor.py:840} INFO - DAG(s) 'environmental_data_pipeline' retrieved from /opt/airflow/dags/environmental_data_pipeline.py
[2025-10-10T09:00:26.612+0000] {logging_mixin.py:188} INFO - [2025-10-10T09:00:26.611+0000] {dag.py:3047} INFO - Sync 1 DAGs
[2025-10-10T09:00:26.659+0000] {logging_mixin.py:188} INFO - [2025-10-10T09:00:26.659+0000] {dag.py:3834} INFO - Setting next_dagrun for environmental_data_pipeline to 2025-10-10 09:00:00+00:00, run_after=2025-10-10 10:00:00+00:00
[2025-10-10T09:00:26.742+0000] {processor.py:183} INFO - Processing /opt/airflow/dags/environmental_data_pipeline.py took 0.224 seconds
[2025-10-10T09:00:57.389+0000] {processor.py:161} INFO - Started process (PID=467) to work on /opt/airflow/dags/environmental_data_pipeline.py
[2025-10-10T09:00:57.391+0000] {processor.py:830} INFO - Processing file /opt/airflow/dags/environmental_data_pipeline.py for tasks to queue
[2025-10-10T09:00:57.393+0000] {logging_mixin.py:188} INFO - [2025-10-10T09:00:57.392+0000] {dagbag.py:540} INFO - Filling up the DagBag from /opt/airflow/dags/environmental_data_pipeline.py
[2025-10-10T09:00:57.416+0000] {processor.py:840} INFO - DAG(s) 'environmental_data_pipeline' retrieved from /opt/airflow/dags/environmental_data_pipeline.py
[2025-10-10T09:00:57.469+0000] {logging_mixin.py:188} INFO - [2025-10-10T09:00:57.469+0000] {dag.py:3047} INFO - Sync 1 DAGs
[2025-10-10T09:00:57.512+0000] {logging_mixin.py:188} INFO - [2025-10-10T09:00:57.511+0000] {dag.py:3834} INFO - Setting next_dagrun for environmental_data_pipeline to 2025-10-10 09:00:00+00:00, run_after=2025-10-10 10:00:00+00:00
[2025-10-10T09:00:57.554+0000] {processor.py:183} INFO - Processing /opt/airflow/dags/environmental_data_pipeline.py took 0.171 seconds
[2025-10-10T09:01:28.507+0000] {processor.py:161} INFO - Started process (PID=472) to work on /opt/airflow/dags/environmental_data_pipeline.py
[2025-10-10T09:01:28.512+0000] {processor.py:830} INFO - Processing file /opt/airflow/dags/environmental_data_pipeline.py for tasks to queue
[2025-10-10T09:01:28.514+0000] {logging_mixin.py:188} INFO - [2025-10-10T09:01:28.513+0000] {dagbag.py:540} INFO - Filling up the DagBag from /opt/airflow/dags/environmental_data_pipeline.py
[2025-10-10T09:01:28.537+0000] {processor.py:840} INFO - DAG(s) 'environmental_data_pipeline' retrieved from /opt/airflow/dags/environmental_data_pipeline.py
[2025-10-10T09:01:28.616+0000] {logging_mixin.py:188} INFO - [2025-10-10T09:01:28.616+0000] {dag.py:3047} INFO - Sync 1 DAGs
[2025-10-10T09:01:28.657+0000] {logging_mixin.py:188} INFO - [2025-10-10T09:01:28.656+0000] {dag.py:3834} INFO - Setting next_dagrun for environmental_data_pipeline to 2025-10-10 09:00:00+00:00, run_after=2025-10-10 10:00:00+00:00
[2025-10-10T09:01:28.689+0000] {processor.py:183} INFO - Processing /opt/airflow/dags/environmental_data_pipeline.py took 0.188 seconds
[2025-10-10T09:01:59.381+0000] {processor.py:161} INFO - Started process (PID=477) to work on /opt/airflow/dags/environmental_data_pipeline.py
[2025-10-10T09:01:59.383+0000] {processor.py:830} INFO - Processing file /opt/airflow/dags/environmental_data_pipeline.py for tasks to queue
[2025-10-10T09:01:59.385+0000] {logging_mixin.py:188} INFO - [2025-10-10T09:01:59.384+0000] {dagbag.py:540} INFO - Filling up the DagBag from /opt/airflow/dags/environmental_data_pipeline.py
[2025-10-10T09:01:59.406+0000] {processor.py:840} INFO - DAG(s) 'environmental_data_pipeline' retrieved from /opt/airflow/dags/environmental_data_pipeline.py
[2025-10-10T09:01:59.475+0000] {logging_mixin.py:188} INFO - [2025-10-10T09:01:59.475+0000] {dag.py:3047} INFO - Sync 1 DAGs
[2025-10-10T09:01:59.527+0000] {logging_mixin.py:188} INFO - [2025-10-10T09:01:59.526+0000] {dag.py:3834} INFO - Setting next_dagrun for environmental_data_pipeline to 2025-10-10 09:00:00+00:00, run_after=2025-10-10 10:00:00+00:00
[2025-10-10T09:01:59.565+0000] {processor.py:183} INFO - Processing /opt/airflow/dags/environmental_data_pipeline.py took 0.189 seconds
[2025-10-10T09:02:30.578+0000] {processor.py:161} INFO - Started process (PID=482) to work on /opt/airflow/dags/environmental_data_pipeline.py
[2025-10-10T09:02:30.586+0000] {processor.py:830} INFO - Processing file /opt/airflow/dags/environmental_data_pipeline.py for tasks to queue
[2025-10-10T09:02:30.587+0000] {logging_mixin.py:188} INFO - [2025-10-10T09:02:30.587+0000] {dagbag.py:540} INFO - Filling up the DagBag from /opt/airflow/dags/environmental_data_pipeline.py
[2025-10-10T09:02:30.632+0000] {processor.py:840} INFO - DAG(s) 'environmental_data_pipeline' retrieved from /opt/airflow/dags/environmental_data_pipeline.py
[2025-10-10T09:02:30.755+0000] {logging_mixin.py:188} INFO - [2025-10-10T09:02:30.755+0000] {dag.py:3047} INFO - Sync 1 DAGs
[2025-10-10T09:02:30.840+0000] {logging_mixin.py:188} INFO - [2025-10-10T09:02:30.839+0000] {dag.py:3834} INFO - Setting next_dagrun for environmental_data_pipeline to 2025-10-10 09:00:00+00:00, run_after=2025-10-10 10:00:00+00:00
[2025-10-10T09:02:30.879+0000] {processor.py:183} INFO - Processing /opt/airflow/dags/environmental_data_pipeline.py took 0.325 seconds
[2025-10-10T09:03:01.420+0000] {processor.py:161} INFO - Started process (PID=487) to work on /opt/airflow/dags/environmental_data_pipeline.py
[2025-10-10T09:03:01.427+0000] {processor.py:830} INFO - Processing file /opt/airflow/dags/environmental_data_pipeline.py for tasks to queue
[2025-10-10T09:03:01.429+0000] {logging_mixin.py:188} INFO - [2025-10-10T09:03:01.428+0000] {dagbag.py:540} INFO - Filling up the DagBag from /opt/airflow/dags/environmental_data_pipeline.py
[2025-10-10T09:03:01.457+0000] {processor.py:840} INFO - DAG(s) 'environmental_data_pipeline' retrieved from /opt/airflow/dags/environmental_data_pipeline.py
[2025-10-10T09:03:01.515+0000] {logging_mixin.py:188} INFO - [2025-10-10T09:03:01.515+0000] {dag.py:3047} INFO - Sync 1 DAGs
[2025-10-10T09:03:01.552+0000] {logging_mixin.py:188} INFO - [2025-10-10T09:03:01.552+0000] {dag.py:3834} INFO - Setting next_dagrun for environmental_data_pipeline to 2025-10-10 09:00:00+00:00, run_after=2025-10-10 10:00:00+00:00
[2025-10-10T09:03:01.605+0000] {processor.py:183} INFO - Processing /opt/airflow/dags/environmental_data_pipeline.py took 0.191 seconds
[2025-10-10T09:03:32.332+0000] {processor.py:161} INFO - Started process (PID=492) to work on /opt/airflow/dags/environmental_data_pipeline.py
[2025-10-10T09:03:32.334+0000] {processor.py:830} INFO - Processing file /opt/airflow/dags/environmental_data_pipeline.py for tasks to queue
[2025-10-10T09:03:32.335+0000] {logging_mixin.py:188} INFO - [2025-10-10T09:03:32.335+0000] {dagbag.py:540} INFO - Filling up the DagBag from /opt/airflow/dags/environmental_data_pipeline.py
[2025-10-10T09:03:32.358+0000] {processor.py:840} INFO - DAG(s) 'environmental_data_pipeline' retrieved from /opt/airflow/dags/environmental_data_pipeline.py
[2025-10-10T09:03:32.407+0000] {logging_mixin.py:188} INFO - [2025-10-10T09:03:32.407+0000] {dag.py:3047} INFO - Sync 1 DAGs
[2025-10-10T09:03:32.442+0000] {logging_mixin.py:188} INFO - [2025-10-10T09:03:32.441+0000] {dag.py:3834} INFO - Setting next_dagrun for environmental_data_pipeline to 2025-10-10 09:00:00+00:00, run_after=2025-10-10 10:00:00+00:00
[2025-10-10T09:03:32.489+0000] {processor.py:183} INFO - Processing /opt/airflow/dags/environmental_data_pipeline.py took 0.163 seconds
[2025-10-10T09:04:03.356+0000] {processor.py:161} INFO - Started process (PID=497) to work on /opt/airflow/dags/environmental_data_pipeline.py
[2025-10-10T09:04:03.368+0000] {processor.py:830} INFO - Processing file /opt/airflow/dags/environmental_data_pipeline.py for tasks to queue
[2025-10-10T09:04:03.370+0000] {logging_mixin.py:188} INFO - [2025-10-10T09:04:03.370+0000] {dagbag.py:540} INFO - Filling up the DagBag from /opt/airflow/dags/environmental_data_pipeline.py
[2025-10-10T09:04:03.395+0000] {processor.py:840} INFO - DAG(s) 'environmental_data_pipeline' retrieved from /opt/airflow/dags/environmental_data_pipeline.py
[2025-10-10T09:04:03.458+0000] {logging_mixin.py:188} INFO - [2025-10-10T09:04:03.458+0000] {dag.py:3047} INFO - Sync 1 DAGs
[2025-10-10T09:04:03.489+0000] {logging_mixin.py:188} INFO - [2025-10-10T09:04:03.488+0000] {dag.py:3834} INFO - Setting next_dagrun for environmental_data_pipeline to 2025-10-10 09:00:00+00:00, run_after=2025-10-10 10:00:00+00:00
[2025-10-10T09:04:03.527+0000] {processor.py:183} INFO - Processing /opt/airflow/dags/environmental_data_pipeline.py took 0.178 seconds
[2025-10-10T09:04:34.294+0000] {processor.py:161} INFO - Started process (PID=502) to work on /opt/airflow/dags/environmental_data_pipeline.py
[2025-10-10T09:04:34.296+0000] {processor.py:830} INFO - Processing file /opt/airflow/dags/environmental_data_pipeline.py for tasks to queue
[2025-10-10T09:04:34.298+0000] {logging_mixin.py:188} INFO - [2025-10-10T09:04:34.297+0000] {dagbag.py:540} INFO - Filling up the DagBag from /opt/airflow/dags/environmental_data_pipeline.py
[2025-10-10T09:04:34.318+0000] {processor.py:840} INFO - DAG(s) 'environmental_data_pipeline' retrieved from /opt/airflow/dags/environmental_data_pipeline.py
[2025-10-10T09:04:34.380+0000] {logging_mixin.py:188} INFO - [2025-10-10T09:04:34.380+0000] {dag.py:3047} INFO - Sync 1 DAGs
[2025-10-10T09:04:34.448+0000] {logging_mixin.py:188} INFO - [2025-10-10T09:04:34.448+0000] {dag.py:3834} INFO - Setting next_dagrun for environmental_data_pipeline to 2025-10-10 09:00:00+00:00, run_after=2025-10-10 10:00:00+00:00
[2025-10-10T09:04:34.481+0000] {processor.py:183} INFO - Processing /opt/airflow/dags/environmental_data_pipeline.py took 0.194 seconds
[2025-10-10T09:05:05.290+0000] {processor.py:161} INFO - Started process (PID=507) to work on /opt/airflow/dags/environmental_data_pipeline.py
[2025-10-10T09:05:05.292+0000] {processor.py:830} INFO - Processing file /opt/airflow/dags/environmental_data_pipeline.py for tasks to queue
[2025-10-10T09:05:05.293+0000] {logging_mixin.py:188} INFO - [2025-10-10T09:05:05.293+0000] {dagbag.py:540} INFO - Filling up the DagBag from /opt/airflow/dags/environmental_data_pipeline.py
[2025-10-10T09:05:05.317+0000] {processor.py:840} INFO - DAG(s) 'environmental_data_pipeline' retrieved from /opt/airflow/dags/environmental_data_pipeline.py
[2025-10-10T09:05:05.379+0000] {logging_mixin.py:188} INFO - [2025-10-10T09:05:05.378+0000] {dag.py:3047} INFO - Sync 1 DAGs
[2025-10-10T09:05:05.444+0000] {logging_mixin.py:188} INFO - [2025-10-10T09:05:05.444+0000] {dag.py:3834} INFO - Setting next_dagrun for environmental_data_pipeline to 2025-10-10 09:00:00+00:00, run_after=2025-10-10 10:00:00+00:00
[2025-10-10T09:05:05.520+0000] {processor.py:183} INFO - Processing /opt/airflow/dags/environmental_data_pipeline.py took 0.236 seconds
[2025-10-10T09:05:36.116+0000] {processor.py:161} INFO - Started process (PID=512) to work on /opt/airflow/dags/environmental_data_pipeline.py
[2025-10-10T09:05:36.117+0000] {processor.py:830} INFO - Processing file /opt/airflow/dags/environmental_data_pipeline.py for tasks to queue
[2025-10-10T09:05:36.119+0000] {logging_mixin.py:188} INFO - [2025-10-10T09:05:36.118+0000] {dagbag.py:540} INFO - Filling up the DagBag from /opt/airflow/dags/environmental_data_pipeline.py
[2025-10-10T09:05:36.139+0000] {processor.py:840} INFO - DAG(s) 'environmental_data_pipeline' retrieved from /opt/airflow/dags/environmental_data_pipeline.py
[2025-10-10T09:05:36.190+0000] {logging_mixin.py:188} INFO - [2025-10-10T09:05:36.189+0000] {dag.py:3047} INFO - Sync 1 DAGs
[2025-10-10T09:05:36.228+0000] {logging_mixin.py:188} INFO - [2025-10-10T09:05:36.228+0000] {dag.py:3834} INFO - Setting next_dagrun for environmental_data_pipeline to 2025-10-10 09:00:00+00:00, run_after=2025-10-10 10:00:00+00:00
[2025-10-10T09:05:36.274+0000] {processor.py:183} INFO - Processing /opt/airflow/dags/environmental_data_pipeline.py took 0.165 seconds
[2025-10-10T09:06:07.210+0000] {processor.py:161} INFO - Started process (PID=517) to work on /opt/airflow/dags/environmental_data_pipeline.py
[2025-10-10T09:06:07.212+0000] {processor.py:830} INFO - Processing file /opt/airflow/dags/environmental_data_pipeline.py for tasks to queue
[2025-10-10T09:06:07.213+0000] {logging_mixin.py:188} INFO - [2025-10-10T09:06:07.213+0000] {dagbag.py:540} INFO - Filling up the DagBag from /opt/airflow/dags/environmental_data_pipeline.py
[2025-10-10T09:06:07.232+0000] {processor.py:840} INFO - DAG(s) 'environmental_data_pipeline' retrieved from /opt/airflow/dags/environmental_data_pipeline.py
[2025-10-10T09:06:07.268+0000] {logging_mixin.py:188} INFO - [2025-10-10T09:06:07.268+0000] {dag.py:3047} INFO - Sync 1 DAGs
[2025-10-10T09:06:07.319+0000] {logging_mixin.py:188} INFO - [2025-10-10T09:06:07.318+0000] {dag.py:3834} INFO - Setting next_dagrun for environmental_data_pipeline to 2025-10-10 09:00:00+00:00, run_after=2025-10-10 10:00:00+00:00
[2025-10-10T09:06:07.354+0000] {processor.py:183} INFO - Processing /opt/airflow/dags/environmental_data_pipeline.py took 0.150 seconds
[2025-10-10T09:06:38.155+0000] {processor.py:161} INFO - Started process (PID=522) to work on /opt/airflow/dags/environmental_data_pipeline.py
[2025-10-10T09:06:38.158+0000] {processor.py:830} INFO - Processing file /opt/airflow/dags/environmental_data_pipeline.py for tasks to queue
[2025-10-10T09:06:38.160+0000] {logging_mixin.py:188} INFO - [2025-10-10T09:06:38.159+0000] {dagbag.py:540} INFO - Filling up the DagBag from /opt/airflow/dags/environmental_data_pipeline.py
[2025-10-10T09:06:38.182+0000] {processor.py:840} INFO - DAG(s) 'environmental_data_pipeline' retrieved from /opt/airflow/dags/environmental_data_pipeline.py
[2025-10-10T09:06:38.232+0000] {logging_mixin.py:188} INFO - [2025-10-10T09:06:38.231+0000] {dag.py:3047} INFO - Sync 1 DAGs
[2025-10-10T09:06:38.273+0000] {logging_mixin.py:188} INFO - [2025-10-10T09:06:38.273+0000] {dag.py:3834} INFO - Setting next_dagrun for environmental_data_pipeline to 2025-10-10 09:00:00+00:00, run_after=2025-10-10 10:00:00+00:00
[2025-10-10T09:06:38.302+0000] {processor.py:183} INFO - Processing /opt/airflow/dags/environmental_data_pipeline.py took 0.156 seconds
[2025-10-10T09:07:09.038+0000] {processor.py:161} INFO - Started process (PID=527) to work on /opt/airflow/dags/environmental_data_pipeline.py
[2025-10-10T09:07:09.040+0000] {processor.py:830} INFO - Processing file /opt/airflow/dags/environmental_data_pipeline.py for tasks to queue
[2025-10-10T09:07:09.041+0000] {logging_mixin.py:188} INFO - [2025-10-10T09:07:09.041+0000] {dagbag.py:540} INFO - Filling up the DagBag from /opt/airflow/dags/environmental_data_pipeline.py
[2025-10-10T09:07:09.062+0000] {processor.py:840} INFO - DAG(s) 'environmental_data_pipeline' retrieved from /opt/airflow/dags/environmental_data_pipeline.py
[2025-10-10T09:07:09.110+0000] {logging_mixin.py:188} INFO - [2025-10-10T09:07:09.109+0000] {dag.py:3047} INFO - Sync 1 DAGs
[2025-10-10T09:07:09.156+0000] {logging_mixin.py:188} INFO - [2025-10-10T09:07:09.155+0000] {dag.py:3834} INFO - Setting next_dagrun for environmental_data_pipeline to 2025-10-10 09:00:00+00:00, run_after=2025-10-10 10:00:00+00:00
[2025-10-10T09:07:09.192+0000] {processor.py:183} INFO - Processing /opt/airflow/dags/environmental_data_pipeline.py took 0.159 seconds
[2025-10-10T09:07:39.942+0000] {processor.py:161} INFO - Started process (PID=532) to work on /opt/airflow/dags/environmental_data_pipeline.py
[2025-10-10T09:07:39.943+0000] {processor.py:830} INFO - Processing file /opt/airflow/dags/environmental_data_pipeline.py for tasks to queue
[2025-10-10T09:07:39.945+0000] {logging_mixin.py:188} INFO - [2025-10-10T09:07:39.944+0000] {dagbag.py:540} INFO - Filling up the DagBag from /opt/airflow/dags/environmental_data_pipeline.py
[2025-10-10T09:07:39.962+0000] {processor.py:840} INFO - DAG(s) 'environmental_data_pipeline' retrieved from /opt/airflow/dags/environmental_data_pipeline.py
[2025-10-10T09:07:40.005+0000] {logging_mixin.py:188} INFO - [2025-10-10T09:07:40.005+0000] {dag.py:3047} INFO - Sync 1 DAGs
[2025-10-10T09:07:40.042+0000] {logging_mixin.py:188} INFO - [2025-10-10T09:07:40.042+0000] {dag.py:3834} INFO - Setting next_dagrun for environmental_data_pipeline to 2025-10-10 09:00:00+00:00, run_after=2025-10-10 10:00:00+00:00
[2025-10-10T09:07:40.078+0000] {processor.py:183} INFO - Processing /opt/airflow/dags/environmental_data_pipeline.py took 0.142 seconds
[2025-10-10T09:08:10.927+0000] {processor.py:161} INFO - Started process (PID=537) to work on /opt/airflow/dags/environmental_data_pipeline.py
[2025-10-10T09:08:10.929+0000] {processor.py:830} INFO - Processing file /opt/airflow/dags/environmental_data_pipeline.py for tasks to queue
[2025-10-10T09:08:10.930+0000] {logging_mixin.py:188} INFO - [2025-10-10T09:08:10.930+0000] {dagbag.py:540} INFO - Filling up the DagBag from /opt/airflow/dags/environmental_data_pipeline.py
[2025-10-10T09:08:10.948+0000] {processor.py:840} INFO - DAG(s) 'environmental_data_pipeline' retrieved from /opt/airflow/dags/environmental_data_pipeline.py
[2025-10-10T09:08:11.015+0000] {logging_mixin.py:188} INFO - [2025-10-10T09:08:11.014+0000] {dag.py:3047} INFO - Sync 1 DAGs
[2025-10-10T09:08:11.057+0000] {logging_mixin.py:188} INFO - [2025-10-10T09:08:11.056+0000] {dag.py:3834} INFO - Setting next_dagrun for environmental_data_pipeline to 2025-10-10 09:00:00+00:00, run_after=2025-10-10 10:00:00+00:00
[2025-10-10T09:08:11.087+0000] {processor.py:183} INFO - Processing /opt/airflow/dags/environmental_data_pipeline.py took 0.165 seconds
[2025-10-10T09:08:41.811+0000] {processor.py:161} INFO - Started process (PID=542) to work on /opt/airflow/dags/environmental_data_pipeline.py
[2025-10-10T09:08:41.814+0000] {processor.py:830} INFO - Processing file /opt/airflow/dags/environmental_data_pipeline.py for tasks to queue
[2025-10-10T09:08:41.815+0000] {logging_mixin.py:188} INFO - [2025-10-10T09:08:41.814+0000] {dagbag.py:540} INFO - Filling up the DagBag from /opt/airflow/dags/environmental_data_pipeline.py
[2025-10-10T09:08:41.843+0000] {processor.py:840} INFO - DAG(s) 'environmental_data_pipeline' retrieved from /opt/airflow/dags/environmental_data_pipeline.py
[2025-10-10T09:08:41.889+0000] {logging_mixin.py:188} INFO - [2025-10-10T09:08:41.888+0000] {dag.py:3047} INFO - Sync 1 DAGs
[2025-10-10T09:08:41.925+0000] {logging_mixin.py:188} INFO - [2025-10-10T09:08:41.925+0000] {dag.py:3834} INFO - Setting next_dagrun for environmental_data_pipeline to 2025-10-10 09:00:00+00:00, run_after=2025-10-10 10:00:00+00:00
[2025-10-10T09:08:41.960+0000] {processor.py:183} INFO - Processing /opt/airflow/dags/environmental_data_pipeline.py took 0.156 seconds
[2025-10-10T09:09:12.700+0000] {processor.py:161} INFO - Started process (PID=547) to work on /opt/airflow/dags/environmental_data_pipeline.py
[2025-10-10T09:09:12.705+0000] {processor.py:830} INFO - Processing file /opt/airflow/dags/environmental_data_pipeline.py for tasks to queue
[2025-10-10T09:09:12.707+0000] {logging_mixin.py:188} INFO - [2025-10-10T09:09:12.706+0000] {dagbag.py:540} INFO - Filling up the DagBag from /opt/airflow/dags/environmental_data_pipeline.py
[2025-10-10T09:09:10.388+0000] {processor.py:840} INFO - DAG(s) 'environmental_data_pipeline' retrieved from /opt/airflow/dags/environmental_data_pipeline.py
[2025-10-10T09:09:10.438+0000] {logging_mixin.py:188} INFO - [2025-10-10T09:09:10.437+0000] {dag.py:3047} INFO - Sync 1 DAGs
[2025-10-10T09:09:10.475+0000] {logging_mixin.py:188} INFO - [2025-10-10T09:09:10.475+0000] {dag.py:3834} INFO - Setting next_dagrun for environmental_data_pipeline to 2025-10-10 09:00:00+00:00, run_after=2025-10-10 10:00:00+00:00
[2025-10-10T09:09:10.523+0000] {processor.py:183} INFO - Processing /opt/airflow/dags/environmental_data_pipeline.py took 0.178 seconds
[2025-10-10T09:09:40.562+0000] {processor.py:161} INFO - Started process (PID=552) to work on /opt/airflow/dags/environmental_data_pipeline.py
[2025-10-10T09:09:40.567+0000] {processor.py:830} INFO - Processing file /opt/airflow/dags/environmental_data_pipeline.py for tasks to queue
[2025-10-10T09:09:40.569+0000] {logging_mixin.py:188} INFO - [2025-10-10T09:09:40.568+0000] {dagbag.py:540} INFO - Filling up the DagBag from /opt/airflow/dags/environmental_data_pipeline.py
[2025-10-10T09:09:40.588+0000] {processor.py:840} INFO - DAG(s) 'environmental_data_pipeline' retrieved from /opt/airflow/dags/environmental_data_pipeline.py
[2025-10-10T09:09:40.630+0000] {logging_mixin.py:188} INFO - [2025-10-10T09:09:40.629+0000] {dag.py:3047} INFO - Sync 1 DAGs
[2025-10-10T09:09:40.663+0000] {logging_mixin.py:188} INFO - [2025-10-10T09:09:40.663+0000] {dag.py:3834} INFO - Setting next_dagrun for environmental_data_pipeline to 2025-10-10 09:00:00+00:00, run_after=2025-10-10 10:00:00+00:00
[2025-10-10T09:09:40.688+0000] {processor.py:183} INFO - Processing /opt/airflow/dags/environmental_data_pipeline.py took 0.131 seconds
[2025-10-10T09:10:11.471+0000] {processor.py:161} INFO - Started process (PID=557) to work on /opt/airflow/dags/environmental_data_pipeline.py
[2025-10-10T09:10:11.473+0000] {processor.py:830} INFO - Processing file /opt/airflow/dags/environmental_data_pipeline.py for tasks to queue
[2025-10-10T09:10:11.474+0000] {logging_mixin.py:188} INFO - [2025-10-10T09:10:11.473+0000] {dagbag.py:540} INFO - Filling up the DagBag from /opt/airflow/dags/environmental_data_pipeline.py
[2025-10-10T09:10:11.495+0000] {processor.py:840} INFO - DAG(s) 'environmental_data_pipeline' retrieved from /opt/airflow/dags/environmental_data_pipeline.py
[2025-10-10T09:10:11.554+0000] {logging_mixin.py:188} INFO - [2025-10-10T09:10:11.553+0000] {dag.py:3047} INFO - Sync 1 DAGs
[2025-10-10T09:10:11.607+0000] {logging_mixin.py:188} INFO - [2025-10-10T09:10:11.605+0000] {dag.py:3834} INFO - Setting next_dagrun for environmental_data_pipeline to 2025-10-10 09:00:00+00:00, run_after=2025-10-10 10:00:00+00:00
[2025-10-10T09:10:11.652+0000] {processor.py:183} INFO - Processing /opt/airflow/dags/environmental_data_pipeline.py took 0.188 seconds
[2025-10-10T09:10:42.005+0000] {processor.py:161} INFO - Started process (PID=562) to work on /opt/airflow/dags/environmental_data_pipeline.py
[2025-10-10T09:10:42.010+0000] {processor.py:830} INFO - Processing file /opt/airflow/dags/environmental_data_pipeline.py for tasks to queue
[2025-10-10T09:10:42.011+0000] {logging_mixin.py:188} INFO - [2025-10-10T09:10:42.011+0000] {dagbag.py:540} INFO - Filling up the DagBag from /opt/airflow/dags/environmental_data_pipeline.py
[2025-10-10T09:10:42.042+0000] {processor.py:840} INFO - DAG(s) 'environmental_data_pipeline' retrieved from /opt/airflow/dags/environmental_data_pipeline.py
[2025-10-10T09:10:42.147+0000] {logging_mixin.py:188} INFO - [2025-10-10T09:10:42.147+0000] {dag.py:3047} INFO - Sync 1 DAGs
[2025-10-10T09:10:42.221+0000] {logging_mixin.py:188} INFO - [2025-10-10T09:10:42.221+0000] {dag.py:3834} INFO - Setting next_dagrun for environmental_data_pipeline to 2025-10-10 09:00:00+00:00, run_after=2025-10-10 10:00:00+00:00
[2025-10-10T09:10:42.291+0000] {processor.py:183} INFO - Processing /opt/airflow/dags/environmental_data_pipeline.py took 0.296 seconds
[2025-10-10T09:11:12.948+0000] {processor.py:161} INFO - Started process (PID=567) to work on /opt/airflow/dags/environmental_data_pipeline.py
[2025-10-10T09:11:12.951+0000] {processor.py:830} INFO - Processing file /opt/airflow/dags/environmental_data_pipeline.py for tasks to queue
[2025-10-10T09:11:12.952+0000] {logging_mixin.py:188} INFO - [2025-10-10T09:11:12.951+0000] {dagbag.py:540} INFO - Filling up the DagBag from /opt/airflow/dags/environmental_data_pipeline.py
[2025-10-10T09:11:12.979+0000] {processor.py:840} INFO - DAG(s) 'environmental_data_pipeline' retrieved from /opt/airflow/dags/environmental_data_pipeline.py
[2025-10-10T09:11:13.185+0000] {logging_mixin.py:188} INFO - [2025-10-10T09:11:13.185+0000] {dag.py:3047} INFO - Sync 1 DAGs
[2025-10-10T09:11:13.309+0000] {logging_mixin.py:188} INFO - [2025-10-10T09:11:13.308+0000] {dag.py:3834} INFO - Setting next_dagrun for environmental_data_pipeline to 2025-10-10 09:00:00+00:00, run_after=2025-10-10 10:00:00+00:00
[2025-10-10T09:11:13.395+0000] {processor.py:183} INFO - Processing /opt/airflow/dags/environmental_data_pipeline.py took 0.528 seconds
[2025-10-10T09:11:44.018+0000] {processor.py:161} INFO - Started process (PID=572) to work on /opt/airflow/dags/environmental_data_pipeline.py
[2025-10-10T09:11:44.029+0000] {processor.py:830} INFO - Processing file /opt/airflow/dags/environmental_data_pipeline.py for tasks to queue
[2025-10-10T09:11:44.031+0000] {logging_mixin.py:188} INFO - [2025-10-10T09:11:44.031+0000] {dagbag.py:540} INFO - Filling up the DagBag from /opt/airflow/dags/environmental_data_pipeline.py
[2025-10-10T09:11:44.056+0000] {processor.py:840} INFO - DAG(s) 'environmental_data_pipeline' retrieved from /opt/airflow/dags/environmental_data_pipeline.py
[2025-10-10T09:11:44.103+0000] {logging_mixin.py:188} INFO - [2025-10-10T09:11:44.102+0000] {dag.py:3047} INFO - Sync 1 DAGs
[2025-10-10T09:11:44.177+0000] {logging_mixin.py:188} INFO - [2025-10-10T09:11:44.175+0000] {dag.py:3834} INFO - Setting next_dagrun for environmental_data_pipeline to 2025-10-10 09:00:00+00:00, run_after=2025-10-10 10:00:00+00:00
[2025-10-10T09:11:44.261+0000] {processor.py:183} INFO - Processing /opt/airflow/dags/environmental_data_pipeline.py took 0.251 seconds
[2025-10-10T09:12:15.142+0000] {processor.py:161} INFO - Started process (PID=577) to work on /opt/airflow/dags/environmental_data_pipeline.py
[2025-10-10T09:12:15.147+0000] {processor.py:830} INFO - Processing file /opt/airflow/dags/environmental_data_pipeline.py for tasks to queue
[2025-10-10T09:12:15.152+0000] {logging_mixin.py:188} INFO - [2025-10-10T09:12:15.150+0000] {dagbag.py:540} INFO - Filling up the DagBag from /opt/airflow/dags/environmental_data_pipeline.py
[2025-10-10T09:12:15.234+0000] {processor.py:840} INFO - DAG(s) 'environmental_data_pipeline' retrieved from /opt/airflow/dags/environmental_data_pipeline.py
[2025-10-10T09:12:15.347+0000] {logging_mixin.py:188} INFO - [2025-10-10T09:12:15.347+0000] {dag.py:3047} INFO - Sync 1 DAGs
[2025-10-10T09:12:15.496+0000] {logging_mixin.py:188} INFO - [2025-10-10T09:12:15.495+0000] {dag.py:3834} INFO - Setting next_dagrun for environmental_data_pipeline to 2025-10-10 09:00:00+00:00, run_after=2025-10-10 10:00:00+00:00
[2025-10-10T09:12:15.543+0000] {processor.py:183} INFO - Processing /opt/airflow/dags/environmental_data_pipeline.py took 0.411 seconds
[2025-10-10T09:12:45.964+0000] {processor.py:161} INFO - Started process (PID=582) to work on /opt/airflow/dags/environmental_data_pipeline.py
[2025-10-10T09:12:45.966+0000] {processor.py:830} INFO - Processing file /opt/airflow/dags/environmental_data_pipeline.py for tasks to queue
[2025-10-10T09:12:45.968+0000] {logging_mixin.py:188} INFO - [2025-10-10T09:12:45.967+0000] {dagbag.py:540} INFO - Filling up the DagBag from /opt/airflow/dags/environmental_data_pipeline.py
[2025-10-10T09:12:45.999+0000] {processor.py:840} INFO - DAG(s) 'environmental_data_pipeline' retrieved from /opt/airflow/dags/environmental_data_pipeline.py
[2025-10-10T09:12:46.041+0000] {logging_mixin.py:188} INFO - [2025-10-10T09:12:46.041+0000] {dag.py:3047} INFO - Sync 1 DAGs
[2025-10-10T09:12:46.080+0000] {logging_mixin.py:188} INFO - [2025-10-10T09:12:46.080+0000] {dag.py:3834} INFO - Setting next_dagrun for environmental_data_pipeline to 2025-10-10 09:00:00+00:00, run_after=2025-10-10 10:00:00+00:00
[2025-10-10T09:12:46.124+0000] {processor.py:183} INFO - Processing /opt/airflow/dags/environmental_data_pipeline.py took 0.165 seconds
[2025-10-10T09:13:16.865+0000] {processor.py:161} INFO - Started process (PID=587) to work on /opt/airflow/dags/environmental_data_pipeline.py
[2025-10-10T09:13:16.869+0000] {processor.py:830} INFO - Processing file /opt/airflow/dags/environmental_data_pipeline.py for tasks to queue
[2025-10-10T09:13:16.870+0000] {logging_mixin.py:188} INFO - [2025-10-10T09:13:16.870+0000] {dagbag.py:540} INFO - Filling up the DagBag from /opt/airflow/dags/environmental_data_pipeline.py
[2025-10-10T09:13:16.918+0000] {processor.py:840} INFO - DAG(s) 'environmental_data_pipeline' retrieved from /opt/airflow/dags/environmental_data_pipeline.py
[2025-10-10T09:13:17.029+0000] {logging_mixin.py:188} INFO - [2025-10-10T09:13:17.025+0000] {dag.py:3047} INFO - Sync 1 DAGs
[2025-10-10T09:13:17.191+0000] {logging_mixin.py:188} INFO - [2025-10-10T09:13:17.191+0000] {dag.py:3834} INFO - Setting next_dagrun for environmental_data_pipeline to 2025-10-10 09:00:00+00:00, run_after=2025-10-10 10:00:00+00:00
[2025-10-10T09:13:17.229+0000] {processor.py:183} INFO - Processing /opt/airflow/dags/environmental_data_pipeline.py took 0.377 seconds
[2025-10-10T09:13:47.803+0000] {processor.py:161} INFO - Started process (PID=592) to work on /opt/airflow/dags/environmental_data_pipeline.py
[2025-10-10T09:13:47.806+0000] {processor.py:830} INFO - Processing file /opt/airflow/dags/environmental_data_pipeline.py for tasks to queue
[2025-10-10T09:13:47.807+0000] {logging_mixin.py:188} INFO - [2025-10-10T09:13:47.806+0000] {dagbag.py:540} INFO - Filling up the DagBag from /opt/airflow/dags/environmental_data_pipeline.py
[2025-10-10T09:13:47.824+0000] {processor.py:840} INFO - DAG(s) 'environmental_data_pipeline' retrieved from /opt/airflow/dags/environmental_data_pipeline.py
[2025-10-10T09:13:47.954+0000] {logging_mixin.py:188} INFO - [2025-10-10T09:13:47.953+0000] {dag.py:3047} INFO - Sync 1 DAGs
[2025-10-10T09:13:48.002+0000] {logging_mixin.py:188} INFO - [2025-10-10T09:13:48.002+0000] {dag.py:3834} INFO - Setting next_dagrun for environmental_data_pipeline to 2025-10-10 09:00:00+00:00, run_after=2025-10-10 10:00:00+00:00
[2025-10-10T09:13:48.086+0000] {processor.py:183} INFO - Processing /opt/airflow/dags/environmental_data_pipeline.py took 0.297 seconds
[2025-10-10T09:14:18.934+0000] {processor.py:161} INFO - Started process (PID=597) to work on /opt/airflow/dags/environmental_data_pipeline.py
[2025-10-10T09:14:18.937+0000] {processor.py:830} INFO - Processing file /opt/airflow/dags/environmental_data_pipeline.py for tasks to queue
[2025-10-10T09:14:18.938+0000] {logging_mixin.py:188} INFO - [2025-10-10T09:14:18.938+0000] {dagbag.py:540} INFO - Filling up the DagBag from /opt/airflow/dags/environmental_data_pipeline.py
[2025-10-10T09:14:18.973+0000] {processor.py:840} INFO - DAG(s) 'environmental_data_pipeline' retrieved from /opt/airflow/dags/environmental_data_pipeline.py
[2025-10-10T09:14:19.046+0000] {logging_mixin.py:188} INFO - [2025-10-10T09:14:19.045+0000] {dag.py:3047} INFO - Sync 1 DAGs
[2025-10-10T09:14:19.135+0000] {logging_mixin.py:188} INFO - [2025-10-10T09:14:19.135+0000] {dag.py:3834} INFO - Setting next_dagrun for environmental_data_pipeline to 2025-10-10 09:00:00+00:00, run_after=2025-10-10 10:00:00+00:00
[2025-10-10T09:14:19.192+0000] {processor.py:183} INFO - Processing /opt/airflow/dags/environmental_data_pipeline.py took 0.278 seconds
[2025-10-10T09:14:49.755+0000] {processor.py:161} INFO - Started process (PID=602) to work on /opt/airflow/dags/environmental_data_pipeline.py
[2025-10-10T09:14:49.757+0000] {processor.py:830} INFO - Processing file /opt/airflow/dags/environmental_data_pipeline.py for tasks to queue
[2025-10-10T09:14:49.759+0000] {logging_mixin.py:188} INFO - [2025-10-10T09:14:49.758+0000] {dagbag.py:540} INFO - Filling up the DagBag from /opt/airflow/dags/environmental_data_pipeline.py
[2025-10-10T09:14:49.785+0000] {processor.py:840} INFO - DAG(s) 'environmental_data_pipeline' retrieved from /opt/airflow/dags/environmental_data_pipeline.py
[2025-10-10T09:14:49.836+0000] {logging_mixin.py:188} INFO - [2025-10-10T09:14:49.835+0000] {dag.py:3047} INFO - Sync 1 DAGs
[2025-10-10T09:14:49.905+0000] {logging_mixin.py:188} INFO - [2025-10-10T09:14:49.905+0000] {dag.py:3834} INFO - Setting next_dagrun for environmental_data_pipeline to 2025-10-10 09:00:00+00:00, run_after=2025-10-10 10:00:00+00:00
[2025-10-10T09:14:49.960+0000] {processor.py:183} INFO - Processing /opt/airflow/dags/environmental_data_pipeline.py took 0.212 seconds
[2025-10-10T09:15:20.549+0000] {processor.py:161} INFO - Started process (PID=607) to work on /opt/airflow/dags/environmental_data_pipeline.py
[2025-10-10T09:15:20.553+0000] {processor.py:830} INFO - Processing file /opt/airflow/dags/environmental_data_pipeline.py for tasks to queue
[2025-10-10T09:15:20.554+0000] {logging_mixin.py:188} INFO - [2025-10-10T09:15:20.553+0000] {dagbag.py:540} INFO - Filling up the DagBag from /opt/airflow/dags/environmental_data_pipeline.py
[2025-10-10T09:15:20.574+0000] {processor.py:840} INFO - DAG(s) 'environmental_data_pipeline' retrieved from /opt/airflow/dags/environmental_data_pipeline.py
[2025-10-10T09:15:20.643+0000] {logging_mixin.py:188} INFO - [2025-10-10T09:15:20.642+0000] {dag.py:3047} INFO - Sync 1 DAGs
[2025-10-10T09:15:20.747+0000] {logging_mixin.py:188} INFO - [2025-10-10T09:15:20.746+0000] {dag.py:3834} INFO - Setting next_dagrun for environmental_data_pipeline to 2025-10-10 09:00:00+00:00, run_after=2025-10-10 10:00:00+00:00
[2025-10-10T09:15:20.805+0000] {processor.py:183} INFO - Processing /opt/airflow/dags/environmental_data_pipeline.py took 0.262 seconds
[2025-10-10T09:15:51.719+0000] {processor.py:161} INFO - Started process (PID=612) to work on /opt/airflow/dags/environmental_data_pipeline.py
[2025-10-10T09:15:51.722+0000] {processor.py:830} INFO - Processing file /opt/airflow/dags/environmental_data_pipeline.py for tasks to queue
[2025-10-10T09:15:51.725+0000] {logging_mixin.py:188} INFO - [2025-10-10T09:15:51.724+0000] {dagbag.py:540} INFO - Filling up the DagBag from /opt/airflow/dags/environmental_data_pipeline.py
[2025-10-10T09:15:51.760+0000] {processor.py:840} INFO - DAG(s) 'environmental_data_pipeline' retrieved from /opt/airflow/dags/environmental_data_pipeline.py
[2025-10-10T09:15:51.798+0000] {logging_mixin.py:188} INFO - [2025-10-10T09:15:51.797+0000] {dag.py:3047} INFO - Sync 1 DAGs
[2025-10-10T09:15:51.900+0000] {logging_mixin.py:188} INFO - [2025-10-10T09:15:51.900+0000] {dag.py:3834} INFO - Setting next_dagrun for environmental_data_pipeline to 2025-10-10 09:00:00+00:00, run_after=2025-10-10 10:00:00+00:00
[2025-10-10T09:15:51.929+0000] {processor.py:183} INFO - Processing /opt/airflow/dags/environmental_data_pipeline.py took 0.218 seconds
[2025-10-10T09:16:22.637+0000] {processor.py:161} INFO - Started process (PID=617) to work on /opt/airflow/dags/environmental_data_pipeline.py
[2025-10-10T09:16:22.640+0000] {processor.py:830} INFO - Processing file /opt/airflow/dags/environmental_data_pipeline.py for tasks to queue
[2025-10-10T09:16:22.641+0000] {logging_mixin.py:188} INFO - [2025-10-10T09:16:22.641+0000] {dagbag.py:540} INFO - Filling up the DagBag from /opt/airflow/dags/environmental_data_pipeline.py
[2025-10-10T09:16:22.660+0000] {processor.py:840} INFO - DAG(s) 'environmental_data_pipeline' retrieved from /opt/airflow/dags/environmental_data_pipeline.py
[2025-10-10T09:16:22.698+0000] {logging_mixin.py:188} INFO - [2025-10-10T09:16:22.698+0000] {dag.py:3047} INFO - Sync 1 DAGs
[2025-10-10T09:16:22.739+0000] {logging_mixin.py:188} INFO - [2025-10-10T09:16:22.738+0000] {dag.py:3834} INFO - Setting next_dagrun for environmental_data_pipeline to 2025-10-10 09:00:00+00:00, run_after=2025-10-10 10:00:00+00:00
[2025-10-10T09:16:22.776+0000] {processor.py:183} INFO - Processing /opt/airflow/dags/environmental_data_pipeline.py took 0.146 seconds
[2025-10-10T09:16:53.453+0000] {processor.py:161} INFO - Started process (PID=622) to work on /opt/airflow/dags/environmental_data_pipeline.py
[2025-10-10T09:16:53.456+0000] {processor.py:830} INFO - Processing file /opt/airflow/dags/environmental_data_pipeline.py for tasks to queue
[2025-10-10T09:16:53.458+0000] {logging_mixin.py:188} INFO - [2025-10-10T09:16:53.458+0000] {dagbag.py:540} INFO - Filling up the DagBag from /opt/airflow/dags/environmental_data_pipeline.py
[2025-10-10T09:16:53.488+0000] {processor.py:840} INFO - DAG(s) 'environmental_data_pipeline' retrieved from /opt/airflow/dags/environmental_data_pipeline.py
[2025-10-10T09:16:53.537+0000] {logging_mixin.py:188} INFO - [2025-10-10T09:16:53.537+0000] {dag.py:3047} INFO - Sync 1 DAGs
[2025-10-10T09:16:53.583+0000] {logging_mixin.py:188} INFO - [2025-10-10T09:16:53.583+0000] {dag.py:3834} INFO - Setting next_dagrun for environmental_data_pipeline to 2025-10-10 09:00:00+00:00, run_after=2025-10-10 10:00:00+00:00
[2025-10-10T09:16:53.619+0000] {processor.py:183} INFO - Processing /opt/airflow/dags/environmental_data_pipeline.py took 0.182 seconds
[2025-10-10T09:17:24.486+0000] {processor.py:161} INFO - Started process (PID=627) to work on /opt/airflow/dags/environmental_data_pipeline.py
[2025-10-10T09:17:24.490+0000] {processor.py:830} INFO - Processing file /opt/airflow/dags/environmental_data_pipeline.py for tasks to queue
[2025-10-10T09:17:24.493+0000] {logging_mixin.py:188} INFO - [2025-10-10T09:17:24.492+0000] {dagbag.py:540} INFO - Filling up the DagBag from /opt/airflow/dags/environmental_data_pipeline.py
[2025-10-10T09:17:24.519+0000] {processor.py:840} INFO - DAG(s) 'environmental_data_pipeline' retrieved from /opt/airflow/dags/environmental_data_pipeline.py
[2025-10-10T09:17:24.570+0000] {logging_mixin.py:188} INFO - [2025-10-10T09:17:24.569+0000] {dag.py:3047} INFO - Sync 1 DAGs
[2025-10-10T09:17:24.616+0000] {logging_mixin.py:188} INFO - [2025-10-10T09:17:24.616+0000] {dag.py:3834} INFO - Setting next_dagrun for environmental_data_pipeline to 2025-10-10 09:00:00+00:00, run_after=2025-10-10 10:00:00+00:00
[2025-10-10T09:17:24.646+0000] {processor.py:183} INFO - Processing /opt/airflow/dags/environmental_data_pipeline.py took 0.165 seconds
[2025-10-10T09:17:55.238+0000] {processor.py:161} INFO - Started process (PID=632) to work on /opt/airflow/dags/environmental_data_pipeline.py
[2025-10-10T09:17:55.245+0000] {processor.py:830} INFO - Processing file /opt/airflow/dags/environmental_data_pipeline.py for tasks to queue
[2025-10-10T09:17:55.246+0000] {logging_mixin.py:188} INFO - [2025-10-10T09:17:55.245+0000] {dagbag.py:540} INFO - Filling up the DagBag from /opt/airflow/dags/environmental_data_pipeline.py
[2025-10-10T09:17:55.282+0000] {processor.py:840} INFO - DAG(s) 'environmental_data_pipeline' retrieved from /opt/airflow/dags/environmental_data_pipeline.py
[2025-10-10T09:17:55.337+0000] {logging_mixin.py:188} INFO - [2025-10-10T09:17:55.337+0000] {dag.py:3047} INFO - Sync 1 DAGs
[2025-10-10T09:17:55.388+0000] {logging_mixin.py:188} INFO - [2025-10-10T09:17:55.387+0000] {dag.py:3834} INFO - Setting next_dagrun for environmental_data_pipeline to 2025-10-10 09:00:00+00:00, run_after=2025-10-10 10:00:00+00:00
[2025-10-10T09:17:55.468+0000] {processor.py:183} INFO - Processing /opt/airflow/dags/environmental_data_pipeline.py took 0.237 seconds
[2025-10-10T09:18:26.372+0000] {processor.py:161} INFO - Started process (PID=637) to work on /opt/airflow/dags/environmental_data_pipeline.py
[2025-10-10T09:18:26.383+0000] {processor.py:830} INFO - Processing file /opt/airflow/dags/environmental_data_pipeline.py for tasks to queue
[2025-10-10T09:18:26.389+0000] {logging_mixin.py:188} INFO - [2025-10-10T09:18:26.388+0000] {dagbag.py:540} INFO - Filling up the DagBag from /opt/airflow/dags/environmental_data_pipeline.py
[2025-10-10T09:18:26.461+0000] {processor.py:840} INFO - DAG(s) 'environmental_data_pipeline' retrieved from /opt/airflow/dags/environmental_data_pipeline.py
[2025-10-10T09:18:26.543+0000] {logging_mixin.py:188} INFO - [2025-10-10T09:18:26.543+0000] {dag.py:3047} INFO - Sync 1 DAGs
[2025-10-10T09:18:26.593+0000] {logging_mixin.py:188} INFO - [2025-10-10T09:18:26.593+0000] {dag.py:3834} INFO - Setting next_dagrun for environmental_data_pipeline to 2025-10-10 09:00:00+00:00, run_after=2025-10-10 10:00:00+00:00
[2025-10-10T09:18:26.640+0000] {processor.py:183} INFO - Processing /opt/airflow/dags/environmental_data_pipeline.py took 0.286 seconds
[2025-10-10T09:18:57.215+0000] {processor.py:161} INFO - Started process (PID=642) to work on /opt/airflow/dags/environmental_data_pipeline.py
[2025-10-10T09:18:57.219+0000] {processor.py:830} INFO - Processing file /opt/airflow/dags/environmental_data_pipeline.py for tasks to queue
[2025-10-10T09:18:57.221+0000] {logging_mixin.py:188} INFO - [2025-10-10T09:18:57.220+0000] {dagbag.py:540} INFO - Filling up the DagBag from /opt/airflow/dags/environmental_data_pipeline.py
[2025-10-10T09:18:57.241+0000] {processor.py:840} INFO - DAG(s) 'environmental_data_pipeline' retrieved from /opt/airflow/dags/environmental_data_pipeline.py
[2025-10-10T09:18:57.311+0000] {logging_mixin.py:188} INFO - [2025-10-10T09:18:57.310+0000] {dag.py:3047} INFO - Sync 1 DAGs
[2025-10-10T09:18:57.358+0000] {logging_mixin.py:188} INFO - [2025-10-10T09:18:57.358+0000] {dag.py:3834} INFO - Setting next_dagrun for environmental_data_pipeline to 2025-10-10 09:00:00+00:00, run_after=2025-10-10 10:00:00+00:00
[2025-10-10T09:18:57.405+0000] {processor.py:183} INFO - Processing /opt/airflow/dags/environmental_data_pipeline.py took 0.200 seconds
[2025-10-10T09:19:27.958+0000] {processor.py:161} INFO - Started process (PID=647) to work on /opt/airflow/dags/environmental_data_pipeline.py
[2025-10-10T09:19:27.962+0000] {processor.py:830} INFO - Processing file /opt/airflow/dags/environmental_data_pipeline.py for tasks to queue
[2025-10-10T09:19:27.964+0000] {logging_mixin.py:188} INFO - [2025-10-10T09:19:27.963+0000] {dagbag.py:540} INFO - Filling up the DagBag from /opt/airflow/dags/environmental_data_pipeline.py
[2025-10-10T09:19:27.981+0000] {processor.py:840} INFO - DAG(s) 'environmental_data_pipeline' retrieved from /opt/airflow/dags/environmental_data_pipeline.py
[2025-10-10T09:19:28.028+0000] {logging_mixin.py:188} INFO - [2025-10-10T09:19:28.027+0000] {dag.py:3047} INFO - Sync 1 DAGs
[2025-10-10T09:19:28.067+0000] {logging_mixin.py:188} INFO - [2025-10-10T09:19:28.066+0000] {dag.py:3834} INFO - Setting next_dagrun for environmental_data_pipeline to 2025-10-10 09:00:00+00:00, run_after=2025-10-10 10:00:00+00:00
[2025-10-10T09:19:28.100+0000] {processor.py:183} INFO - Processing /opt/airflow/dags/environmental_data_pipeline.py took 0.149 seconds
[2025-10-10T09:19:58.723+0000] {processor.py:161} INFO - Started process (PID=652) to work on /opt/airflow/dags/environmental_data_pipeline.py
[2025-10-10T09:19:58.729+0000] {processor.py:830} INFO - Processing file /opt/airflow/dags/environmental_data_pipeline.py for tasks to queue
[2025-10-10T09:19:58.731+0000] {logging_mixin.py:188} INFO - [2025-10-10T09:19:58.730+0000] {dagbag.py:540} INFO - Filling up the DagBag from /opt/airflow/dags/environmental_data_pipeline.py
[2025-10-10T09:19:58.747+0000] {processor.py:840} INFO - DAG(s) 'environmental_data_pipeline' retrieved from /opt/airflow/dags/environmental_data_pipeline.py
[2025-10-10T09:19:58.787+0000] {logging_mixin.py:188} INFO - [2025-10-10T09:19:58.786+0000] {dag.py:3047} INFO - Sync 1 DAGs
[2025-10-10T09:19:58.837+0000] {logging_mixin.py:188} INFO - [2025-10-10T09:19:58.837+0000] {dag.py:3834} INFO - Setting next_dagrun for environmental_data_pipeline to 2025-10-10 09:00:00+00:00, run_after=2025-10-10 10:00:00+00:00
[2025-10-10T09:19:58.879+0000] {processor.py:183} INFO - Processing /opt/airflow/dags/environmental_data_pipeline.py took 0.163 seconds
[2025-10-10T09:20:29.727+0000] {processor.py:161} INFO - Started process (PID=657) to work on /opt/airflow/dags/environmental_data_pipeline.py
[2025-10-10T09:20:29.746+0000] {processor.py:830} INFO - Processing file /opt/airflow/dags/environmental_data_pipeline.py for tasks to queue
[2025-10-10T09:20:29.747+0000] {logging_mixin.py:188} INFO - [2025-10-10T09:20:29.747+0000] {dagbag.py:540} INFO - Filling up the DagBag from /opt/airflow/dags/environmental_data_pipeline.py
[2025-10-10T09:20:29.795+0000] {processor.py:840} INFO - DAG(s) 'environmental_data_pipeline' retrieved from /opt/airflow/dags/environmental_data_pipeline.py
[2025-10-10T09:20:29.909+0000] {logging_mixin.py:188} INFO - [2025-10-10T09:20:29.908+0000] {dag.py:3047} INFO - Sync 1 DAGs
[2025-10-10T09:20:30.036+0000] {logging_mixin.py:188} INFO - [2025-10-10T09:20:30.036+0000] {dag.py:3834} INFO - Setting next_dagrun for environmental_data_pipeline to 2025-10-10 09:00:00+00:00, run_after=2025-10-10 10:00:00+00:00
[2025-10-10T09:20:30.156+0000] {processor.py:183} INFO - Processing /opt/airflow/dags/environmental_data_pipeline.py took 0.434 seconds
[2025-10-10T09:21:00.353+0000] {processor.py:161} INFO - Started process (PID=662) to work on /opt/airflow/dags/environmental_data_pipeline.py
[2025-10-10T09:21:00.355+0000] {processor.py:830} INFO - Processing file /opt/airflow/dags/environmental_data_pipeline.py for tasks to queue
[2025-10-10T09:21:00.357+0000] {logging_mixin.py:188} INFO - [2025-10-10T09:21:00.356+0000] {dagbag.py:540} INFO - Filling up the DagBag from /opt/airflow/dags/environmental_data_pipeline.py
[2025-10-10T09:21:00.377+0000] {processor.py:840} INFO - DAG(s) 'environmental_data_pipeline' retrieved from /opt/airflow/dags/environmental_data_pipeline.py
[2025-10-10T09:21:00.421+0000] {logging_mixin.py:188} INFO - [2025-10-10T09:21:00.420+0000] {dag.py:3047} INFO - Sync 1 DAGs
[2025-10-10T09:21:00.484+0000] {logging_mixin.py:188} INFO - [2025-10-10T09:21:00.483+0000] {dag.py:3834} INFO - Setting next_dagrun for environmental_data_pipeline to 2025-10-10 09:00:00+00:00, run_after=2025-10-10 10:00:00+00:00
[2025-10-10T09:21:00.515+0000] {processor.py:183} INFO - Processing /opt/airflow/dags/environmental_data_pipeline.py took 0.169 seconds
[2025-10-10T09:21:31.044+0000] {processor.py:161} INFO - Started process (PID=667) to work on /opt/airflow/dags/environmental_data_pipeline.py
[2025-10-10T09:21:31.046+0000] {processor.py:830} INFO - Processing file /opt/airflow/dags/environmental_data_pipeline.py for tasks to queue
[2025-10-10T09:21:31.048+0000] {logging_mixin.py:188} INFO - [2025-10-10T09:21:31.047+0000] {dagbag.py:540} INFO - Filling up the DagBag from /opt/airflow/dags/environmental_data_pipeline.py
[2025-10-10T09:21:31.066+0000] {processor.py:840} INFO - DAG(s) 'environmental_data_pipeline' retrieved from /opt/airflow/dags/environmental_data_pipeline.py
[2025-10-10T09:21:31.119+0000] {logging_mixin.py:188} INFO - [2025-10-10T09:21:31.118+0000] {dag.py:3047} INFO - Sync 1 DAGs
[2025-10-10T09:21:31.176+0000] {logging_mixin.py:188} INFO - [2025-10-10T09:21:31.175+0000] {dag.py:3834} INFO - Setting next_dagrun for environmental_data_pipeline to 2025-10-10 09:00:00+00:00, run_after=2025-10-10 10:00:00+00:00
[2025-10-10T09:21:31.227+0000] {processor.py:183} INFO - Processing /opt/airflow/dags/environmental_data_pipeline.py took 0.191 seconds
[2025-10-10T09:22:02.133+0000] {processor.py:161} INFO - Started process (PID=672) to work on /opt/airflow/dags/environmental_data_pipeline.py
[2025-10-10T09:22:02.142+0000] {processor.py:830} INFO - Processing file /opt/airflow/dags/environmental_data_pipeline.py for tasks to queue
[2025-10-10T09:22:02.147+0000] {logging_mixin.py:188} INFO - [2025-10-10T09:22:02.146+0000] {dagbag.py:540} INFO - Filling up the DagBag from /opt/airflow/dags/environmental_data_pipeline.py
[2025-10-10T09:22:02.168+0000] {processor.py:840} INFO - DAG(s) 'environmental_data_pipeline' retrieved from /opt/airflow/dags/environmental_data_pipeline.py
[2025-10-10T09:22:02.211+0000] {logging_mixin.py:188} INFO - [2025-10-10T09:22:02.210+0000] {dag.py:3047} INFO - Sync 1 DAGs
[2025-10-10T09:22:02.302+0000] {logging_mixin.py:188} INFO - [2025-10-10T09:22:02.302+0000] {dag.py:3834} INFO - Setting next_dagrun for environmental_data_pipeline to 2025-10-10 09:00:00+00:00, run_after=2025-10-10 10:00:00+00:00
[2025-10-10T09:22:02.326+0000] {processor.py:183} INFO - Processing /opt/airflow/dags/environmental_data_pipeline.py took 0.199 seconds
[2025-10-10T09:22:32.945+0000] {processor.py:161} INFO - Started process (PID=677) to work on /opt/airflow/dags/environmental_data_pipeline.py
[2025-10-10T09:22:32.947+0000] {processor.py:830} INFO - Processing file /opt/airflow/dags/environmental_data_pipeline.py for tasks to queue
[2025-10-10T09:22:32.949+0000] {logging_mixin.py:188} INFO - [2025-10-10T09:22:32.948+0000] {dagbag.py:540} INFO - Filling up the DagBag from /opt/airflow/dags/environmental_data_pipeline.py
[2025-10-10T09:22:32.970+0000] {processor.py:840} INFO - DAG(s) 'environmental_data_pipeline' retrieved from /opt/airflow/dags/environmental_data_pipeline.py
[2025-10-10T09:22:33.019+0000] {logging_mixin.py:188} INFO - [2025-10-10T09:22:33.019+0000] {dag.py:3047} INFO - Sync 1 DAGs
[2025-10-10T09:22:33.066+0000] {logging_mixin.py:188} INFO - [2025-10-10T09:22:33.065+0000] {dag.py:3834} INFO - Setting next_dagrun for environmental_data_pipeline to 2025-10-10 09:00:00+00:00, run_after=2025-10-10 10:00:00+00:00
[2025-10-10T09:22:33.098+0000] {processor.py:183} INFO - Processing /opt/airflow/dags/environmental_data_pipeline.py took 0.160 seconds
[2025-10-10T09:23:03.719+0000] {processor.py:161} INFO - Started process (PID=682) to work on /opt/airflow/dags/environmental_data_pipeline.py
[2025-10-10T09:23:03.721+0000] {processor.py:830} INFO - Processing file /opt/airflow/dags/environmental_data_pipeline.py for tasks to queue
[2025-10-10T09:23:03.722+0000] {logging_mixin.py:188} INFO - [2025-10-10T09:23:03.722+0000] {dagbag.py:540} INFO - Filling up the DagBag from /opt/airflow/dags/environmental_data_pipeline.py
[2025-10-10T09:23:03.748+0000] {processor.py:840} INFO - DAG(s) 'environmental_data_pipeline' retrieved from /opt/airflow/dags/environmental_data_pipeline.py
[2025-10-10T09:23:03.816+0000] {logging_mixin.py:188} INFO - [2025-10-10T09:23:03.815+0000] {dag.py:3047} INFO - Sync 1 DAGs
[2025-10-10T09:23:03.854+0000] {logging_mixin.py:188} INFO - [2025-10-10T09:23:03.854+0000] {dag.py:3834} INFO - Setting next_dagrun for environmental_data_pipeline to 2025-10-10 09:00:00+00:00, run_after=2025-10-10 10:00:00+00:00
[2025-10-10T09:23:03.891+0000] {processor.py:183} INFO - Processing /opt/airflow/dags/environmental_data_pipeline.py took 0.178 seconds
[2025-10-10T09:23:34.747+0000] {processor.py:161} INFO - Started process (PID=687) to work on /opt/airflow/dags/environmental_data_pipeline.py
[2025-10-10T09:23:34.750+0000] {processor.py:830} INFO - Processing file /opt/airflow/dags/environmental_data_pipeline.py for tasks to queue
[2025-10-10T09:23:34.753+0000] {logging_mixin.py:188} INFO - [2025-10-10T09:23:34.751+0000] {dagbag.py:540} INFO - Filling up the DagBag from /opt/airflow/dags/environmental_data_pipeline.py
[2025-10-10T09:23:34.784+0000] {processor.py:840} INFO - DAG(s) 'environmental_data_pipeline' retrieved from /opt/airflow/dags/environmental_data_pipeline.py
[2025-10-10T09:23:34.858+0000] {logging_mixin.py:188} INFO - [2025-10-10T09:23:34.857+0000] {dag.py:3047} INFO - Sync 1 DAGs
[2025-10-10T09:23:34.942+0000] {logging_mixin.py:188} INFO - [2025-10-10T09:23:34.942+0000] {dag.py:3834} INFO - Setting next_dagrun for environmental_data_pipeline to 2025-10-10 09:00:00+00:00, run_after=2025-10-10 10:00:00+00:00
[2025-10-10T09:23:35.003+0000] {processor.py:183} INFO - Processing /opt/airflow/dags/environmental_data_pipeline.py took 0.270 seconds
[2025-10-10T09:24:05.528+0000] {processor.py:161} INFO - Started process (PID=692) to work on /opt/airflow/dags/environmental_data_pipeline.py
[2025-10-10T09:24:05.533+0000] {processor.py:830} INFO - Processing file /opt/airflow/dags/environmental_data_pipeline.py for tasks to queue
[2025-10-10T09:24:05.538+0000] {logging_mixin.py:188} INFO - [2025-10-10T09:24:05.535+0000] {dagbag.py:540} INFO - Filling up the DagBag from /opt/airflow/dags/environmental_data_pipeline.py
[2025-10-10T09:24:05.599+0000] {processor.py:840} INFO - DAG(s) 'environmental_data_pipeline' retrieved from /opt/airflow/dags/environmental_data_pipeline.py
[2025-10-10T09:24:05.686+0000] {logging_mixin.py:188} INFO - [2025-10-10T09:24:05.686+0000] {dag.py:3047} INFO - Sync 1 DAGs
[2025-10-10T09:24:05.755+0000] {logging_mixin.py:188} INFO - [2025-10-10T09:24:05.752+0000] {dag.py:3834} INFO - Setting next_dagrun for environmental_data_pipeline to 2025-10-10 09:00:00+00:00, run_after=2025-10-10 10:00:00+00:00
[2025-10-10T09:24:05.797+0000] {processor.py:183} INFO - Processing /opt/airflow/dags/environmental_data_pipeline.py took 0.287 seconds
[2025-10-10T09:24:36.557+0000] {processor.py:161} INFO - Started process (PID=697) to work on /opt/airflow/dags/environmental_data_pipeline.py
[2025-10-10T09:24:36.561+0000] {processor.py:830} INFO - Processing file /opt/airflow/dags/environmental_data_pipeline.py for tasks to queue
[2025-10-10T09:24:36.563+0000] {logging_mixin.py:188} INFO - [2025-10-10T09:24:36.562+0000] {dagbag.py:540} INFO - Filling up the DagBag from /opt/airflow/dags/environmental_data_pipeline.py
[2025-10-10T09:24:36.584+0000] {processor.py:840} INFO - DAG(s) 'environmental_data_pipeline' retrieved from /opt/airflow/dags/environmental_data_pipeline.py
[2025-10-10T09:24:36.651+0000] {logging_mixin.py:188} INFO - [2025-10-10T09:24:36.651+0000] {dag.py:3047} INFO - Sync 1 DAGs
[2025-10-10T09:24:36.694+0000] {logging_mixin.py:188} INFO - [2025-10-10T09:24:36.693+0000] {dag.py:3834} INFO - Setting next_dagrun for environmental_data_pipeline to 2025-10-10 09:00:00+00:00, run_after=2025-10-10 10:00:00+00:00
[2025-10-10T09:24:36.722+0000] {processor.py:183} INFO - Processing /opt/airflow/dags/environmental_data_pipeline.py took 0.170 seconds
[2025-10-10T09:25:07.376+0000] {processor.py:161} INFO - Started process (PID=702) to work on /opt/airflow/dags/environmental_data_pipeline.py
[2025-10-10T09:25:07.381+0000] {processor.py:830} INFO - Processing file /opt/airflow/dags/environmental_data_pipeline.py for tasks to queue
[2025-10-10T09:25:07.383+0000] {logging_mixin.py:188} INFO - [2025-10-10T09:25:07.382+0000] {dagbag.py:540} INFO - Filling up the DagBag from /opt/airflow/dags/environmental_data_pipeline.py
[2025-10-10T09:25:07.410+0000] {processor.py:840} INFO - DAG(s) 'environmental_data_pipeline' retrieved from /opt/airflow/dags/environmental_data_pipeline.py
[2025-10-10T09:25:07.470+0000] {logging_mixin.py:188} INFO - [2025-10-10T09:25:07.470+0000] {dag.py:3047} INFO - Sync 1 DAGs
[2025-10-10T09:25:07.519+0000] {logging_mixin.py:188} INFO - [2025-10-10T09:25:07.518+0000] {dag.py:3834} INFO - Setting next_dagrun for environmental_data_pipeline to 2025-10-10 09:00:00+00:00, run_after=2025-10-10 10:00:00+00:00
[2025-10-10T09:25:07.559+0000] {processor.py:183} INFO - Processing /opt/airflow/dags/environmental_data_pipeline.py took 0.194 seconds
[2025-10-10T09:25:37.937+0000] {processor.py:161} INFO - Started process (PID=707) to work on /opt/airflow/dags/environmental_data_pipeline.py
[2025-10-10T09:25:37.939+0000] {processor.py:830} INFO - Processing file /opt/airflow/dags/environmental_data_pipeline.py for tasks to queue
[2025-10-10T09:25:37.940+0000] {logging_mixin.py:188} INFO - [2025-10-10T09:25:37.940+0000] {dagbag.py:540} INFO - Filling up the DagBag from /opt/airflow/dags/environmental_data_pipeline.py
[2025-10-10T09:25:37.963+0000] {processor.py:840} INFO - DAG(s) 'environmental_data_pipeline' retrieved from /opt/airflow/dags/environmental_data_pipeline.py
[2025-10-10T09:25:38.031+0000] {logging_mixin.py:188} INFO - [2025-10-10T09:25:38.031+0000] {dag.py:3047} INFO - Sync 1 DAGs
[2025-10-10T09:25:38.069+0000] {logging_mixin.py:188} INFO - [2025-10-10T09:25:38.068+0000] {dag.py:3834} INFO - Setting next_dagrun for environmental_data_pipeline to 2025-10-10 09:00:00+00:00, run_after=2025-10-10 10:00:00+00:00
[2025-10-10T09:25:38.099+0000] {processor.py:183} INFO - Processing /opt/airflow/dags/environmental_data_pipeline.py took 0.166 seconds
[2025-10-10T09:26:05.808+0000] {processor.py:161} INFO - Started process (PID=712) to work on /opt/airflow/dags/environmental_data_pipeline.py
[2025-10-10T09:26:05.812+0000] {processor.py:830} INFO - Processing file /opt/airflow/dags/environmental_data_pipeline.py for tasks to queue
[2025-10-10T09:26:05.823+0000] {logging_mixin.py:188} INFO - [2025-10-10T09:26:05.822+0000] {dagbag.py:540} INFO - Filling up the DagBag from /opt/airflow/dags/environmental_data_pipeline.py
[2025-10-10T09:26:05.946+0000] {processor.py:840} INFO - DAG(s) 'environmental_data_pipeline' retrieved from /opt/airflow/dags/environmental_data_pipeline.py
[2025-10-10T09:26:06.075+0000] {logging_mixin.py:188} INFO - [2025-10-10T09:26:06.075+0000] {dag.py:3047} INFO - Sync 1 DAGs
[2025-10-10T09:26:06.412+0000] {logging_mixin.py:188} INFO - [2025-10-10T09:26:06.412+0000] {dag.py:3834} INFO - Setting next_dagrun for environmental_data_pipeline to 2025-10-10 09:00:00+00:00, run_after=2025-10-10 10:00:00+00:00
[2025-10-10T09:26:06.536+0000] {processor.py:183} INFO - Processing /opt/airflow/dags/environmental_data_pipeline.py took 0.746 seconds
[2025-10-10T09:26:36.789+0000] {processor.py:161} INFO - Started process (PID=717) to work on /opt/airflow/dags/environmental_data_pipeline.py
[2025-10-10T09:26:36.816+0000] {processor.py:830} INFO - Processing file /opt/airflow/dags/environmental_data_pipeline.py for tasks to queue
[2025-10-10T09:26:36.857+0000] {logging_mixin.py:188} INFO - [2025-10-10T09:26:36.856+0000] {dagbag.py:540} INFO - Filling up the DagBag from /opt/airflow/dags/environmental_data_pipeline.py
[2025-10-10T09:26:36.896+0000] {processor.py:840} INFO - DAG(s) 'environmental_data_pipeline' retrieved from /opt/airflow/dags/environmental_data_pipeline.py
[2025-10-10T09:26:37.172+0000] {logging_mixin.py:188} INFO - [2025-10-10T09:26:37.171+0000] {dag.py:3047} INFO - Sync 1 DAGs
[2025-10-10T09:26:37.382+0000] {logging_mixin.py:188} INFO - [2025-10-10T09:26:37.382+0000] {dag.py:3834} INFO - Setting next_dagrun for environmental_data_pipeline to 2025-10-10 09:00:00+00:00, run_after=2025-10-10 10:00:00+00:00
[2025-10-10T09:26:37.545+0000] {processor.py:183} INFO - Processing /opt/airflow/dags/environmental_data_pipeline.py took 0.762 seconds
[2025-10-10T09:27:07.751+0000] {processor.py:161} INFO - Started process (PID=722) to work on /opt/airflow/dags/environmental_data_pipeline.py
[2025-10-10T09:27:07.753+0000] {processor.py:830} INFO - Processing file /opt/airflow/dags/environmental_data_pipeline.py for tasks to queue
[2025-10-10T09:27:07.757+0000] {logging_mixin.py:188} INFO - [2025-10-10T09:27:07.754+0000] {dagbag.py:540} INFO - Filling up the DagBag from /opt/airflow/dags/environmental_data_pipeline.py
[2025-10-10T09:27:07.790+0000] {processor.py:840} INFO - DAG(s) 'environmental_data_pipeline' retrieved from /opt/airflow/dags/environmental_data_pipeline.py
[2025-10-10T09:27:05.567+0000] {logging_mixin.py:188} INFO - [2025-10-10T09:27:05.567+0000] {dag.py:3047} INFO - Sync 1 DAGs
[2025-10-10T09:27:05.679+0000] {logging_mixin.py:188} INFO - [2025-10-10T09:27:05.679+0000] {dag.py:3834} INFO - Setting next_dagrun for environmental_data_pipeline to 2025-10-10 09:00:00+00:00, run_after=2025-10-10 10:00:00+00:00
[2025-10-10T09:27:05.761+0000] {processor.py:183} INFO - Processing /opt/airflow/dags/environmental_data_pipeline.py took 0.448 seconds
[2025-10-10T09:27:35.944+0000] {processor.py:161} INFO - Started process (PID=727) to work on /opt/airflow/dags/environmental_data_pipeline.py
[2025-10-10T09:27:35.946+0000] {processor.py:830} INFO - Processing file /opt/airflow/dags/environmental_data_pipeline.py for tasks to queue
[2025-10-10T09:27:35.947+0000] {logging_mixin.py:188} INFO - [2025-10-10T09:27:35.947+0000] {dagbag.py:540} INFO - Filling up the DagBag from /opt/airflow/dags/environmental_data_pipeline.py
[2025-10-10T09:27:36.143+0000] {processor.py:840} INFO - DAG(s) 'environmental_data_pipeline' retrieved from /opt/airflow/dags/environmental_data_pipeline.py
[2025-10-10T09:27:36.233+0000] {logging_mixin.py:188} INFO - [2025-10-10T09:27:36.233+0000] {dag.py:3047} INFO - Sync 1 DAGs
[2025-10-10T09:27:36.349+0000] {logging_mixin.py:188} INFO - [2025-10-10T09:27:36.348+0000] {dag.py:3834} INFO - Setting next_dagrun for environmental_data_pipeline to 2025-10-10 09:00:00+00:00, run_after=2025-10-10 10:00:00+00:00
[2025-10-10T09:27:36.413+0000] {processor.py:183} INFO - Processing /opt/airflow/dags/environmental_data_pipeline.py took 0.474 seconds
[2025-10-10T09:28:07.228+0000] {processor.py:161} INFO - Started process (PID=732) to work on /opt/airflow/dags/environmental_data_pipeline.py
[2025-10-10T09:28:07.230+0000] {processor.py:830} INFO - Processing file /opt/airflow/dags/environmental_data_pipeline.py for tasks to queue
[2025-10-10T09:28:07.231+0000] {logging_mixin.py:188} INFO - [2025-10-10T09:28:07.230+0000] {dagbag.py:540} INFO - Filling up the DagBag from /opt/airflow/dags/environmental_data_pipeline.py
[2025-10-10T09:28:07.258+0000] {processor.py:840} INFO - DAG(s) 'environmental_data_pipeline' retrieved from /opt/airflow/dags/environmental_data_pipeline.py
[2025-10-10T09:28:07.351+0000] {logging_mixin.py:188} INFO - [2025-10-10T09:28:07.350+0000] {dag.py:3047} INFO - Sync 1 DAGs
[2025-10-10T09:28:07.472+0000] {logging_mixin.py:188} INFO - [2025-10-10T09:28:07.469+0000] {dag.py:3834} INFO - Setting next_dagrun for environmental_data_pipeline to 2025-10-10 09:00:00+00:00, run_after=2025-10-10 10:00:00+00:00
[2025-10-10T09:28:05.312+0000] {processor.py:183} INFO - Processing /opt/airflow/dags/environmental_data_pipeline.py took 0.560 seconds
[2025-10-10T09:28:35.517+0000] {processor.py:161} INFO - Started process (PID=737) to work on /opt/airflow/dags/environmental_data_pipeline.py
[2025-10-10T09:28:35.518+0000] {processor.py:830} INFO - Processing file /opt/airflow/dags/environmental_data_pipeline.py for tasks to queue
[2025-10-10T09:28:35.520+0000] {logging_mixin.py:188} INFO - [2025-10-10T09:28:35.519+0000] {dagbag.py:540} INFO - Filling up the DagBag from /opt/airflow/dags/environmental_data_pipeline.py
[2025-10-10T09:28:35.544+0000] {processor.py:840} INFO - DAG(s) 'environmental_data_pipeline' retrieved from /opt/airflow/dags/environmental_data_pipeline.py
[2025-10-10T09:28:35.604+0000] {logging_mixin.py:188} INFO - [2025-10-10T09:28:35.603+0000] {dag.py:3047} INFO - Sync 1 DAGs
[2025-10-10T09:28:35.711+0000] {logging_mixin.py:188} INFO - [2025-10-10T09:28:35.710+0000] {dag.py:3834} INFO - Setting next_dagrun for environmental_data_pipeline to 2025-10-10 09:00:00+00:00, run_after=2025-10-10 10:00:00+00:00
[2025-10-10T09:28:35.750+0000] {processor.py:183} INFO - Processing /opt/airflow/dags/environmental_data_pipeline.py took 0.239 seconds
[2025-10-10T09:29:06.331+0000] {processor.py:161} INFO - Started process (PID=742) to work on /opt/airflow/dags/environmental_data_pipeline.py
[2025-10-10T09:29:06.333+0000] {processor.py:830} INFO - Processing file /opt/airflow/dags/environmental_data_pipeline.py for tasks to queue
[2025-10-10T09:29:06.335+0000] {logging_mixin.py:188} INFO - [2025-10-10T09:29:06.334+0000] {dagbag.py:540} INFO - Filling up the DagBag from /opt/airflow/dags/environmental_data_pipeline.py
[2025-10-10T09:29:06.360+0000] {processor.py:840} INFO - DAG(s) 'environmental_data_pipeline' retrieved from /opt/airflow/dags/environmental_data_pipeline.py
[2025-10-10T09:29:06.449+0000] {logging_mixin.py:188} INFO - [2025-10-10T09:29:06.449+0000] {dag.py:3047} INFO - Sync 1 DAGs
[2025-10-10T09:29:06.602+0000] {logging_mixin.py:188} INFO - [2025-10-10T09:29:06.602+0000] {dag.py:3834} INFO - Setting next_dagrun for environmental_data_pipeline to 2025-10-10 09:00:00+00:00, run_after=2025-10-10 10:00:00+00:00
[2025-10-10T09:29:06.661+0000] {processor.py:183} INFO - Processing /opt/airflow/dags/environmental_data_pipeline.py took 0.338 seconds
[2025-10-10T09:29:36.880+0000] {processor.py:161} INFO - Started process (PID=747) to work on /opt/airflow/dags/environmental_data_pipeline.py
[2025-10-10T09:29:36.882+0000] {processor.py:830} INFO - Processing file /opt/airflow/dags/environmental_data_pipeline.py for tasks to queue
[2025-10-10T09:29:36.887+0000] {logging_mixin.py:188} INFO - [2025-10-10T09:29:36.883+0000] {dagbag.py:540} INFO - Filling up the DagBag from /opt/airflow/dags/environmental_data_pipeline.py
[2025-10-10T09:29:36.931+0000] {processor.py:840} INFO - DAG(s) 'environmental_data_pipeline' retrieved from /opt/airflow/dags/environmental_data_pipeline.py
[2025-10-10T09:29:37.133+0000] {logging_mixin.py:188} INFO - [2025-10-10T09:29:37.132+0000] {dag.py:3047} INFO - Sync 1 DAGs
[2025-10-10T09:29:37.328+0000] {logging_mixin.py:188} INFO - [2025-10-10T09:29:37.327+0000] {dag.py:3834} INFO - Setting next_dagrun for environmental_data_pipeline to 2025-10-10 09:00:00+00:00, run_after=2025-10-10 10:00:00+00:00
[2025-10-10T09:29:37.383+0000] {processor.py:183} INFO - Processing /opt/airflow/dags/environmental_data_pipeline.py took 0.512 seconds
[2025-10-10T09:30:07.628+0000] {processor.py:161} INFO - Started process (PID=752) to work on /opt/airflow/dags/environmental_data_pipeline.py
[2025-10-10T09:30:07.632+0000] {processor.py:830} INFO - Processing file /opt/airflow/dags/environmental_data_pipeline.py for tasks to queue
[2025-10-10T09:30:07.633+0000] {logging_mixin.py:188} INFO - [2025-10-10T09:30:07.633+0000] {dagbag.py:540} INFO - Filling up the DagBag from /opt/airflow/dags/environmental_data_pipeline.py
[2025-10-10T09:30:07.668+0000] {processor.py:840} INFO - DAG(s) 'environmental_data_pipeline' retrieved from /opt/airflow/dags/environmental_data_pipeline.py
[2025-10-10T09:30:07.760+0000] {logging_mixin.py:188} INFO - [2025-10-10T09:30:07.759+0000] {dag.py:3047} INFO - Sync 1 DAGs
[2025-10-10T09:30:07.851+0000] {logging_mixin.py:188} INFO - [2025-10-10T09:30:07.850+0000] {dag.py:3834} INFO - Setting next_dagrun for environmental_data_pipeline to 2025-10-10 09:00:00+00:00, run_after=2025-10-10 10:00:00+00:00
[2025-10-10T09:30:07.943+0000] {processor.py:183} INFO - Processing /opt/airflow/dags/environmental_data_pipeline.py took 0.324 seconds
[2025-10-10T09:30:38.437+0000] {processor.py:161} INFO - Started process (PID=757) to work on /opt/airflow/dags/environmental_data_pipeline.py
[2025-10-10T09:30:38.439+0000] {processor.py:830} INFO - Processing file /opt/airflow/dags/environmental_data_pipeline.py for tasks to queue
[2025-10-10T09:30:38.441+0000] {logging_mixin.py:188} INFO - [2025-10-10T09:30:38.440+0000] {dagbag.py:540} INFO - Filling up the DagBag from /opt/airflow/dags/environmental_data_pipeline.py
[2025-10-10T09:30:38.458+0000] {processor.py:840} INFO - DAG(s) 'environmental_data_pipeline' retrieved from /opt/airflow/dags/environmental_data_pipeline.py
[2025-10-10T09:30:38.554+0000] {logging_mixin.py:188} INFO - [2025-10-10T09:30:38.553+0000] {dag.py:3047} INFO - Sync 1 DAGs
[2025-10-10T09:30:38.604+0000] {logging_mixin.py:188} INFO - [2025-10-10T09:30:38.604+0000] {dag.py:3834} INFO - Setting next_dagrun for environmental_data_pipeline to 2025-10-10 09:00:00+00:00, run_after=2025-10-10 10:00:00+00:00
[2025-10-10T09:30:38.695+0000] {processor.py:183} INFO - Processing /opt/airflow/dags/environmental_data_pipeline.py took 0.260 seconds
[2025-10-10T09:31:09.259+0000] {processor.py:161} INFO - Started process (PID=762) to work on /opt/airflow/dags/environmental_data_pipeline.py
[2025-10-10T09:31:09.260+0000] {processor.py:830} INFO - Processing file /opt/airflow/dags/environmental_data_pipeline.py for tasks to queue
[2025-10-10T09:31:09.261+0000] {logging_mixin.py:188} INFO - [2025-10-10T09:31:09.261+0000] {dagbag.py:540} INFO - Filling up the DagBag from /opt/airflow/dags/environmental_data_pipeline.py
[2025-10-10T09:31:09.278+0000] {processor.py:840} INFO - DAG(s) 'environmental_data_pipeline' retrieved from /opt/airflow/dags/environmental_data_pipeline.py
[2025-10-10T09:31:09.344+0000] {logging_mixin.py:188} INFO - [2025-10-10T09:31:09.344+0000] {dag.py:3047} INFO - Sync 1 DAGs
[2025-10-10T09:31:09.373+0000] {logging_mixin.py:188} INFO - [2025-10-10T09:31:09.373+0000] {dag.py:3834} INFO - Setting next_dagrun for environmental_data_pipeline to 2025-10-10 09:00:00+00:00, run_after=2025-10-10 10:00:00+00:00
[2025-10-10T09:31:09.403+0000] {processor.py:183} INFO - Processing /opt/airflow/dags/environmental_data_pipeline.py took 0.148 seconds
[2025-10-10T09:31:39.998+0000] {processor.py:161} INFO - Started process (PID=767) to work on /opt/airflow/dags/environmental_data_pipeline.py
[2025-10-10T09:31:40.003+0000] {processor.py:830} INFO - Processing file /opt/airflow/dags/environmental_data_pipeline.py for tasks to queue
[2025-10-10T09:31:40.004+0000] {logging_mixin.py:188} INFO - [2025-10-10T09:31:40.004+0000] {dagbag.py:540} INFO - Filling up the DagBag from /opt/airflow/dags/environmental_data_pipeline.py
[2025-10-10T09:31:40.025+0000] {processor.py:840} INFO - DAG(s) 'environmental_data_pipeline' retrieved from /opt/airflow/dags/environmental_data_pipeline.py
[2025-10-10T09:31:40.065+0000] {logging_mixin.py:188} INFO - [2025-10-10T09:31:40.065+0000] {dag.py:3047} INFO - Sync 1 DAGs
[2025-10-10T09:31:40.122+0000] {logging_mixin.py:188} INFO - [2025-10-10T09:31:40.121+0000] {dag.py:3834} INFO - Setting next_dagrun for environmental_data_pipeline to 2025-10-10 09:00:00+00:00, run_after=2025-10-10 10:00:00+00:00
[2025-10-10T09:31:40.224+0000] {processor.py:183} INFO - Processing /opt/airflow/dags/environmental_data_pipeline.py took 0.231 seconds
[2025-10-10T09:32:10.790+0000] {processor.py:161} INFO - Started process (PID=772) to work on /opt/airflow/dags/environmental_data_pipeline.py
[2025-10-10T09:32:10.792+0000] {processor.py:830} INFO - Processing file /opt/airflow/dags/environmental_data_pipeline.py for tasks to queue
[2025-10-10T09:32:10.793+0000] {logging_mixin.py:188} INFO - [2025-10-10T09:32:10.793+0000] {dagbag.py:540} INFO - Filling up the DagBag from /opt/airflow/dags/environmental_data_pipeline.py
[2025-10-10T09:32:10.816+0000] {processor.py:840} INFO - DAG(s) 'environmental_data_pipeline' retrieved from /opt/airflow/dags/environmental_data_pipeline.py
[2025-10-10T09:32:10.860+0000] {logging_mixin.py:188} INFO - [2025-10-10T09:32:10.860+0000] {dag.py:3047} INFO - Sync 1 DAGs
[2025-10-10T09:32:11.104+0000] {logging_mixin.py:188} INFO - [2025-10-10T09:32:11.103+0000] {dag.py:3834} INFO - Setting next_dagrun for environmental_data_pipeline to 2025-10-10 09:00:00+00:00, run_after=2025-10-10 10:00:00+00:00
[2025-10-10T09:32:11.153+0000] {processor.py:183} INFO - Processing /opt/airflow/dags/environmental_data_pipeline.py took 0.367 seconds
[2025-10-10T09:32:41.589+0000] {processor.py:161} INFO - Started process (PID=777) to work on /opt/airflow/dags/environmental_data_pipeline.py
[2025-10-10T09:32:41.591+0000] {processor.py:830} INFO - Processing file /opt/airflow/dags/environmental_data_pipeline.py for tasks to queue
[2025-10-10T09:32:41.592+0000] {logging_mixin.py:188} INFO - [2025-10-10T09:32:41.592+0000] {dagbag.py:540} INFO - Filling up the DagBag from /opt/airflow/dags/environmental_data_pipeline.py
[2025-10-10T09:32:41.605+0000] {processor.py:840} INFO - DAG(s) 'environmental_data_pipeline' retrieved from /opt/airflow/dags/environmental_data_pipeline.py
[2025-10-10T09:32:41.655+0000] {logging_mixin.py:188} INFO - [2025-10-10T09:32:41.655+0000] {dag.py:3047} INFO - Sync 1 DAGs
[2025-10-10T09:32:41.703+0000] {logging_mixin.py:188} INFO - [2025-10-10T09:32:41.703+0000] {dag.py:3834} INFO - Setting next_dagrun for environmental_data_pipeline to 2025-10-10 09:00:00+00:00, run_after=2025-10-10 10:00:00+00:00
[2025-10-10T09:32:41.780+0000] {processor.py:183} INFO - Processing /opt/airflow/dags/environmental_data_pipeline.py took 0.194 seconds
[2025-10-10T09:33:12.306+0000] {processor.py:161} INFO - Started process (PID=782) to work on /opt/airflow/dags/environmental_data_pipeline.py
[2025-10-10T09:33:12.308+0000] {processor.py:830} INFO - Processing file /opt/airflow/dags/environmental_data_pipeline.py for tasks to queue
[2025-10-10T09:33:12.309+0000] {logging_mixin.py:188} INFO - [2025-10-10T09:33:12.309+0000] {dagbag.py:540} INFO - Filling up the DagBag from /opt/airflow/dags/environmental_data_pipeline.py
[2025-10-10T09:33:12.330+0000] {processor.py:840} INFO - DAG(s) 'environmental_data_pipeline' retrieved from /opt/airflow/dags/environmental_data_pipeline.py
[2025-10-10T09:33:12.372+0000] {logging_mixin.py:188} INFO - [2025-10-10T09:33:12.371+0000] {dag.py:3047} INFO - Sync 1 DAGs
[2025-10-10T09:33:12.406+0000] {logging_mixin.py:188} INFO - [2025-10-10T09:33:12.406+0000] {dag.py:3834} INFO - Setting next_dagrun for environmental_data_pipeline to 2025-10-10 09:00:00+00:00, run_after=2025-10-10 10:00:00+00:00
[2025-10-10T09:33:12.431+0000] {processor.py:183} INFO - Processing /opt/airflow/dags/environmental_data_pipeline.py took 0.131 seconds
[2025-10-10T09:33:43.025+0000] {processor.py:161} INFO - Started process (PID=787) to work on /opt/airflow/dags/environmental_data_pipeline.py
[2025-10-10T09:33:43.029+0000] {processor.py:830} INFO - Processing file /opt/airflow/dags/environmental_data_pipeline.py for tasks to queue
[2025-10-10T09:33:43.030+0000] {logging_mixin.py:188} INFO - [2025-10-10T09:33:43.030+0000] {dagbag.py:540} INFO - Filling up the DagBag from /opt/airflow/dags/environmental_data_pipeline.py
[2025-10-10T09:33:43.046+0000] {processor.py:840} INFO - DAG(s) 'environmental_data_pipeline' retrieved from /opt/airflow/dags/environmental_data_pipeline.py
[2025-10-10T09:33:43.158+0000] {logging_mixin.py:188} INFO - [2025-10-10T09:33:43.158+0000] {dag.py:3047} INFO - Sync 1 DAGs
[2025-10-10T09:33:43.227+0000] {logging_mixin.py:188} INFO - [2025-10-10T09:33:43.226+0000] {dag.py:3834} INFO - Setting next_dagrun for environmental_data_pipeline to 2025-10-10 09:00:00+00:00, run_after=2025-10-10 10:00:00+00:00
[2025-10-10T09:33:43.267+0000] {processor.py:183} INFO - Processing /opt/airflow/dags/environmental_data_pipeline.py took 0.247 seconds
[2025-10-10T09:34:13.992+0000] {processor.py:161} INFO - Started process (PID=792) to work on /opt/airflow/dags/environmental_data_pipeline.py
[2025-10-10T09:34:14.003+0000] {processor.py:830} INFO - Processing file /opt/airflow/dags/environmental_data_pipeline.py for tasks to queue
[2025-10-10T09:34:14.005+0000] {logging_mixin.py:188} INFO - [2025-10-10T09:34:14.005+0000] {dagbag.py:540} INFO - Filling up the DagBag from /opt/airflow/dags/environmental_data_pipeline.py
[2025-10-10T09:34:14.049+0000] {processor.py:840} INFO - DAG(s) 'environmental_data_pipeline' retrieved from /opt/airflow/dags/environmental_data_pipeline.py
[2025-10-10T09:34:14.576+0000] {logging_mixin.py:188} INFO - [2025-10-10T09:34:14.575+0000] {dag.py:3047} INFO - Sync 1 DAGs
[2025-10-10T09:34:14.860+0000] {logging_mixin.py:188} INFO - [2025-10-10T09:34:14.859+0000] {dag.py:3834} INFO - Setting next_dagrun for environmental_data_pipeline to 2025-10-10 09:00:00+00:00, run_after=2025-10-10 10:00:00+00:00
[2025-10-10T09:34:15.166+0000] {processor.py:183} INFO - Processing /opt/airflow/dags/environmental_data_pipeline.py took 1.194 seconds
[2025-10-10T09:34:45.416+0000] {processor.py:161} INFO - Started process (PID=797) to work on /opt/airflow/dags/environmental_data_pipeline.py
[2025-10-10T09:34:45.427+0000] {processor.py:830} INFO - Processing file /opt/airflow/dags/environmental_data_pipeline.py for tasks to queue
[2025-10-10T09:34:45.431+0000] {logging_mixin.py:188} INFO - [2025-10-10T09:34:45.430+0000] {dagbag.py:540} INFO - Filling up the DagBag from /opt/airflow/dags/environmental_data_pipeline.py
[2025-10-10T09:34:45.728+0000] {processor.py:840} INFO - DAG(s) 'environmental_data_pipeline' retrieved from /opt/airflow/dags/environmental_data_pipeline.py
[2025-10-10T09:34:46.102+0000] {logging_mixin.py:188} INFO - [2025-10-10T09:34:46.101+0000] {dag.py:3047} INFO - Sync 1 DAGs
[2025-10-10T09:34:46.325+0000] {logging_mixin.py:188} INFO - [2025-10-10T09:34:46.312+0000] {dag.py:3834} INFO - Setting next_dagrun for environmental_data_pipeline to 2025-10-10 09:00:00+00:00, run_after=2025-10-10 10:00:00+00:00
[2025-10-10T09:34:46.672+0000] {processor.py:183} INFO - Processing /opt/airflow/dags/environmental_data_pipeline.py took 1.272 seconds
[2025-10-10T09:35:17.237+0000] {processor.py:161} INFO - Started process (PID=802) to work on /opt/airflow/dags/environmental_data_pipeline.py
[2025-10-10T09:35:17.253+0000] {processor.py:830} INFO - Processing file /opt/airflow/dags/environmental_data_pipeline.py for tasks to queue
[2025-10-10T09:35:17.264+0000] {logging_mixin.py:188} INFO - [2025-10-10T09:35:17.255+0000] {dagbag.py:540} INFO - Filling up the DagBag from /opt/airflow/dags/environmental_data_pipeline.py
[2025-10-10T09:35:17.299+0000] {processor.py:840} INFO - DAG(s) 'environmental_data_pipeline' retrieved from /opt/airflow/dags/environmental_data_pipeline.py
[2025-10-10T09:35:17.432+0000] {logging_mixin.py:188} INFO - [2025-10-10T09:35:17.431+0000] {dag.py:3047} INFO - Sync 1 DAGs
[2025-10-10T09:35:17.602+0000] {logging_mixin.py:188} INFO - [2025-10-10T09:35:17.601+0000] {dag.py:3834} INFO - Setting next_dagrun for environmental_data_pipeline to 2025-10-10 09:00:00+00:00, run_after=2025-10-10 10:00:00+00:00
[2025-10-10T09:35:17.670+0000] {processor.py:183} INFO - Processing /opt/airflow/dags/environmental_data_pipeline.py took 0.451 seconds
[2025-10-10T09:35:48.315+0000] {processor.py:161} INFO - Started process (PID=807) to work on /opt/airflow/dags/environmental_data_pipeline.py
[2025-10-10T09:35:48.318+0000] {processor.py:830} INFO - Processing file /opt/airflow/dags/environmental_data_pipeline.py for tasks to queue
[2025-10-10T09:35:48.320+0000] {logging_mixin.py:188} INFO - [2025-10-10T09:35:48.319+0000] {dagbag.py:540} INFO - Filling up the DagBag from /opt/airflow/dags/environmental_data_pipeline.py
[2025-10-10T09:35:48.356+0000] {processor.py:840} INFO - DAG(s) 'environmental_data_pipeline' retrieved from /opt/airflow/dags/environmental_data_pipeline.py
[2025-10-10T09:35:48.428+0000] {logging_mixin.py:188} INFO - [2025-10-10T09:35:48.427+0000] {dag.py:3047} INFO - Sync 1 DAGs
[2025-10-10T09:35:48.513+0000] {logging_mixin.py:188} INFO - [2025-10-10T09:35:48.513+0000] {dag.py:3834} INFO - Setting next_dagrun for environmental_data_pipeline to 2025-10-10 09:00:00+00:00, run_after=2025-10-10 10:00:00+00:00
[2025-10-10T09:35:48.579+0000] {processor.py:183} INFO - Processing /opt/airflow/dags/environmental_data_pipeline.py took 0.279 seconds
[2025-10-10T09:36:19.286+0000] {processor.py:161} INFO - Started process (PID=812) to work on /opt/airflow/dags/environmental_data_pipeline.py
[2025-10-10T09:36:19.293+0000] {processor.py:830} INFO - Processing file /opt/airflow/dags/environmental_data_pipeline.py for tasks to queue
[2025-10-10T09:36:19.295+0000] {logging_mixin.py:188} INFO - [2025-10-10T09:36:19.294+0000] {dagbag.py:540} INFO - Filling up the DagBag from /opt/airflow/dags/environmental_data_pipeline.py
[2025-10-10T09:36:19.344+0000] {processor.py:840} INFO - DAG(s) 'environmental_data_pipeline' retrieved from /opt/airflow/dags/environmental_data_pipeline.py
[2025-10-10T09:36:19.426+0000] {logging_mixin.py:188} INFO - [2025-10-10T09:36:19.426+0000] {dag.py:3047} INFO - Sync 1 DAGs
[2025-10-10T09:36:19.597+0000] {logging_mixin.py:188} INFO - [2025-10-10T09:36:19.596+0000] {dag.py:3834} INFO - Setting next_dagrun for environmental_data_pipeline to 2025-10-10 09:00:00+00:00, run_after=2025-10-10 10:00:00+00:00
[2025-10-10T09:36:19.678+0000] {processor.py:183} INFO - Processing /opt/airflow/dags/environmental_data_pipeline.py took 0.435 seconds
[2025-10-10T09:36:50.176+0000] {processor.py:161} INFO - Started process (PID=817) to work on /opt/airflow/dags/environmental_data_pipeline.py
[2025-10-10T09:36:50.179+0000] {processor.py:830} INFO - Processing file /opt/airflow/dags/environmental_data_pipeline.py for tasks to queue
[2025-10-10T09:36:50.180+0000] {logging_mixin.py:188} INFO - [2025-10-10T09:36:50.179+0000] {dagbag.py:540} INFO - Filling up the DagBag from /opt/airflow/dags/environmental_data_pipeline.py
[2025-10-10T09:36:50.212+0000] {processor.py:840} INFO - DAG(s) 'environmental_data_pipeline' retrieved from /opt/airflow/dags/environmental_data_pipeline.py
[2025-10-10T09:36:50.274+0000] {logging_mixin.py:188} INFO - [2025-10-10T09:36:50.274+0000] {dag.py:3047} INFO - Sync 1 DAGs
[2025-10-10T09:36:50.311+0000] {logging_mixin.py:188} INFO - [2025-10-10T09:36:50.310+0000] {dag.py:3834} INFO - Setting next_dagrun for environmental_data_pipeline to 2025-10-10 09:00:00+00:00, run_after=2025-10-10 10:00:00+00:00
[2025-10-10T09:36:50.339+0000] {processor.py:183} INFO - Processing /opt/airflow/dags/environmental_data_pipeline.py took 0.169 seconds
[2025-10-10T09:37:20.941+0000] {processor.py:161} INFO - Started process (PID=822) to work on /opt/airflow/dags/environmental_data_pipeline.py
[2025-10-10T09:37:20.943+0000] {processor.py:830} INFO - Processing file /opt/airflow/dags/environmental_data_pipeline.py for tasks to queue
[2025-10-10T09:37:20.947+0000] {logging_mixin.py:188} INFO - [2025-10-10T09:37:20.946+0000] {dagbag.py:540} INFO - Filling up the DagBag from /opt/airflow/dags/environmental_data_pipeline.py
[2025-10-10T09:37:20.968+0000] {processor.py:840} INFO - DAG(s) 'environmental_data_pipeline' retrieved from /opt/airflow/dags/environmental_data_pipeline.py
[2025-10-10T09:37:21.045+0000] {logging_mixin.py:188} INFO - [2025-10-10T09:37:21.045+0000] {dag.py:3047} INFO - Sync 1 DAGs
[2025-10-10T09:37:21.096+0000] {logging_mixin.py:188} INFO - [2025-10-10T09:37:21.094+0000] {dag.py:3834} INFO - Setting next_dagrun for environmental_data_pipeline to 2025-10-10 09:00:00+00:00, run_after=2025-10-10 10:00:00+00:00
[2025-10-10T09:37:21.147+0000] {processor.py:183} INFO - Processing /opt/airflow/dags/environmental_data_pipeline.py took 0.212 seconds
[2025-10-10T09:37:51.897+0000] {processor.py:161} INFO - Started process (PID=827) to work on /opt/airflow/dags/environmental_data_pipeline.py
[2025-10-10T09:37:51.901+0000] {processor.py:830} INFO - Processing file /opt/airflow/dags/environmental_data_pipeline.py for tasks to queue
[2025-10-10T09:37:51.904+0000] {logging_mixin.py:188} INFO - [2025-10-10T09:37:51.902+0000] {dagbag.py:540} INFO - Filling up the DagBag from /opt/airflow/dags/environmental_data_pipeline.py
[2025-10-10T09:37:51.981+0000] {processor.py:840} INFO - DAG(s) 'environmental_data_pipeline' retrieved from /opt/airflow/dags/environmental_data_pipeline.py
[2025-10-10T09:37:52.085+0000] {logging_mixin.py:188} INFO - [2025-10-10T09:37:52.084+0000] {dag.py:3047} INFO - Sync 1 DAGs
[2025-10-10T09:37:52.203+0000] {logging_mixin.py:188} INFO - [2025-10-10T09:37:52.203+0000] {dag.py:3834} INFO - Setting next_dagrun for environmental_data_pipeline to 2025-10-10 09:00:00+00:00, run_after=2025-10-10 10:00:00+00:00
[2025-10-10T09:37:52.263+0000] {processor.py:183} INFO - Processing /opt/airflow/dags/environmental_data_pipeline.py took 0.384 seconds
[2025-10-10T09:38:22.839+0000] {processor.py:161} INFO - Started process (PID=832) to work on /opt/airflow/dags/environmental_data_pipeline.py
[2025-10-10T09:38:22.852+0000] {processor.py:830} INFO - Processing file /opt/airflow/dags/environmental_data_pipeline.py for tasks to queue
[2025-10-10T09:38:22.855+0000] {logging_mixin.py:188} INFO - [2025-10-10T09:38:22.854+0000] {dagbag.py:540} INFO - Filling up the DagBag from /opt/airflow/dags/environmental_data_pipeline.py
[2025-10-10T09:38:22.911+0000] {processor.py:840} INFO - DAG(s) 'environmental_data_pipeline' retrieved from /opt/airflow/dags/environmental_data_pipeline.py
[2025-10-10T09:38:23.102+0000] {logging_mixin.py:188} INFO - [2025-10-10T09:38:23.101+0000] {dag.py:3047} INFO - Sync 1 DAGs
[2025-10-10T09:38:23.192+0000] {logging_mixin.py:188} INFO - [2025-10-10T09:38:23.191+0000] {dag.py:3834} INFO - Setting next_dagrun for environmental_data_pipeline to 2025-10-10 09:00:00+00:00, run_after=2025-10-10 10:00:00+00:00
[2025-10-10T09:38:23.252+0000] {processor.py:183} INFO - Processing /opt/airflow/dags/environmental_data_pipeline.py took 0.424 seconds
[2025-10-10T09:38:53.977+0000] {processor.py:161} INFO - Started process (PID=837) to work on /opt/airflow/dags/environmental_data_pipeline.py
[2025-10-10T09:38:53.996+0000] {processor.py:830} INFO - Processing file /opt/airflow/dags/environmental_data_pipeline.py for tasks to queue
[2025-10-10T09:38:53.997+0000] {logging_mixin.py:188} INFO - [2025-10-10T09:38:53.997+0000] {dagbag.py:540} INFO - Filling up the DagBag from /opt/airflow/dags/environmental_data_pipeline.py
[2025-10-10T09:38:54.031+0000] {processor.py:840} INFO - DAG(s) 'environmental_data_pipeline' retrieved from /opt/airflow/dags/environmental_data_pipeline.py
[2025-10-10T09:38:54.093+0000] {logging_mixin.py:188} INFO - [2025-10-10T09:38:54.093+0000] {dag.py:3047} INFO - Sync 1 DAGs
[2025-10-10T09:38:54.145+0000] {logging_mixin.py:188} INFO - [2025-10-10T09:38:54.144+0000] {dag.py:3834} INFO - Setting next_dagrun for environmental_data_pipeline to 2025-10-10 09:00:00+00:00, run_after=2025-10-10 10:00:00+00:00
[2025-10-10T09:38:54.185+0000] {processor.py:183} INFO - Processing /opt/airflow/dags/environmental_data_pipeline.py took 0.217 seconds
[2025-10-10T09:39:24.868+0000] {processor.py:161} INFO - Started process (PID=842) to work on /opt/airflow/dags/environmental_data_pipeline.py
[2025-10-10T09:39:24.871+0000] {processor.py:830} INFO - Processing file /opt/airflow/dags/environmental_data_pipeline.py for tasks to queue
[2025-10-10T09:39:24.873+0000] {logging_mixin.py:188} INFO - [2025-10-10T09:39:24.872+0000] {dagbag.py:540} INFO - Filling up the DagBag from /opt/airflow/dags/environmental_data_pipeline.py
[2025-10-10T09:39:24.901+0000] {processor.py:840} INFO - DAG(s) 'environmental_data_pipeline' retrieved from /opt/airflow/dags/environmental_data_pipeline.py
[2025-10-10T09:39:25.495+0000] {logging_mixin.py:188} INFO - [2025-10-10T09:39:25.495+0000] {dag.py:3047} INFO - Sync 1 DAGs
[2025-10-10T09:39:25.638+0000] {logging_mixin.py:188} INFO - [2025-10-10T09:39:25.638+0000] {dag.py:3834} INFO - Setting next_dagrun for environmental_data_pipeline to 2025-10-10 09:00:00+00:00, run_after=2025-10-10 10:00:00+00:00
[2025-10-10T09:39:25.961+0000] {processor.py:183} INFO - Processing /opt/airflow/dags/environmental_data_pipeline.py took 1.103 seconds
[2025-10-10T09:39:56.762+0000] {processor.py:161} INFO - Started process (PID=847) to work on /opt/airflow/dags/environmental_data_pipeline.py
[2025-10-10T09:39:56.767+0000] {processor.py:830} INFO - Processing file /opt/airflow/dags/environmental_data_pipeline.py for tasks to queue
[2025-10-10T09:39:56.769+0000] {logging_mixin.py:188} INFO - [2025-10-10T09:39:56.768+0000] {dagbag.py:540} INFO - Filling up the DagBag from /opt/airflow/dags/environmental_data_pipeline.py
[2025-10-10T09:39:56.795+0000] {processor.py:840} INFO - DAG(s) 'environmental_data_pipeline' retrieved from /opt/airflow/dags/environmental_data_pipeline.py
[2025-10-10T09:39:56.862+0000] {logging_mixin.py:188} INFO - [2025-10-10T09:39:56.861+0000] {dag.py:3047} INFO - Sync 1 DAGs
[2025-10-10T09:39:56.930+0000] {logging_mixin.py:188} INFO - [2025-10-10T09:39:56.930+0000] {dag.py:3834} INFO - Setting next_dagrun for environmental_data_pipeline to 2025-10-10 09:00:00+00:00, run_after=2025-10-10 10:00:00+00:00
[2025-10-10T09:39:56.997+0000] {processor.py:183} INFO - Processing /opt/airflow/dags/environmental_data_pipeline.py took 0.241 seconds
[2025-10-10T09:40:27.593+0000] {processor.py:161} INFO - Started process (PID=852) to work on /opt/airflow/dags/environmental_data_pipeline.py
[2025-10-10T09:40:27.595+0000] {processor.py:830} INFO - Processing file /opt/airflow/dags/environmental_data_pipeline.py for tasks to queue
[2025-10-10T09:40:27.597+0000] {logging_mixin.py:188} INFO - [2025-10-10T09:40:27.596+0000] {dagbag.py:540} INFO - Filling up the DagBag from /opt/airflow/dags/environmental_data_pipeline.py
[2025-10-10T09:40:27.615+0000] {processor.py:840} INFO - DAG(s) 'environmental_data_pipeline' retrieved from /opt/airflow/dags/environmental_data_pipeline.py
[2025-10-10T09:40:27.664+0000] {logging_mixin.py:188} INFO - [2025-10-10T09:40:27.664+0000] {dag.py:3047} INFO - Sync 1 DAGs
[2025-10-10T09:40:27.697+0000] {logging_mixin.py:188} INFO - [2025-10-10T09:40:27.696+0000] {dag.py:3834} INFO - Setting next_dagrun for environmental_data_pipeline to 2025-10-10 09:00:00+00:00, run_after=2025-10-10 10:00:00+00:00
[2025-10-10T09:40:27.727+0000] {processor.py:183} INFO - Processing /opt/airflow/dags/environmental_data_pipeline.py took 0.139 seconds
[2025-10-10T09:40:58.346+0000] {processor.py:161} INFO - Started process (PID=857) to work on /opt/airflow/dags/environmental_data_pipeline.py
[2025-10-10T09:40:58.348+0000] {processor.py:830} INFO - Processing file /opt/airflow/dags/environmental_data_pipeline.py for tasks to queue
[2025-10-10T09:40:58.349+0000] {logging_mixin.py:188} INFO - [2025-10-10T09:40:58.349+0000] {dagbag.py:540} INFO - Filling up the DagBag from /opt/airflow/dags/environmental_data_pipeline.py
[2025-10-10T09:40:58.369+0000] {processor.py:840} INFO - DAG(s) 'environmental_data_pipeline' retrieved from /opt/airflow/dags/environmental_data_pipeline.py
[2025-10-10T09:40:58.435+0000] {logging_mixin.py:188} INFO - [2025-10-10T09:40:58.434+0000] {dag.py:3047} INFO - Sync 1 DAGs
[2025-10-10T09:40:58.527+0000] {logging_mixin.py:188} INFO - [2025-10-10T09:40:58.527+0000] {dag.py:3834} INFO - Setting next_dagrun for environmental_data_pipeline to 2025-10-10 09:00:00+00:00, run_after=2025-10-10 10:00:00+00:00
[2025-10-10T09:40:58.591+0000] {processor.py:183} INFO - Processing /opt/airflow/dags/environmental_data_pipeline.py took 0.250 seconds
[2025-10-10T09:41:29.288+0000] {processor.py:161} INFO - Started process (PID=862) to work on /opt/airflow/dags/environmental_data_pipeline.py
[2025-10-10T09:41:29.294+0000] {processor.py:830} INFO - Processing file /opt/airflow/dags/environmental_data_pipeline.py for tasks to queue
[2025-10-10T09:41:29.297+0000] {logging_mixin.py:188} INFO - [2025-10-10T09:41:29.296+0000] {dagbag.py:540} INFO - Filling up the DagBag from /opt/airflow/dags/environmental_data_pipeline.py
[2025-10-10T09:41:29.453+0000] {processor.py:840} INFO - DAG(s) 'environmental_data_pipeline' retrieved from /opt/airflow/dags/environmental_data_pipeline.py
[2025-10-10T09:41:29.550+0000] {logging_mixin.py:188} INFO - [2025-10-10T09:41:29.549+0000] {dag.py:3047} INFO - Sync 1 DAGs
[2025-10-10T09:41:29.610+0000] {logging_mixin.py:188} INFO - [2025-10-10T09:41:29.610+0000] {dag.py:3834} INFO - Setting next_dagrun for environmental_data_pipeline to 2025-10-10 09:00:00+00:00, run_after=2025-10-10 10:00:00+00:00
[2025-10-10T09:41:29.667+0000] {processor.py:183} INFO - Processing /opt/airflow/dags/environmental_data_pipeline.py took 0.395 seconds
[2025-10-10T09:42:00.263+0000] {processor.py:161} INFO - Started process (PID=867) to work on /opt/airflow/dags/environmental_data_pipeline.py
[2025-10-10T09:42:00.264+0000] {processor.py:830} INFO - Processing file /opt/airflow/dags/environmental_data_pipeline.py for tasks to queue
[2025-10-10T09:42:00.265+0000] {logging_mixin.py:188} INFO - [2025-10-10T09:42:00.265+0000] {dagbag.py:540} INFO - Filling up the DagBag from /opt/airflow/dags/environmental_data_pipeline.py
[2025-10-10T09:42:00.282+0000] {processor.py:840} INFO - DAG(s) 'environmental_data_pipeline' retrieved from /opt/airflow/dags/environmental_data_pipeline.py
[2025-10-10T09:42:00.323+0000] {logging_mixin.py:188} INFO - [2025-10-10T09:42:00.323+0000] {dag.py:3047} INFO - Sync 1 DAGs
[2025-10-10T09:42:00.362+0000] {logging_mixin.py:188} INFO - [2025-10-10T09:42:00.362+0000] {dag.py:3834} INFO - Setting next_dagrun for environmental_data_pipeline to 2025-10-10 09:00:00+00:00, run_after=2025-10-10 10:00:00+00:00
[2025-10-10T09:42:00.393+0000] {processor.py:183} INFO - Processing /opt/airflow/dags/environmental_data_pipeline.py took 0.135 seconds
[2025-10-10T09:42:31.035+0000] {processor.py:161} INFO - Started process (PID=872) to work on /opt/airflow/dags/environmental_data_pipeline.py
[2025-10-10T09:42:31.037+0000] {processor.py:830} INFO - Processing file /opt/airflow/dags/environmental_data_pipeline.py for tasks to queue
[2025-10-10T09:42:31.038+0000] {logging_mixin.py:188} INFO - [2025-10-10T09:42:31.037+0000] {dagbag.py:540} INFO - Filling up the DagBag from /opt/airflow/dags/environmental_data_pipeline.py
[2025-10-10T09:42:31.061+0000] {processor.py:840} INFO - DAG(s) 'environmental_data_pipeline' retrieved from /opt/airflow/dags/environmental_data_pipeline.py
[2025-10-10T09:42:31.145+0000] {logging_mixin.py:188} INFO - [2025-10-10T09:42:31.145+0000] {dag.py:3047} INFO - Sync 1 DAGs
[2025-10-10T09:42:31.187+0000] {logging_mixin.py:188} INFO - [2025-10-10T09:42:31.186+0000] {dag.py:3834} INFO - Setting next_dagrun for environmental_data_pipeline to 2025-10-10 09:00:00+00:00, run_after=2025-10-10 10:00:00+00:00
[2025-10-10T09:42:31.249+0000] {processor.py:183} INFO - Processing /opt/airflow/dags/environmental_data_pipeline.py took 0.224 seconds
[2025-10-10T09:43:01.897+0000] {processor.py:161} INFO - Started process (PID=877) to work on /opt/airflow/dags/environmental_data_pipeline.py
[2025-10-10T09:43:01.901+0000] {processor.py:830} INFO - Processing file /opt/airflow/dags/environmental_data_pipeline.py for tasks to queue
[2025-10-10T09:43:01.902+0000] {logging_mixin.py:188} INFO - [2025-10-10T09:43:01.902+0000] {dagbag.py:540} INFO - Filling up the DagBag from /opt/airflow/dags/environmental_data_pipeline.py
[2025-10-10T09:43:01.921+0000] {processor.py:840} INFO - DAG(s) 'environmental_data_pipeline' retrieved from /opt/airflow/dags/environmental_data_pipeline.py
[2025-10-10T09:42:59.447+0000] {logging_mixin.py:188} INFO - [2025-10-10T09:42:59.447+0000] {dag.py:3047} INFO - Sync 1 DAGs
[2025-10-10T09:42:59.494+0000] {logging_mixin.py:188} INFO - [2025-10-10T09:42:59.493+0000] {dag.py:3834} INFO - Setting next_dagrun for environmental_data_pipeline to 2025-10-10 09:00:00+00:00, run_after=2025-10-10 10:00:00+00:00
[2025-10-10T09:42:59.530+0000] {processor.py:183} INFO - Processing /opt/airflow/dags/environmental_data_pipeline.py took 0.153 seconds
[2025-10-10T09:43:29.750+0000] {processor.py:161} INFO - Started process (PID=882) to work on /opt/airflow/dags/environmental_data_pipeline.py
[2025-10-10T09:43:29.753+0000] {processor.py:830} INFO - Processing file /opt/airflow/dags/environmental_data_pipeline.py for tasks to queue
[2025-10-10T09:43:29.755+0000] {logging_mixin.py:188} INFO - [2025-10-10T09:43:29.755+0000] {dagbag.py:540} INFO - Filling up the DagBag from /opt/airflow/dags/environmental_data_pipeline.py
[2025-10-10T09:43:29.816+0000] {processor.py:840} INFO - DAG(s) 'environmental_data_pipeline' retrieved from /opt/airflow/dags/environmental_data_pipeline.py
[2025-10-10T09:43:30.035+0000] {logging_mixin.py:188} INFO - [2025-10-10T09:43:30.028+0000] {dag.py:3047} INFO - Sync 1 DAGs
[2025-10-10T09:43:30.095+0000] {logging_mixin.py:188} INFO - [2025-10-10T09:43:30.095+0000] {dag.py:3834} INFO - Setting next_dagrun for environmental_data_pipeline to 2025-10-10 09:00:00+00:00, run_after=2025-10-10 10:00:00+00:00
[2025-10-10T09:43:30.185+0000] {processor.py:183} INFO - Processing /opt/airflow/dags/environmental_data_pipeline.py took 0.451 seconds
[2025-10-10T09:44:00.580+0000] {processor.py:161} INFO - Started process (PID=887) to work on /opt/airflow/dags/environmental_data_pipeline.py
[2025-10-10T09:44:00.584+0000] {processor.py:830} INFO - Processing file /opt/airflow/dags/environmental_data_pipeline.py for tasks to queue
[2025-10-10T09:44:00.585+0000] {logging_mixin.py:188} INFO - [2025-10-10T09:44:00.585+0000] {dagbag.py:540} INFO - Filling up the DagBag from /opt/airflow/dags/environmental_data_pipeline.py
[2025-10-10T09:44:00.614+0000] {processor.py:840} INFO - DAG(s) 'environmental_data_pipeline' retrieved from /opt/airflow/dags/environmental_data_pipeline.py
[2025-10-10T09:44:00.677+0000] {logging_mixin.py:188} INFO - [2025-10-10T09:44:00.677+0000] {dag.py:3047} INFO - Sync 1 DAGs
[2025-10-10T09:44:00.732+0000] {logging_mixin.py:188} INFO - [2025-10-10T09:44:00.731+0000] {dag.py:3834} INFO - Setting next_dagrun for environmental_data_pipeline to 2025-10-10 09:00:00+00:00, run_after=2025-10-10 10:00:00+00:00
[2025-10-10T09:44:00.849+0000] {processor.py:183} INFO - Processing /opt/airflow/dags/environmental_data_pipeline.py took 0.276 seconds
[2025-10-10T09:44:29.057+0000] {processor.py:161} INFO - Started process (PID=892) to work on /opt/airflow/dags/environmental_data_pipeline.py
[2025-10-10T09:44:29.073+0000] {processor.py:830} INFO - Processing file /opt/airflow/dags/environmental_data_pipeline.py for tasks to queue
[2025-10-10T09:44:29.086+0000] {logging_mixin.py:188} INFO - [2025-10-10T09:44:29.085+0000] {dagbag.py:540} INFO - Filling up the DagBag from /opt/airflow/dags/environmental_data_pipeline.py
[2025-10-10T09:44:29.141+0000] {processor.py:840} INFO - DAG(s) 'environmental_data_pipeline' retrieved from /opt/airflow/dags/environmental_data_pipeline.py
[2025-10-10T09:44:29.235+0000] {logging_mixin.py:188} INFO - [2025-10-10T09:44:29.234+0000] {dag.py:3047} INFO - Sync 1 DAGs
[2025-10-10T09:44:29.316+0000] {logging_mixin.py:188} INFO - [2025-10-10T09:44:29.314+0000] {dag.py:3834} INFO - Setting next_dagrun for environmental_data_pipeline to 2025-10-10 09:00:00+00:00, run_after=2025-10-10 10:00:00+00:00
[2025-10-10T09:44:29.709+0000] {processor.py:183} INFO - Processing /opt/airflow/dags/environmental_data_pipeline.py took 0.691 seconds
[2025-10-10T09:44:59.972+0000] {processor.py:161} INFO - Started process (PID=897) to work on /opt/airflow/dags/environmental_data_pipeline.py
[2025-10-10T09:44:59.974+0000] {processor.py:830} INFO - Processing file /opt/airflow/dags/environmental_data_pipeline.py for tasks to queue
[2025-10-10T09:44:59.975+0000] {logging_mixin.py:188} INFO - [2025-10-10T09:44:59.974+0000] {dagbag.py:540} INFO - Filling up the DagBag from /opt/airflow/dags/environmental_data_pipeline.py
[2025-10-10T09:45:00.138+0000] {processor.py:840} INFO - DAG(s) 'environmental_data_pipeline' retrieved from /opt/airflow/dags/environmental_data_pipeline.py
[2025-10-10T09:45:00.202+0000] {logging_mixin.py:188} INFO - [2025-10-10T09:45:00.202+0000] {dag.py:3047} INFO - Sync 1 DAGs
[2025-10-10T09:45:00.246+0000] {logging_mixin.py:188} INFO - [2025-10-10T09:45:00.246+0000] {dag.py:3834} INFO - Setting next_dagrun for environmental_data_pipeline to 2025-10-10 09:00:00+00:00, run_after=2025-10-10 10:00:00+00:00
[2025-10-10T09:45:00.327+0000] {processor.py:183} INFO - Processing /opt/airflow/dags/environmental_data_pipeline.py took 0.361 seconds
[2025-10-10T09:45:30.785+0000] {processor.py:161} INFO - Started process (PID=902) to work on /opt/airflow/dags/environmental_data_pipeline.py
[2025-10-10T09:45:30.792+0000] {processor.py:830} INFO - Processing file /opt/airflow/dags/environmental_data_pipeline.py for tasks to queue
[2025-10-10T09:45:30.794+0000] {logging_mixin.py:188} INFO - [2025-10-10T09:45:30.793+0000] {dagbag.py:540} INFO - Filling up the DagBag from /opt/airflow/dags/environmental_data_pipeline.py
[2025-10-10T09:45:30.835+0000] {processor.py:840} INFO - DAG(s) 'environmental_data_pipeline' retrieved from /opt/airflow/dags/environmental_data_pipeline.py
[2025-10-10T09:45:30.923+0000] {logging_mixin.py:188} INFO - [2025-10-10T09:45:30.922+0000] {dag.py:3047} INFO - Sync 1 DAGs
[2025-10-10T09:45:31.012+0000] {logging_mixin.py:188} INFO - [2025-10-10T09:45:31.012+0000] {dag.py:3834} INFO - Setting next_dagrun for environmental_data_pipeline to 2025-10-10 09:00:00+00:00, run_after=2025-10-10 10:00:00+00:00
[2025-10-10T09:45:28.627+0000] {processor.py:183} INFO - Processing /opt/airflow/dags/environmental_data_pipeline.py took 0.299 seconds
[2025-10-10T09:45:58.995+0000] {processor.py:161} INFO - Started process (PID=907) to work on /opt/airflow/dags/environmental_data_pipeline.py
[2025-10-10T09:45:58.997+0000] {processor.py:830} INFO - Processing file /opt/airflow/dags/environmental_data_pipeline.py for tasks to queue
[2025-10-10T09:45:58.998+0000] {logging_mixin.py:188} INFO - [2025-10-10T09:45:58.997+0000] {dagbag.py:540} INFO - Filling up the DagBag from /opt/airflow/dags/environmental_data_pipeline.py
[2025-10-10T09:45:59.016+0000] {processor.py:840} INFO - DAG(s) 'environmental_data_pipeline' retrieved from /opt/airflow/dags/environmental_data_pipeline.py
[2025-10-10T09:45:59.066+0000] {logging_mixin.py:188} INFO - [2025-10-10T09:45:59.066+0000] {dag.py:3047} INFO - Sync 1 DAGs
[2025-10-10T09:45:59.110+0000] {logging_mixin.py:188} INFO - [2025-10-10T09:45:59.109+0000] {dag.py:3834} INFO - Setting next_dagrun for environmental_data_pipeline to 2025-10-10 09:00:00+00:00, run_after=2025-10-10 10:00:00+00:00
[2025-10-10T09:45:59.135+0000] {processor.py:183} INFO - Processing /opt/airflow/dags/environmental_data_pipeline.py took 0.145 seconds
[2025-10-10T09:46:29.876+0000] {processor.py:161} INFO - Started process (PID=912) to work on /opt/airflow/dags/environmental_data_pipeline.py
[2025-10-10T09:46:29.880+0000] {processor.py:830} INFO - Processing file /opt/airflow/dags/environmental_data_pipeline.py for tasks to queue
[2025-10-10T09:46:29.884+0000] {logging_mixin.py:188} INFO - [2025-10-10T09:46:29.884+0000] {dagbag.py:540} INFO - Filling up the DagBag from /opt/airflow/dags/environmental_data_pipeline.py
[2025-10-10T09:46:29.904+0000] {processor.py:840} INFO - DAG(s) 'environmental_data_pipeline' retrieved from /opt/airflow/dags/environmental_data_pipeline.py
[2025-10-10T09:46:30.016+0000] {logging_mixin.py:188} INFO - [2025-10-10T09:46:30.015+0000] {dag.py:3047} INFO - Sync 1 DAGs
[2025-10-10T09:46:30.079+0000] {logging_mixin.py:188} INFO - [2025-10-10T09:46:30.079+0000] {dag.py:3834} INFO - Setting next_dagrun for environmental_data_pipeline to 2025-10-10 09:00:00+00:00, run_after=2025-10-10 10:00:00+00:00
[2025-10-10T09:46:30.114+0000] {processor.py:183} INFO - Processing /opt/airflow/dags/environmental_data_pipeline.py took 0.245 seconds
[2025-10-10T09:47:00.379+0000] {processor.py:161} INFO - Started process (PID=917) to work on /opt/airflow/dags/environmental_data_pipeline.py
[2025-10-10T09:47:00.381+0000] {processor.py:830} INFO - Processing file /opt/airflow/dags/environmental_data_pipeline.py for tasks to queue
[2025-10-10T09:47:00.382+0000] {logging_mixin.py:188} INFO - [2025-10-10T09:47:00.381+0000] {dagbag.py:540} INFO - Filling up the DagBag from /opt/airflow/dags/environmental_data_pipeline.py
[2025-10-10T09:47:00.397+0000] {processor.py:840} INFO - DAG(s) 'environmental_data_pipeline' retrieved from /opt/airflow/dags/environmental_data_pipeline.py
[2025-10-10T09:47:00.601+0000] {logging_mixin.py:188} INFO - [2025-10-10T09:47:00.600+0000] {dag.py:3047} INFO - Sync 1 DAGs
[2025-10-10T09:47:00.661+0000] {logging_mixin.py:188} INFO - [2025-10-10T09:47:00.661+0000] {dag.py:3834} INFO - Setting next_dagrun for environmental_data_pipeline to 2025-10-10 09:00:00+00:00, run_after=2025-10-10 10:00:00+00:00
[2025-10-10T09:47:00.742+0000] {processor.py:183} INFO - Processing /opt/airflow/dags/environmental_data_pipeline.py took 0.368 seconds
[2025-10-10T09:47:31.271+0000] {processor.py:161} INFO - Started process (PID=922) to work on /opt/airflow/dags/environmental_data_pipeline.py
[2025-10-10T09:47:31.274+0000] {processor.py:830} INFO - Processing file /opt/airflow/dags/environmental_data_pipeline.py for tasks to queue
[2025-10-10T09:47:31.276+0000] {logging_mixin.py:188} INFO - [2025-10-10T09:47:31.275+0000] {dagbag.py:540} INFO - Filling up the DagBag from /opt/airflow/dags/environmental_data_pipeline.py
[2025-10-10T09:47:31.354+0000] {processor.py:840} INFO - DAG(s) 'environmental_data_pipeline' retrieved from /opt/airflow/dags/environmental_data_pipeline.py
[2025-10-10T09:47:31.537+0000] {logging_mixin.py:188} INFO - [2025-10-10T09:47:31.537+0000] {dag.py:3047} INFO - Sync 1 DAGs
[2025-10-10T09:47:31.643+0000] {logging_mixin.py:188} INFO - [2025-10-10T09:47:31.642+0000] {dag.py:3834} INFO - Setting next_dagrun for environmental_data_pipeline to 2025-10-10 09:00:00+00:00, run_after=2025-10-10 10:00:00+00:00
[2025-10-10T09:47:31.743+0000] {processor.py:183} INFO - Processing /opt/airflow/dags/environmental_data_pipeline.py took 0.502 seconds
[2025-10-10T09:48:02.318+0000] {processor.py:161} INFO - Started process (PID=927) to work on /opt/airflow/dags/environmental_data_pipeline.py
[2025-10-10T09:48:02.421+0000] {processor.py:830} INFO - Processing file /opt/airflow/dags/environmental_data_pipeline.py for tasks to queue
[2025-10-10T09:48:02.424+0000] {logging_mixin.py:188} INFO - [2025-10-10T09:48:02.423+0000] {dagbag.py:540} INFO - Filling up the DagBag from /opt/airflow/dags/environmental_data_pipeline.py
[2025-10-10T09:48:02.520+0000] {processor.py:840} INFO - DAG(s) 'environmental_data_pipeline' retrieved from /opt/airflow/dags/environmental_data_pipeline.py
[2025-10-10T09:48:02.691+0000] {logging_mixin.py:188} INFO - [2025-10-10T09:48:02.679+0000] {dag.py:3047} INFO - Sync 1 DAGs
[2025-10-10T09:48:02.823+0000] {logging_mixin.py:188} INFO - [2025-10-10T09:48:02.823+0000] {dag.py:3834} INFO - Setting next_dagrun for environmental_data_pipeline to 2025-10-10 09:00:00+00:00, run_after=2025-10-10 10:00:00+00:00
[2025-10-10T09:48:03.062+0000] {processor.py:183} INFO - Processing /opt/airflow/dags/environmental_data_pipeline.py took 0.762 seconds
[2025-10-10T09:48:33.416+0000] {processor.py:161} INFO - Started process (PID=932) to work on /opt/airflow/dags/environmental_data_pipeline.py
[2025-10-10T09:48:33.418+0000] {processor.py:830} INFO - Processing file /opt/airflow/dags/environmental_data_pipeline.py for tasks to queue
[2025-10-10T09:48:33.419+0000] {logging_mixin.py:188} INFO - [2025-10-10T09:48:33.419+0000] {dagbag.py:540} INFO - Filling up the DagBag from /opt/airflow/dags/environmental_data_pipeline.py
[2025-10-10T09:48:33.438+0000] {processor.py:840} INFO - DAG(s) 'environmental_data_pipeline' retrieved from /opt/airflow/dags/environmental_data_pipeline.py
[2025-10-10T09:48:33.483+0000] {logging_mixin.py:188} INFO - [2025-10-10T09:48:33.482+0000] {dag.py:3047} INFO - Sync 1 DAGs
[2025-10-10T09:48:33.527+0000] {logging_mixin.py:188} INFO - [2025-10-10T09:48:33.527+0000] {dag.py:3834} INFO - Setting next_dagrun for environmental_data_pipeline to 2025-10-10 09:00:00+00:00, run_after=2025-10-10 10:00:00+00:00
[2025-10-10T09:48:33.587+0000] {processor.py:183} INFO - Processing /opt/airflow/dags/environmental_data_pipeline.py took 0.176 seconds
[2025-10-10T09:49:04.229+0000] {processor.py:161} INFO - Started process (PID=937) to work on /opt/airflow/dags/environmental_data_pipeline.py
[2025-10-10T09:49:04.231+0000] {processor.py:830} INFO - Processing file /opt/airflow/dags/environmental_data_pipeline.py for tasks to queue
[2025-10-10T09:49:04.232+0000] {logging_mixin.py:188} INFO - [2025-10-10T09:49:04.231+0000] {dagbag.py:540} INFO - Filling up the DagBag from /opt/airflow/dags/environmental_data_pipeline.py
[2025-10-10T09:49:04.251+0000] {processor.py:840} INFO - DAG(s) 'environmental_data_pipeline' retrieved from /opt/airflow/dags/environmental_data_pipeline.py
[2025-10-10T09:49:04.290+0000] {logging_mixin.py:188} INFO - [2025-10-10T09:49:04.289+0000] {dag.py:3047} INFO - Sync 1 DAGs
[2025-10-10T09:49:04.387+0000] {logging_mixin.py:188} INFO - [2025-10-10T09:49:04.386+0000] {dag.py:3834} INFO - Setting next_dagrun for environmental_data_pipeline to 2025-10-10 09:00:00+00:00, run_after=2025-10-10 10:00:00+00:00
[2025-10-10T09:49:04.423+0000] {processor.py:183} INFO - Processing /opt/airflow/dags/environmental_data_pipeline.py took 0.199 seconds
[2025-10-10T09:49:35.141+0000] {processor.py:161} INFO - Started process (PID=942) to work on /opt/airflow/dags/environmental_data_pipeline.py
[2025-10-10T09:49:35.143+0000] {processor.py:830} INFO - Processing file /opt/airflow/dags/environmental_data_pipeline.py for tasks to queue
[2025-10-10T09:49:35.144+0000] {logging_mixin.py:188} INFO - [2025-10-10T09:49:35.143+0000] {dagbag.py:540} INFO - Filling up the DagBag from /opt/airflow/dags/environmental_data_pipeline.py
[2025-10-10T09:49:35.160+0000] {processor.py:840} INFO - DAG(s) 'environmental_data_pipeline' retrieved from /opt/airflow/dags/environmental_data_pipeline.py
[2025-10-10T09:49:35.321+0000] {logging_mixin.py:188} INFO - [2025-10-10T09:49:35.320+0000] {dag.py:3047} INFO - Sync 1 DAGs
[2025-10-10T09:49:35.373+0000] {logging_mixin.py:188} INFO - [2025-10-10T09:49:35.373+0000] {dag.py:3834} INFO - Setting next_dagrun for environmental_data_pipeline to 2025-10-10 09:00:00+00:00, run_after=2025-10-10 10:00:00+00:00
[2025-10-10T09:49:35.414+0000] {processor.py:183} INFO - Processing /opt/airflow/dags/environmental_data_pipeline.py took 0.277 seconds
[2025-10-10T09:50:05.903+0000] {processor.py:161} INFO - Started process (PID=947) to work on /opt/airflow/dags/environmental_data_pipeline.py
[2025-10-10T09:50:05.931+0000] {processor.py:830} INFO - Processing file /opt/airflow/dags/environmental_data_pipeline.py for tasks to queue
[2025-10-10T09:50:05.933+0000] {logging_mixin.py:188} INFO - [2025-10-10T09:50:05.933+0000] {dagbag.py:540} INFO - Filling up the DagBag from /opt/airflow/dags/environmental_data_pipeline.py
[2025-10-10T09:50:05.967+0000] {processor.py:840} INFO - DAG(s) 'environmental_data_pipeline' retrieved from /opt/airflow/dags/environmental_data_pipeline.py
[2025-10-10T09:50:06.074+0000] {logging_mixin.py:188} INFO - [2025-10-10T09:50:06.073+0000] {dag.py:3047} INFO - Sync 1 DAGs
[2025-10-10T09:50:06.151+0000] {logging_mixin.py:188} INFO - [2025-10-10T09:50:06.151+0000] {dag.py:3834} INFO - Setting next_dagrun for environmental_data_pipeline to 2025-10-10 09:00:00+00:00, run_after=2025-10-10 10:00:00+00:00
[2025-10-10T09:50:06.191+0000] {processor.py:183} INFO - Processing /opt/airflow/dags/environmental_data_pipeline.py took 0.304 seconds
[2025-10-10T09:50:36.879+0000] {processor.py:161} INFO - Started process (PID=952) to work on /opt/airflow/dags/environmental_data_pipeline.py
[2025-10-10T09:50:36.886+0000] {processor.py:830} INFO - Processing file /opt/airflow/dags/environmental_data_pipeline.py for tasks to queue
[2025-10-10T09:50:36.888+0000] {logging_mixin.py:188} INFO - [2025-10-10T09:50:36.887+0000] {dagbag.py:540} INFO - Filling up the DagBag from /opt/airflow/dags/environmental_data_pipeline.py
[2025-10-10T09:50:36.920+0000] {processor.py:840} INFO - DAG(s) 'environmental_data_pipeline' retrieved from /opt/airflow/dags/environmental_data_pipeline.py
[2025-10-10T09:50:36.973+0000] {logging_mixin.py:188} INFO - [2025-10-10T09:50:36.973+0000] {dag.py:3047} INFO - Sync 1 DAGs
[2025-10-10T09:50:37.010+0000] {logging_mixin.py:188} INFO - [2025-10-10T09:50:37.009+0000] {dag.py:3834} INFO - Setting next_dagrun for environmental_data_pipeline to 2025-10-10 09:00:00+00:00, run_after=2025-10-10 10:00:00+00:00
[2025-10-10T09:50:37.082+0000] {processor.py:183} INFO - Processing /opt/airflow/dags/environmental_data_pipeline.py took 0.220 seconds
[2025-10-10T09:51:07.606+0000] {processor.py:161} INFO - Started process (PID=957) to work on /opt/airflow/dags/environmental_data_pipeline.py
[2025-10-10T09:51:07.610+0000] {processor.py:830} INFO - Processing file /opt/airflow/dags/environmental_data_pipeline.py for tasks to queue
[2025-10-10T09:51:07.615+0000] {logging_mixin.py:188} INFO - [2025-10-10T09:51:07.615+0000] {dagbag.py:540} INFO - Filling up the DagBag from /opt/airflow/dags/environmental_data_pipeline.py
[2025-10-10T09:51:07.649+0000] {processor.py:840} INFO - DAG(s) 'environmental_data_pipeline' retrieved from /opt/airflow/dags/environmental_data_pipeline.py
[2025-10-10T09:51:07.724+0000] {logging_mixin.py:188} INFO - [2025-10-10T09:51:07.723+0000] {dag.py:3047} INFO - Sync 1 DAGs
[2025-10-10T09:51:07.804+0000] {logging_mixin.py:188} INFO - [2025-10-10T09:51:07.804+0000] {dag.py:3834} INFO - Setting next_dagrun for environmental_data_pipeline to 2025-10-10 09:00:00+00:00, run_after=2025-10-10 10:00:00+00:00
[2025-10-10T09:51:07.850+0000] {processor.py:183} INFO - Processing /opt/airflow/dags/environmental_data_pipeline.py took 0.250 seconds
[2025-10-10T09:51:38.402+0000] {processor.py:161} INFO - Started process (PID=962) to work on /opt/airflow/dags/environmental_data_pipeline.py
[2025-10-10T09:51:38.404+0000] {processor.py:830} INFO - Processing file /opt/airflow/dags/environmental_data_pipeline.py for tasks to queue
[2025-10-10T09:51:38.405+0000] {logging_mixin.py:188} INFO - [2025-10-10T09:51:38.405+0000] {dagbag.py:540} INFO - Filling up the DagBag from /opt/airflow/dags/environmental_data_pipeline.py
[2025-10-10T09:51:38.429+0000] {processor.py:840} INFO - DAG(s) 'environmental_data_pipeline' retrieved from /opt/airflow/dags/environmental_data_pipeline.py
[2025-10-10T09:51:38.469+0000] {logging_mixin.py:188} INFO - [2025-10-10T09:51:38.469+0000] {dag.py:3047} INFO - Sync 1 DAGs
[2025-10-10T09:51:38.503+0000] {logging_mixin.py:188} INFO - [2025-10-10T09:51:38.502+0000] {dag.py:3834} INFO - Setting next_dagrun for environmental_data_pipeline to 2025-10-10 09:00:00+00:00, run_after=2025-10-10 10:00:00+00:00
[2025-10-10T09:51:38.539+0000] {processor.py:183} INFO - Processing /opt/airflow/dags/environmental_data_pipeline.py took 0.142 seconds
[2025-10-10T09:52:09.262+0000] {processor.py:161} INFO - Started process (PID=967) to work on /opt/airflow/dags/environmental_data_pipeline.py
[2025-10-10T09:52:09.264+0000] {processor.py:830} INFO - Processing file /opt/airflow/dags/environmental_data_pipeline.py for tasks to queue
[2025-10-10T09:52:09.265+0000] {logging_mixin.py:188} INFO - [2025-10-10T09:52:09.265+0000] {dagbag.py:540} INFO - Filling up the DagBag from /opt/airflow/dags/environmental_data_pipeline.py
[2025-10-10T09:52:09.284+0000] {processor.py:840} INFO - DAG(s) 'environmental_data_pipeline' retrieved from /opt/airflow/dags/environmental_data_pipeline.py
[2025-10-10T09:52:09.323+0000] {logging_mixin.py:188} INFO - [2025-10-10T09:52:09.322+0000] {dag.py:3047} INFO - Sync 1 DAGs
[2025-10-10T09:52:09.357+0000] {logging_mixin.py:188} INFO - [2025-10-10T09:52:09.357+0000] {dag.py:3834} INFO - Setting next_dagrun for environmental_data_pipeline to 2025-10-10 09:00:00+00:00, run_after=2025-10-10 10:00:00+00:00
[2025-10-10T09:52:09.382+0000] {processor.py:183} INFO - Processing /opt/airflow/dags/environmental_data_pipeline.py took 0.124 seconds
[2025-10-10T09:52:40.038+0000] {processor.py:161} INFO - Started process (PID=972) to work on /opt/airflow/dags/environmental_data_pipeline.py
[2025-10-10T09:52:40.040+0000] {processor.py:830} INFO - Processing file /opt/airflow/dags/environmental_data_pipeline.py for tasks to queue
[2025-10-10T09:52:40.040+0000] {logging_mixin.py:188} INFO - [2025-10-10T09:52:40.040+0000] {dagbag.py:540} INFO - Filling up the DagBag from /opt/airflow/dags/environmental_data_pipeline.py
[2025-10-10T09:52:40.060+0000] {processor.py:840} INFO - DAG(s) 'environmental_data_pipeline' retrieved from /opt/airflow/dags/environmental_data_pipeline.py
[2025-10-10T09:52:40.109+0000] {logging_mixin.py:188} INFO - [2025-10-10T09:52:40.108+0000] {dag.py:3047} INFO - Sync 1 DAGs
[2025-10-10T09:52:40.147+0000] {logging_mixin.py:188} INFO - [2025-10-10T09:52:40.147+0000] {dag.py:3834} INFO - Setting next_dagrun for environmental_data_pipeline to 2025-10-10 09:00:00+00:00, run_after=2025-10-10 10:00:00+00:00
[2025-10-10T09:52:40.181+0000] {processor.py:183} INFO - Processing /opt/airflow/dags/environmental_data_pipeline.py took 0.149 seconds
[2025-10-10T09:53:10.872+0000] {processor.py:161} INFO - Started process (PID=977) to work on /opt/airflow/dags/environmental_data_pipeline.py
[2025-10-10T09:53:10.873+0000] {processor.py:830} INFO - Processing file /opt/airflow/dags/environmental_data_pipeline.py for tasks to queue
[2025-10-10T09:53:10.875+0000] {logging_mixin.py:188} INFO - [2025-10-10T09:53:10.874+0000] {dagbag.py:540} INFO - Filling up the DagBag from /opt/airflow/dags/environmental_data_pipeline.py
[2025-10-10T09:53:10.908+0000] {processor.py:840} INFO - DAG(s) 'environmental_data_pipeline' retrieved from /opt/airflow/dags/environmental_data_pipeline.py
[2025-10-10T09:53:10.984+0000] {logging_mixin.py:188} INFO - [2025-10-10T09:53:10.984+0000] {dag.py:3047} INFO - Sync 1 DAGs
[2025-10-10T09:53:11.035+0000] {logging_mixin.py:188} INFO - [2025-10-10T09:53:11.035+0000] {dag.py:3834} INFO - Setting next_dagrun for environmental_data_pipeline to 2025-10-10 09:00:00+00:00, run_after=2025-10-10 10:00:00+00:00
[2025-10-10T09:53:11.101+0000] {processor.py:183} INFO - Processing /opt/airflow/dags/environmental_data_pipeline.py took 0.236 seconds
[2025-10-10T09:53:41.702+0000] {processor.py:161} INFO - Started process (PID=982) to work on /opt/airflow/dags/environmental_data_pipeline.py
[2025-10-10T09:53:41.705+0000] {processor.py:830} INFO - Processing file /opt/airflow/dags/environmental_data_pipeline.py for tasks to queue
[2025-10-10T09:53:41.711+0000] {logging_mixin.py:188} INFO - [2025-10-10T09:53:41.710+0000] {dagbag.py:540} INFO - Filling up the DagBag from /opt/airflow/dags/environmental_data_pipeline.py
[2025-10-10T09:53:41.734+0000] {processor.py:840} INFO - DAG(s) 'environmental_data_pipeline' retrieved from /opt/airflow/dags/environmental_data_pipeline.py
[2025-10-10T09:53:41.822+0000] {logging_mixin.py:188} INFO - [2025-10-10T09:53:41.821+0000] {dag.py:3047} INFO - Sync 1 DAGs
[2025-10-10T09:53:41.912+0000] {logging_mixin.py:188} INFO - [2025-10-10T09:53:41.911+0000] {dag.py:3834} INFO - Setting next_dagrun for environmental_data_pipeline to 2025-10-10 09:00:00+00:00, run_after=2025-10-10 10:00:00+00:00
[2025-10-10T09:53:41.975+0000] {processor.py:183} INFO - Processing /opt/airflow/dags/environmental_data_pipeline.py took 0.330 seconds
[2025-10-10T09:54:12.478+0000] {processor.py:161} INFO - Started process (PID=987) to work on /opt/airflow/dags/environmental_data_pipeline.py
[2025-10-10T09:54:12.480+0000] {processor.py:830} INFO - Processing file /opt/airflow/dags/environmental_data_pipeline.py for tasks to queue
[2025-10-10T09:54:12.481+0000] {logging_mixin.py:188} INFO - [2025-10-10T09:54:12.481+0000] {dagbag.py:540} INFO - Filling up the DagBag from /opt/airflow/dags/environmental_data_pipeline.py
[2025-10-10T09:54:12.495+0000] {processor.py:840} INFO - DAG(s) 'environmental_data_pipeline' retrieved from /opt/airflow/dags/environmental_data_pipeline.py
[2025-10-10T09:54:12.579+0000] {logging_mixin.py:188} INFO - [2025-10-10T09:54:12.578+0000] {dag.py:3047} INFO - Sync 1 DAGs
[2025-10-10T09:54:12.678+0000] {logging_mixin.py:188} INFO - [2025-10-10T09:54:12.677+0000] {dag.py:3834} INFO - Setting next_dagrun for environmental_data_pipeline to 2025-10-10 09:00:00+00:00, run_after=2025-10-10 10:00:00+00:00
[2025-10-10T09:54:12.793+0000] {processor.py:183} INFO - Processing /opt/airflow/dags/environmental_data_pipeline.py took 0.319 seconds
[2025-10-10T09:54:43.333+0000] {processor.py:161} INFO - Started process (PID=992) to work on /opt/airflow/dags/environmental_data_pipeline.py
[2025-10-10T09:54:43.334+0000] {processor.py:830} INFO - Processing file /opt/airflow/dags/environmental_data_pipeline.py for tasks to queue
[2025-10-10T09:54:43.335+0000] {logging_mixin.py:188} INFO - [2025-10-10T09:54:43.335+0000] {dagbag.py:540} INFO - Filling up the DagBag from /opt/airflow/dags/environmental_data_pipeline.py
[2025-10-10T09:54:43.348+0000] {processor.py:840} INFO - DAG(s) 'environmental_data_pipeline' retrieved from /opt/airflow/dags/environmental_data_pipeline.py
[2025-10-10T09:54:43.395+0000] {logging_mixin.py:188} INFO - [2025-10-10T09:54:43.395+0000] {dag.py:3047} INFO - Sync 1 DAGs
[2025-10-10T09:54:43.437+0000] {logging_mixin.py:188} INFO - [2025-10-10T09:54:43.436+0000] {dag.py:3834} INFO - Setting next_dagrun for environmental_data_pipeline to 2025-10-10 09:00:00+00:00, run_after=2025-10-10 10:00:00+00:00
[2025-10-10T09:54:43.468+0000] {processor.py:183} INFO - Processing /opt/airflow/dags/environmental_data_pipeline.py took 0.141 seconds
[2025-10-10T09:55:14.143+0000] {processor.py:161} INFO - Started process (PID=997) to work on /opt/airflow/dags/environmental_data_pipeline.py
[2025-10-10T09:55:14.153+0000] {processor.py:830} INFO - Processing file /opt/airflow/dags/environmental_data_pipeline.py for tasks to queue
[2025-10-10T09:55:14.155+0000] {logging_mixin.py:188} INFO - [2025-10-10T09:55:14.154+0000] {dagbag.py:540} INFO - Filling up the DagBag from /opt/airflow/dags/environmental_data_pipeline.py
[2025-10-10T09:55:14.198+0000] {processor.py:840} INFO - DAG(s) 'environmental_data_pipeline' retrieved from /opt/airflow/dags/environmental_data_pipeline.py
[2025-10-10T09:55:14.261+0000] {logging_mixin.py:188} INFO - [2025-10-10T09:55:14.261+0000] {dag.py:3047} INFO - Sync 1 DAGs
[2025-10-10T09:55:14.307+0000] {logging_mixin.py:188} INFO - [2025-10-10T09:55:14.306+0000] {dag.py:3834} INFO - Setting next_dagrun for environmental_data_pipeline to 2025-10-10 09:00:00+00:00, run_after=2025-10-10 10:00:00+00:00
[2025-10-10T09:55:14.348+0000] {processor.py:183} INFO - Processing /opt/airflow/dags/environmental_data_pipeline.py took 0.216 seconds
[2025-10-10T09:55:44.919+0000] {processor.py:161} INFO - Started process (PID=1002) to work on /opt/airflow/dags/environmental_data_pipeline.py
[2025-10-10T09:55:44.920+0000] {processor.py:830} INFO - Processing file /opt/airflow/dags/environmental_data_pipeline.py for tasks to queue
[2025-10-10T09:55:44.922+0000] {logging_mixin.py:188} INFO - [2025-10-10T09:55:44.921+0000] {dagbag.py:540} INFO - Filling up the DagBag from /opt/airflow/dags/environmental_data_pipeline.py
[2025-10-10T09:55:44.935+0000] {processor.py:840} INFO - DAG(s) 'environmental_data_pipeline' retrieved from /opt/airflow/dags/environmental_data_pipeline.py
[2025-10-10T09:55:45.001+0000] {logging_mixin.py:188} INFO - [2025-10-10T09:55:45.000+0000] {dag.py:3047} INFO - Sync 1 DAGs
[2025-10-10T09:55:45.043+0000] {logging_mixin.py:188} INFO - [2025-10-10T09:55:45.043+0000] {dag.py:3834} INFO - Setting next_dagrun for environmental_data_pipeline to 2025-10-10 09:00:00+00:00, run_after=2025-10-10 10:00:00+00:00
[2025-10-10T09:55:45.135+0000] {processor.py:183} INFO - Processing /opt/airflow/dags/environmental_data_pipeline.py took 0.220 seconds
[2025-10-10T09:56:15.733+0000] {processor.py:161} INFO - Started process (PID=1007) to work on /opt/airflow/dags/environmental_data_pipeline.py
[2025-10-10T09:56:15.736+0000] {processor.py:830} INFO - Processing file /opt/airflow/dags/environmental_data_pipeline.py for tasks to queue
[2025-10-10T09:56:15.738+0000] {logging_mixin.py:188} INFO - [2025-10-10T09:56:15.737+0000] {dagbag.py:540} INFO - Filling up the DagBag from /opt/airflow/dags/environmental_data_pipeline.py
[2025-10-10T09:56:15.754+0000] {processor.py:840} INFO - DAG(s) 'environmental_data_pipeline' retrieved from /opt/airflow/dags/environmental_data_pipeline.py
[2025-10-10T09:56:15.796+0000] {logging_mixin.py:188} INFO - [2025-10-10T09:56:15.796+0000] {dag.py:3047} INFO - Sync 1 DAGs
[2025-10-10T09:56:15.849+0000] {logging_mixin.py:188} INFO - [2025-10-10T09:56:15.849+0000] {dag.py:3834} INFO - Setting next_dagrun for environmental_data_pipeline to 2025-10-10 09:00:00+00:00, run_after=2025-10-10 10:00:00+00:00
[2025-10-10T09:56:15.894+0000] {processor.py:183} INFO - Processing /opt/airflow/dags/environmental_data_pipeline.py took 0.167 seconds
[2025-10-10T09:56:46.546+0000] {processor.py:161} INFO - Started process (PID=1012) to work on /opt/airflow/dags/environmental_data_pipeline.py
[2025-10-10T09:56:46.548+0000] {processor.py:830} INFO - Processing file /opt/airflow/dags/environmental_data_pipeline.py for tasks to queue
[2025-10-10T09:56:46.550+0000] {logging_mixin.py:188} INFO - [2025-10-10T09:56:46.549+0000] {dagbag.py:540} INFO - Filling up the DagBag from /opt/airflow/dags/environmental_data_pipeline.py
[2025-10-10T09:56:46.571+0000] {processor.py:840} INFO - DAG(s) 'environmental_data_pipeline' retrieved from /opt/airflow/dags/environmental_data_pipeline.py
[2025-10-10T09:56:46.781+0000] {logging_mixin.py:188} INFO - [2025-10-10T09:56:46.780+0000] {dag.py:3047} INFO - Sync 1 DAGs
[2025-10-10T09:56:46.826+0000] {logging_mixin.py:188} INFO - [2025-10-10T09:56:46.825+0000] {dag.py:3834} INFO - Setting next_dagrun for environmental_data_pipeline to 2025-10-10 09:00:00+00:00, run_after=2025-10-10 10:00:00+00:00
[2025-10-10T09:56:46.853+0000] {processor.py:183} INFO - Processing /opt/airflow/dags/environmental_data_pipeline.py took 0.318 seconds
[2025-10-10T09:57:17.338+0000] {processor.py:161} INFO - Started process (PID=1017) to work on /opt/airflow/dags/environmental_data_pipeline.py
[2025-10-10T09:57:17.355+0000] {processor.py:830} INFO - Processing file /opt/airflow/dags/environmental_data_pipeline.py for tasks to queue
[2025-10-10T09:57:17.369+0000] {logging_mixin.py:188} INFO - [2025-10-10T09:57:17.368+0000] {dagbag.py:540} INFO - Filling up the DagBag from /opt/airflow/dags/environmental_data_pipeline.py
[2025-10-10T09:57:17.401+0000] {processor.py:840} INFO - DAG(s) 'environmental_data_pipeline' retrieved from /opt/airflow/dags/environmental_data_pipeline.py
[2025-10-10T09:57:17.481+0000] {logging_mixin.py:188} INFO - [2025-10-10T09:57:17.480+0000] {dag.py:3047} INFO - Sync 1 DAGs
[2025-10-10T09:57:17.527+0000] {logging_mixin.py:188} INFO - [2025-10-10T09:57:17.526+0000] {dag.py:3834} INFO - Setting next_dagrun for environmental_data_pipeline to 2025-10-10 09:00:00+00:00, run_after=2025-10-10 10:00:00+00:00
[2025-10-10T09:57:17.565+0000] {processor.py:183} INFO - Processing /opt/airflow/dags/environmental_data_pipeline.py took 0.233 seconds
[2025-10-10T09:57:48.092+0000] {processor.py:161} INFO - Started process (PID=1022) to work on /opt/airflow/dags/environmental_data_pipeline.py
[2025-10-10T09:57:48.097+0000] {processor.py:830} INFO - Processing file /opt/airflow/dags/environmental_data_pipeline.py for tasks to queue
[2025-10-10T09:57:48.099+0000] {logging_mixin.py:188} INFO - [2025-10-10T09:57:48.099+0000] {dagbag.py:540} INFO - Filling up the DagBag from /opt/airflow/dags/environmental_data_pipeline.py
[2025-10-10T09:57:48.124+0000] {processor.py:840} INFO - DAG(s) 'environmental_data_pipeline' retrieved from /opt/airflow/dags/environmental_data_pipeline.py
[2025-10-10T09:57:48.210+0000] {logging_mixin.py:188} INFO - [2025-10-10T09:57:48.209+0000] {dag.py:3047} INFO - Sync 1 DAGs
[2025-10-10T09:57:48.281+0000] {logging_mixin.py:188} INFO - [2025-10-10T09:57:48.280+0000] {dag.py:3834} INFO - Setting next_dagrun for environmental_data_pipeline to 2025-10-10 09:00:00+00:00, run_after=2025-10-10 10:00:00+00:00
[2025-10-10T09:57:48.333+0000] {processor.py:183} INFO - Processing /opt/airflow/dags/environmental_data_pipeline.py took 0.247 seconds
[2025-10-10T09:58:19.004+0000] {processor.py:161} INFO - Started process (PID=1027) to work on /opt/airflow/dags/environmental_data_pipeline.py
[2025-10-10T09:58:19.006+0000] {processor.py:830} INFO - Processing file /opt/airflow/dags/environmental_data_pipeline.py for tasks to queue
[2025-10-10T09:58:19.007+0000] {logging_mixin.py:188} INFO - [2025-10-10T09:58:19.007+0000] {dagbag.py:540} INFO - Filling up the DagBag from /opt/airflow/dags/environmental_data_pipeline.py
[2025-10-10T09:58:19.025+0000] {processor.py:840} INFO - DAG(s) 'environmental_data_pipeline' retrieved from /opt/airflow/dags/environmental_data_pipeline.py
[2025-10-10T09:58:19.073+0000] {logging_mixin.py:188} INFO - [2025-10-10T09:58:19.072+0000] {dag.py:3047} INFO - Sync 1 DAGs
[2025-10-10T09:58:19.133+0000] {logging_mixin.py:188} INFO - [2025-10-10T09:58:19.133+0000] {dag.py:3834} INFO - Setting next_dagrun for environmental_data_pipeline to 2025-10-10 09:00:00+00:00, run_after=2025-10-10 10:00:00+00:00
[2025-10-10T09:58:19.177+0000] {processor.py:183} INFO - Processing /opt/airflow/dags/environmental_data_pipeline.py took 0.179 seconds
[2025-10-10T09:58:49.756+0000] {processor.py:161} INFO - Started process (PID=1032) to work on /opt/airflow/dags/environmental_data_pipeline.py
[2025-10-10T09:58:49.758+0000] {processor.py:830} INFO - Processing file /opt/airflow/dags/environmental_data_pipeline.py for tasks to queue
[2025-10-10T09:58:49.760+0000] {logging_mixin.py:188} INFO - [2025-10-10T09:58:49.759+0000] {dagbag.py:540} INFO - Filling up the DagBag from /opt/airflow/dags/environmental_data_pipeline.py
[2025-10-10T09:58:49.782+0000] {processor.py:840} INFO - DAG(s) 'environmental_data_pipeline' retrieved from /opt/airflow/dags/environmental_data_pipeline.py
[2025-10-10T09:58:49.827+0000] {logging_mixin.py:188} INFO - [2025-10-10T09:58:49.823+0000] {dag.py:3047} INFO - Sync 1 DAGs
[2025-10-10T09:58:49.902+0000] {logging_mixin.py:188} INFO - [2025-10-10T09:58:49.899+0000] {dag.py:3834} INFO - Setting next_dagrun for environmental_data_pipeline to 2025-10-10 09:00:00+00:00, run_after=2025-10-10 10:00:00+00:00
[2025-10-10T09:58:49.953+0000] {processor.py:183} INFO - Processing /opt/airflow/dags/environmental_data_pipeline.py took 0.204 seconds
[2025-10-10T09:59:20.591+0000] {processor.py:161} INFO - Started process (PID=1037) to work on /opt/airflow/dags/environmental_data_pipeline.py
[2025-10-10T09:59:20.599+0000] {processor.py:830} INFO - Processing file /opt/airflow/dags/environmental_data_pipeline.py for tasks to queue
[2025-10-10T09:59:20.601+0000] {logging_mixin.py:188} INFO - [2025-10-10T09:59:20.600+0000] {dagbag.py:540} INFO - Filling up the DagBag from /opt/airflow/dags/environmental_data_pipeline.py
[2025-10-10T09:59:20.625+0000] {processor.py:840} INFO - DAG(s) 'environmental_data_pipeline' retrieved from /opt/airflow/dags/environmental_data_pipeline.py
[2025-10-10T09:59:20.686+0000] {logging_mixin.py:188} INFO - [2025-10-10T09:59:20.685+0000] {dag.py:3047} INFO - Sync 1 DAGs
[2025-10-10T09:59:20.740+0000] {logging_mixin.py:188} INFO - [2025-10-10T09:59:20.740+0000] {dag.py:3834} INFO - Setting next_dagrun for environmental_data_pipeline to 2025-10-10 09:00:00+00:00, run_after=2025-10-10 10:00:00+00:00
[2025-10-10T09:59:20.774+0000] {processor.py:183} INFO - Processing /opt/airflow/dags/environmental_data_pipeline.py took 0.189 seconds
[2025-10-10T09:59:51.423+0000] {processor.py:161} INFO - Started process (PID=1042) to work on /opt/airflow/dags/environmental_data_pipeline.py
[2025-10-10T09:59:51.438+0000] {processor.py:830} INFO - Processing file /opt/airflow/dags/environmental_data_pipeline.py for tasks to queue
[2025-10-10T09:59:51.439+0000] {logging_mixin.py:188} INFO - [2025-10-10T09:59:51.439+0000] {dagbag.py:540} INFO - Filling up the DagBag from /opt/airflow/dags/environmental_data_pipeline.py
[2025-10-10T09:59:51.455+0000] {processor.py:840} INFO - DAG(s) 'environmental_data_pipeline' retrieved from /opt/airflow/dags/environmental_data_pipeline.py
[2025-10-10T09:59:51.492+0000] {logging_mixin.py:188} INFO - [2025-10-10T09:59:51.492+0000] {dag.py:3047} INFO - Sync 1 DAGs
[2025-10-10T09:59:51.532+0000] {logging_mixin.py:188} INFO - [2025-10-10T09:59:51.531+0000] {dag.py:3834} INFO - Setting next_dagrun for environmental_data_pipeline to 2025-10-10 09:00:00+00:00, run_after=2025-10-10 10:00:00+00:00
[2025-10-10T09:59:51.570+0000] {processor.py:183} INFO - Processing /opt/airflow/dags/environmental_data_pipeline.py took 0.150 seconds
[2025-10-10T10:00:22.269+0000] {processor.py:161} INFO - Started process (PID=1053) to work on /opt/airflow/dags/environmental_data_pipeline.py
[2025-10-10T10:00:22.273+0000] {processor.py:830} INFO - Processing file /opt/airflow/dags/environmental_data_pipeline.py for tasks to queue
[2025-10-10T10:00:22.275+0000] {logging_mixin.py:188} INFO - [2025-10-10T10:00:22.274+0000] {dagbag.py:540} INFO - Filling up the DagBag from /opt/airflow/dags/environmental_data_pipeline.py
[2025-10-10T10:00:22.385+0000] {processor.py:840} INFO - DAG(s) 'environmental_data_pipeline' retrieved from /opt/airflow/dags/environmental_data_pipeline.py
[2025-10-10T10:00:22.467+0000] {logging_mixin.py:188} INFO - [2025-10-10T10:00:22.466+0000] {dag.py:3047} INFO - Sync 1 DAGs
[2025-10-10T10:00:22.545+0000] {logging_mixin.py:188} INFO - [2025-10-10T10:00:22.544+0000] {dag.py:3834} INFO - Setting next_dagrun for environmental_data_pipeline to 2025-10-10 10:00:00+00:00, run_after=2025-10-10 11:00:00+00:00
[2025-10-10T10:00:22.629+0000] {processor.py:183} INFO - Processing /opt/airflow/dags/environmental_data_pipeline.py took 0.367 seconds
[2025-10-10T10:00:53.033+0000] {processor.py:161} INFO - Started process (PID=1058) to work on /opt/airflow/dags/environmental_data_pipeline.py
[2025-10-10T10:00:53.035+0000] {processor.py:830} INFO - Processing file /opt/airflow/dags/environmental_data_pipeline.py for tasks to queue
[2025-10-10T10:00:53.037+0000] {logging_mixin.py:188} INFO - [2025-10-10T10:00:53.036+0000] {dagbag.py:540} INFO - Filling up the DagBag from /opt/airflow/dags/environmental_data_pipeline.py
[2025-10-10T10:00:53.059+0000] {processor.py:840} INFO - DAG(s) 'environmental_data_pipeline' retrieved from /opt/airflow/dags/environmental_data_pipeline.py
[2025-10-10T10:00:53.124+0000] {logging_mixin.py:188} INFO - [2025-10-10T10:00:53.123+0000] {dag.py:3047} INFO - Sync 1 DAGs
[2025-10-10T10:00:53.172+0000] {logging_mixin.py:188} INFO - [2025-10-10T10:00:53.172+0000] {dag.py:3834} INFO - Setting next_dagrun for environmental_data_pipeline to 2025-10-10 10:00:00+00:00, run_after=2025-10-10 11:00:00+00:00
[2025-10-10T10:00:53.202+0000] {processor.py:183} INFO - Processing /opt/airflow/dags/environmental_data_pipeline.py took 0.176 seconds
[2025-10-10T10:01:23.737+0000] {processor.py:161} INFO - Started process (PID=1063) to work on /opt/airflow/dags/environmental_data_pipeline.py
[2025-10-10T10:01:23.740+0000] {processor.py:830} INFO - Processing file /opt/airflow/dags/environmental_data_pipeline.py for tasks to queue
[2025-10-10T10:01:23.744+0000] {logging_mixin.py:188} INFO - [2025-10-10T10:01:23.743+0000] {dagbag.py:540} INFO - Filling up the DagBag from /opt/airflow/dags/environmental_data_pipeline.py
[2025-10-10T10:01:21.378+0000] {processor.py:840} INFO - DAG(s) 'environmental_data_pipeline' retrieved from /opt/airflow/dags/environmental_data_pipeline.py
[2025-10-10T10:01:21.448+0000] {logging_mixin.py:188} INFO - [2025-10-10T10:01:21.447+0000] {dag.py:3047} INFO - Sync 1 DAGs
[2025-10-10T10:01:21.524+0000] {logging_mixin.py:188} INFO - [2025-10-10T10:01:21.524+0000] {dag.py:3834} INFO - Setting next_dagrun for environmental_data_pipeline to 2025-10-10 10:00:00+00:00, run_after=2025-10-10 11:00:00+00:00
[2025-10-10T10:01:21.653+0000] {processor.py:183} INFO - Processing /opt/airflow/dags/environmental_data_pipeline.py took 0.319 seconds
[2025-10-10T10:01:51.873+0000] {processor.py:161} INFO - Started process (PID=1068) to work on /opt/airflow/dags/environmental_data_pipeline.py
[2025-10-10T10:01:51.876+0000] {processor.py:830} INFO - Processing file /opt/airflow/dags/environmental_data_pipeline.py for tasks to queue
[2025-10-10T10:01:51.878+0000] {logging_mixin.py:188} INFO - [2025-10-10T10:01:51.877+0000] {dagbag.py:540} INFO - Filling up the DagBag from /opt/airflow/dags/environmental_data_pipeline.py
[2025-10-10T10:01:51.902+0000] {processor.py:840} INFO - DAG(s) 'environmental_data_pipeline' retrieved from /opt/airflow/dags/environmental_data_pipeline.py
[2025-10-10T10:01:52.020+0000] {logging_mixin.py:188} INFO - [2025-10-10T10:01:52.020+0000] {dag.py:3047} INFO - Sync 1 DAGs
[2025-10-10T10:01:52.063+0000] {logging_mixin.py:188} INFO - [2025-10-10T10:01:52.063+0000] {dag.py:3834} INFO - Setting next_dagrun for environmental_data_pipeline to 2025-10-10 10:00:00+00:00, run_after=2025-10-10 11:00:00+00:00
[2025-10-10T10:01:52.095+0000] {processor.py:183} INFO - Processing /opt/airflow/dags/environmental_data_pipeline.py took 0.229 seconds
[2025-10-10T10:02:22.571+0000] {processor.py:161} INFO - Started process (PID=1073) to work on /opt/airflow/dags/environmental_data_pipeline.py
[2025-10-10T10:02:22.572+0000] {processor.py:830} INFO - Processing file /opt/airflow/dags/environmental_data_pipeline.py for tasks to queue
[2025-10-10T10:02:22.573+0000] {logging_mixin.py:188} INFO - [2025-10-10T10:02:22.572+0000] {dagbag.py:540} INFO - Filling up the DagBag from /opt/airflow/dags/environmental_data_pipeline.py
[2025-10-10T10:02:22.586+0000] {processor.py:840} INFO - DAG(s) 'environmental_data_pipeline' retrieved from /opt/airflow/dags/environmental_data_pipeline.py
[2025-10-10T10:02:22.621+0000] {logging_mixin.py:188} INFO - [2025-10-10T10:02:22.621+0000] {dag.py:3047} INFO - Sync 1 DAGs
[2025-10-10T10:02:22.642+0000] {logging_mixin.py:188} INFO - [2025-10-10T10:02:22.642+0000] {dag.py:3834} INFO - Setting next_dagrun for environmental_data_pipeline to 2025-10-10 10:00:00+00:00, run_after=2025-10-10 11:00:00+00:00
[2025-10-10T10:02:22.665+0000] {processor.py:183} INFO - Processing /opt/airflow/dags/environmental_data_pipeline.py took 0.099 seconds
[2025-10-10T10:02:52.856+0000] {processor.py:161} INFO - Started process (PID=1078) to work on /opt/airflow/dags/environmental_data_pipeline.py
[2025-10-10T10:02:52.859+0000] {processor.py:830} INFO - Processing file /opt/airflow/dags/environmental_data_pipeline.py for tasks to queue
[2025-10-10T10:02:52.860+0000] {logging_mixin.py:188} INFO - [2025-10-10T10:02:52.860+0000] {dagbag.py:540} INFO - Filling up the DagBag from /opt/airflow/dags/environmental_data_pipeline.py
[2025-10-10T10:02:52.875+0000] {processor.py:840} INFO - DAG(s) 'environmental_data_pipeline' retrieved from /opt/airflow/dags/environmental_data_pipeline.py
[2025-10-10T10:02:52.906+0000] {logging_mixin.py:188} INFO - [2025-10-10T10:02:52.906+0000] {dag.py:3047} INFO - Sync 1 DAGs
[2025-10-10T10:02:52.933+0000] {logging_mixin.py:188} INFO - [2025-10-10T10:02:52.933+0000] {dag.py:3834} INFO - Setting next_dagrun for environmental_data_pipeline to 2025-10-10 10:00:00+00:00, run_after=2025-10-10 11:00:00+00:00
[2025-10-10T10:02:52.959+0000] {processor.py:183} INFO - Processing /opt/airflow/dags/environmental_data_pipeline.py took 0.108 seconds
[2025-10-10T10:03:23.677+0000] {processor.py:161} INFO - Started process (PID=1083) to work on /opt/airflow/dags/environmental_data_pipeline.py
[2025-10-10T10:03:23.678+0000] {processor.py:830} INFO - Processing file /opt/airflow/dags/environmental_data_pipeline.py for tasks to queue
[2025-10-10T10:03:23.679+0000] {logging_mixin.py:188} INFO - [2025-10-10T10:03:23.679+0000] {dagbag.py:540} INFO - Filling up the DagBag from /opt/airflow/dags/environmental_data_pipeline.py
[2025-10-10T10:03:23.691+0000] {processor.py:840} INFO - DAG(s) 'environmental_data_pipeline' retrieved from /opt/airflow/dags/environmental_data_pipeline.py
[2025-10-10T10:03:23.718+0000] {logging_mixin.py:188} INFO - [2025-10-10T10:03:23.718+0000] {dag.py:3047} INFO - Sync 1 DAGs
[2025-10-10T10:03:23.744+0000] {logging_mixin.py:188} INFO - [2025-10-10T10:03:23.744+0000] {dag.py:3834} INFO - Setting next_dagrun for environmental_data_pipeline to 2025-10-10 10:00:00+00:00, run_after=2025-10-10 11:00:00+00:00
[2025-10-10T10:03:23.775+0000] {processor.py:183} INFO - Processing /opt/airflow/dags/environmental_data_pipeline.py took 0.101 seconds
[2025-10-10T10:03:54.352+0000] {processor.py:161} INFO - Started process (PID=1088) to work on /opt/airflow/dags/environmental_data_pipeline.py
[2025-10-10T10:03:54.354+0000] {processor.py:830} INFO - Processing file /opt/airflow/dags/environmental_data_pipeline.py for tasks to queue
[2025-10-10T10:03:54.355+0000] {logging_mixin.py:188} INFO - [2025-10-10T10:03:54.354+0000] {dagbag.py:540} INFO - Filling up the DagBag from /opt/airflow/dags/environmental_data_pipeline.py
[2025-10-10T10:03:54.367+0000] {processor.py:840} INFO - DAG(s) 'environmental_data_pipeline' retrieved from /opt/airflow/dags/environmental_data_pipeline.py
[2025-10-10T10:03:54.394+0000] {logging_mixin.py:188} INFO - [2025-10-10T10:03:54.393+0000] {dag.py:3047} INFO - Sync 1 DAGs
[2025-10-10T10:03:54.427+0000] {logging_mixin.py:188} INFO - [2025-10-10T10:03:54.426+0000] {dag.py:3834} INFO - Setting next_dagrun for environmental_data_pipeline to 2025-10-10 10:00:00+00:00, run_after=2025-10-10 11:00:00+00:00
[2025-10-10T10:03:54.456+0000] {processor.py:183} INFO - Processing /opt/airflow/dags/environmental_data_pipeline.py took 0.107 seconds
[2025-10-10T10:04:25.113+0000] {processor.py:161} INFO - Started process (PID=1093) to work on /opt/airflow/dags/environmental_data_pipeline.py
[2025-10-10T10:04:25.114+0000] {processor.py:830} INFO - Processing file /opt/airflow/dags/environmental_data_pipeline.py for tasks to queue
[2025-10-10T10:04:25.115+0000] {logging_mixin.py:188} INFO - [2025-10-10T10:04:25.115+0000] {dagbag.py:540} INFO - Filling up the DagBag from /opt/airflow/dags/environmental_data_pipeline.py
[2025-10-10T10:04:25.129+0000] {processor.py:840} INFO - DAG(s) 'environmental_data_pipeline' retrieved from /opt/airflow/dags/environmental_data_pipeline.py
[2025-10-10T10:04:25.160+0000] {logging_mixin.py:188} INFO - [2025-10-10T10:04:25.160+0000] {dag.py:3047} INFO - Sync 1 DAGs
[2025-10-10T10:04:25.186+0000] {logging_mixin.py:188} INFO - [2025-10-10T10:04:25.186+0000] {dag.py:3834} INFO - Setting next_dagrun for environmental_data_pipeline to 2025-10-10 10:00:00+00:00, run_after=2025-10-10 11:00:00+00:00
[2025-10-10T10:04:25.208+0000] {processor.py:183} INFO - Processing /opt/airflow/dags/environmental_data_pipeline.py took 0.101 seconds
[2025-10-10T10:04:55.850+0000] {processor.py:161} INFO - Started process (PID=1098) to work on /opt/airflow/dags/environmental_data_pipeline.py
[2025-10-10T10:04:55.858+0000] {processor.py:830} INFO - Processing file /opt/airflow/dags/environmental_data_pipeline.py for tasks to queue
[2025-10-10T10:04:55.860+0000] {logging_mixin.py:188} INFO - [2025-10-10T10:04:55.859+0000] {dagbag.py:540} INFO - Filling up the DagBag from /opt/airflow/dags/environmental_data_pipeline.py
[2025-10-10T10:04:55.883+0000] {processor.py:840} INFO - DAG(s) 'environmental_data_pipeline' retrieved from /opt/airflow/dags/environmental_data_pipeline.py
[2025-10-10T10:04:55.930+0000] {logging_mixin.py:188} INFO - [2025-10-10T10:04:55.930+0000] {dag.py:3047} INFO - Sync 1 DAGs
[2025-10-10T10:04:55.961+0000] {logging_mixin.py:188} INFO - [2025-10-10T10:04:55.960+0000] {dag.py:3834} INFO - Setting next_dagrun for environmental_data_pipeline to 2025-10-10 10:00:00+00:00, run_after=2025-10-10 11:00:00+00:00
[2025-10-10T10:04:56.003+0000] {processor.py:183} INFO - Processing /opt/airflow/dags/environmental_data_pipeline.py took 0.158 seconds
[2025-10-10T10:05:26.624+0000] {processor.py:161} INFO - Started process (PID=1103) to work on /opt/airflow/dags/environmental_data_pipeline.py
[2025-10-10T10:05:26.625+0000] {processor.py:830} INFO - Processing file /opt/airflow/dags/environmental_data_pipeline.py for tasks to queue
[2025-10-10T10:05:26.626+0000] {logging_mixin.py:188} INFO - [2025-10-10T10:05:26.626+0000] {dagbag.py:540} INFO - Filling up the DagBag from /opt/airflow/dags/environmental_data_pipeline.py
[2025-10-10T10:05:26.643+0000] {processor.py:840} INFO - DAG(s) 'environmental_data_pipeline' retrieved from /opt/airflow/dags/environmental_data_pipeline.py
[2025-10-10T10:05:26.685+0000] {logging_mixin.py:188} INFO - [2025-10-10T10:05:26.685+0000] {dag.py:3047} INFO - Sync 1 DAGs
[2025-10-10T10:05:26.815+0000] {logging_mixin.py:188} INFO - [2025-10-10T10:05:26.814+0000] {dag.py:3834} INFO - Setting next_dagrun for environmental_data_pipeline to 2025-10-10 10:00:00+00:00, run_after=2025-10-10 11:00:00+00:00
[2025-10-10T10:05:26.904+0000] {processor.py:183} INFO - Processing /opt/airflow/dags/environmental_data_pipeline.py took 0.284 seconds
[2025-10-10T10:05:57.338+0000] {processor.py:161} INFO - Started process (PID=1108) to work on /opt/airflow/dags/environmental_data_pipeline.py
[2025-10-10T10:05:57.339+0000] {processor.py:830} INFO - Processing file /opt/airflow/dags/environmental_data_pipeline.py for tasks to queue
[2025-10-10T10:05:57.340+0000] {logging_mixin.py:188} INFO - [2025-10-10T10:05:57.340+0000] {dagbag.py:540} INFO - Filling up the DagBag from /opt/airflow/dags/environmental_data_pipeline.py
[2025-10-10T10:05:57.352+0000] {processor.py:840} INFO - DAG(s) 'environmental_data_pipeline' retrieved from /opt/airflow/dags/environmental_data_pipeline.py
[2025-10-10T10:05:57.505+0000] {logging_mixin.py:188} INFO - [2025-10-10T10:05:57.505+0000] {dag.py:3047} INFO - Sync 1 DAGs
[2025-10-10T10:05:57.560+0000] {logging_mixin.py:188} INFO - [2025-10-10T10:05:57.560+0000] {dag.py:3834} INFO - Setting next_dagrun for environmental_data_pipeline to 2025-10-10 10:00:00+00:00, run_after=2025-10-10 11:00:00+00:00
[2025-10-10T10:05:57.614+0000] {processor.py:183} INFO - Processing /opt/airflow/dags/environmental_data_pipeline.py took 0.281 seconds
[2025-10-10T10:06:28.471+0000] {processor.py:161} INFO - Started process (PID=1113) to work on /opt/airflow/dags/environmental_data_pipeline.py
[2025-10-10T10:06:28.476+0000] {processor.py:830} INFO - Processing file /opt/airflow/dags/environmental_data_pipeline.py for tasks to queue
[2025-10-10T10:06:28.477+0000] {logging_mixin.py:188} INFO - [2025-10-10T10:06:28.477+0000] {dagbag.py:540} INFO - Filling up the DagBag from /opt/airflow/dags/environmental_data_pipeline.py
[2025-10-10T10:06:28.527+0000] {processor.py:840} INFO - DAG(s) 'environmental_data_pipeline' retrieved from /opt/airflow/dags/environmental_data_pipeline.py
[2025-10-10T10:06:28.691+0000] {logging_mixin.py:188} INFO - [2025-10-10T10:06:28.690+0000] {dag.py:3047} INFO - Sync 1 DAGs
[2025-10-10T10:06:28.909+0000] {logging_mixin.py:188} INFO - [2025-10-10T10:06:28.909+0000] {dag.py:3834} INFO - Setting next_dagrun for environmental_data_pipeline to 2025-10-10 10:00:00+00:00, run_after=2025-10-10 11:00:00+00:00
[2025-10-10T10:06:28.970+0000] {processor.py:183} INFO - Processing /opt/airflow/dags/environmental_data_pipeline.py took 0.505 seconds
[2025-10-10T10:06:59.269+0000] {processor.py:161} INFO - Started process (PID=1118) to work on /opt/airflow/dags/environmental_data_pipeline.py
[2025-10-10T10:06:59.280+0000] {processor.py:830} INFO - Processing file /opt/airflow/dags/environmental_data_pipeline.py for tasks to queue
[2025-10-10T10:06:59.294+0000] {logging_mixin.py:188} INFO - [2025-10-10T10:06:59.293+0000] {dagbag.py:540} INFO - Filling up the DagBag from /opt/airflow/dags/environmental_data_pipeline.py
[2025-10-10T10:06:59.350+0000] {processor.py:840} INFO - DAG(s) 'environmental_data_pipeline' retrieved from /opt/airflow/dags/environmental_data_pipeline.py
[2025-10-10T10:06:59.486+0000] {logging_mixin.py:188} INFO - [2025-10-10T10:06:59.485+0000] {dag.py:3047} INFO - Sync 1 DAGs
[2025-10-10T10:06:59.598+0000] {logging_mixin.py:188} INFO - [2025-10-10T10:06:59.598+0000] {dag.py:3834} INFO - Setting next_dagrun for environmental_data_pipeline to 2025-10-10 10:00:00+00:00, run_after=2025-10-10 11:00:00+00:00
[2025-10-10T10:06:59.702+0000] {processor.py:183} INFO - Processing /opt/airflow/dags/environmental_data_pipeline.py took 0.451 seconds
[2025-10-10T10:07:30.034+0000] {processor.py:161} INFO - Started process (PID=1123) to work on /opt/airflow/dags/environmental_data_pipeline.py
[2025-10-10T10:07:30.040+0000] {processor.py:830} INFO - Processing file /opt/airflow/dags/environmental_data_pipeline.py for tasks to queue
[2025-10-10T10:07:30.044+0000] {logging_mixin.py:188} INFO - [2025-10-10T10:07:30.041+0000] {dagbag.py:540} INFO - Filling up the DagBag from /opt/airflow/dags/environmental_data_pipeline.py
[2025-10-10T10:07:30.080+0000] {processor.py:840} INFO - DAG(s) 'environmental_data_pipeline' retrieved from /opt/airflow/dags/environmental_data_pipeline.py
[2025-10-10T10:07:30.201+0000] {logging_mixin.py:188} INFO - [2025-10-10T10:07:30.201+0000] {dag.py:3047} INFO - Sync 1 DAGs
[2025-10-10T10:07:30.280+0000] {logging_mixin.py:188} INFO - [2025-10-10T10:07:30.280+0000] {dag.py:3834} INFO - Setting next_dagrun for environmental_data_pipeline to 2025-10-10 10:00:00+00:00, run_after=2025-10-10 11:00:00+00:00
[2025-10-10T10:07:30.375+0000] {processor.py:183} INFO - Processing /opt/airflow/dags/environmental_data_pipeline.py took 0.358 seconds
[2025-10-10T10:08:00.787+0000] {processor.py:161} INFO - Started process (PID=1128) to work on /opt/airflow/dags/environmental_data_pipeline.py
[2025-10-10T10:08:00.791+0000] {processor.py:830} INFO - Processing file /opt/airflow/dags/environmental_data_pipeline.py for tasks to queue
[2025-10-10T10:08:00.793+0000] {logging_mixin.py:188} INFO - [2025-10-10T10:08:00.792+0000] {dagbag.py:540} INFO - Filling up the DagBag from /opt/airflow/dags/environmental_data_pipeline.py
[2025-10-10T10:08:00.849+0000] {processor.py:840} INFO - DAG(s) 'environmental_data_pipeline' retrieved from /opt/airflow/dags/environmental_data_pipeline.py
[2025-10-10T10:08:01.056+0000] {logging_mixin.py:188} INFO - [2025-10-10T10:08:01.056+0000] {dag.py:3047} INFO - Sync 1 DAGs
[2025-10-10T10:08:01.169+0000] {logging_mixin.py:188} INFO - [2025-10-10T10:08:01.169+0000] {dag.py:3834} INFO - Setting next_dagrun for environmental_data_pipeline to 2025-10-10 10:00:00+00:00, run_after=2025-10-10 11:00:00+00:00
[2025-10-10T10:08:01.221+0000] {processor.py:183} INFO - Processing /opt/airflow/dags/environmental_data_pipeline.py took 0.442 seconds
[2025-10-10T10:08:31.913+0000] {processor.py:161} INFO - Started process (PID=1133) to work on /opt/airflow/dags/environmental_data_pipeline.py
[2025-10-10T10:08:31.915+0000] {processor.py:830} INFO - Processing file /opt/airflow/dags/environmental_data_pipeline.py for tasks to queue
[2025-10-10T10:08:31.916+0000] {logging_mixin.py:188} INFO - [2025-10-10T10:08:31.916+0000] {dagbag.py:540} INFO - Filling up the DagBag from /opt/airflow/dags/environmental_data_pipeline.py
[2025-10-10T10:08:31.930+0000] {processor.py:840} INFO - DAG(s) 'environmental_data_pipeline' retrieved from /opt/airflow/dags/environmental_data_pipeline.py
[2025-10-10T10:08:31.961+0000] {logging_mixin.py:188} INFO - [2025-10-10T10:08:31.960+0000] {dag.py:3047} INFO - Sync 1 DAGs
[2025-10-10T10:08:31.988+0000] {logging_mixin.py:188} INFO - [2025-10-10T10:08:31.988+0000] {dag.py:3834} INFO - Setting next_dagrun for environmental_data_pipeline to 2025-10-10 10:00:00+00:00, run_after=2025-10-10 11:00:00+00:00
[2025-10-10T10:08:32.018+0000] {processor.py:183} INFO - Processing /opt/airflow/dags/environmental_data_pipeline.py took 0.110 seconds
[2025-10-10T10:09:02.837+0000] {processor.py:161} INFO - Started process (PID=1138) to work on /opt/airflow/dags/environmental_data_pipeline.py
[2025-10-10T10:09:02.844+0000] {processor.py:830} INFO - Processing file /opt/airflow/dags/environmental_data_pipeline.py for tasks to queue
[2025-10-10T10:09:02.851+0000] {logging_mixin.py:188} INFO - [2025-10-10T10:09:02.849+0000] {dagbag.py:540} INFO - Filling up the DagBag from /opt/airflow/dags/environmental_data_pipeline.py
[2025-10-10T10:09:02.887+0000] {processor.py:840} INFO - DAG(s) 'environmental_data_pipeline' retrieved from /opt/airflow/dags/environmental_data_pipeline.py
[2025-10-10T10:09:03.064+0000] {logging_mixin.py:188} INFO - [2025-10-10T10:09:03.063+0000] {dag.py:3047} INFO - Sync 1 DAGs
[2025-10-10T10:09:03.219+0000] {logging_mixin.py:188} INFO - [2025-10-10T10:09:03.219+0000] {dag.py:3834} INFO - Setting next_dagrun for environmental_data_pipeline to 2025-10-10 10:00:00+00:00, run_after=2025-10-10 11:00:00+00:00
[2025-10-10T10:09:03.321+0000] {processor.py:183} INFO - Processing /opt/airflow/dags/environmental_data_pipeline.py took 0.491 seconds
[2025-10-10T10:09:33.580+0000] {processor.py:161} INFO - Started process (PID=1143) to work on /opt/airflow/dags/environmental_data_pipeline.py
[2025-10-10T10:09:33.584+0000] {processor.py:830} INFO - Processing file /opt/airflow/dags/environmental_data_pipeline.py for tasks to queue
[2025-10-10T10:09:33.586+0000] {logging_mixin.py:188} INFO - [2025-10-10T10:09:33.585+0000] {dagbag.py:540} INFO - Filling up the DagBag from /opt/airflow/dags/environmental_data_pipeline.py
[2025-10-10T10:09:33.602+0000] {processor.py:840} INFO - DAG(s) 'environmental_data_pipeline' retrieved from /opt/airflow/dags/environmental_data_pipeline.py
[2025-10-10T10:09:33.640+0000] {logging_mixin.py:188} INFO - [2025-10-10T10:09:33.639+0000] {dag.py:3047} INFO - Sync 1 DAGs
[2025-10-10T10:09:33.669+0000] {logging_mixin.py:188} INFO - [2025-10-10T10:09:33.669+0000] {dag.py:3834} INFO - Setting next_dagrun for environmental_data_pipeline to 2025-10-10 10:00:00+00:00, run_after=2025-10-10 11:00:00+00:00
[2025-10-10T10:09:33.697+0000] {processor.py:183} INFO - Processing /opt/airflow/dags/environmental_data_pipeline.py took 0.123 seconds
[2025-10-10T10:10:04.303+0000] {processor.py:161} INFO - Started process (PID=1148) to work on /opt/airflow/dags/environmental_data_pipeline.py
[2025-10-10T10:10:04.304+0000] {processor.py:830} INFO - Processing file /opt/airflow/dags/environmental_data_pipeline.py for tasks to queue
[2025-10-10T10:10:04.305+0000] {logging_mixin.py:188} INFO - [2025-10-10T10:10:04.305+0000] {dagbag.py:540} INFO - Filling up the DagBag from /opt/airflow/dags/environmental_data_pipeline.py
[2025-10-10T10:10:04.317+0000] {processor.py:840} INFO - DAG(s) 'environmental_data_pipeline' retrieved from /opt/airflow/dags/environmental_data_pipeline.py
[2025-10-10T10:10:04.345+0000] {logging_mixin.py:188} INFO - [2025-10-10T10:10:04.345+0000] {dag.py:3047} INFO - Sync 1 DAGs
[2025-10-10T10:10:04.385+0000] {logging_mixin.py:188} INFO - [2025-10-10T10:10:04.385+0000] {dag.py:3834} INFO - Setting next_dagrun for environmental_data_pipeline to 2025-10-10 10:00:00+00:00, run_after=2025-10-10 11:00:00+00:00
[2025-10-10T10:10:04.459+0000] {processor.py:183} INFO - Processing /opt/airflow/dags/environmental_data_pipeline.py took 0.160 seconds
[2025-10-10T10:10:35.199+0000] {processor.py:161} INFO - Started process (PID=1153) to work on /opt/airflow/dags/environmental_data_pipeline.py
[2025-10-10T10:10:35.201+0000] {processor.py:830} INFO - Processing file /opt/airflow/dags/environmental_data_pipeline.py for tasks to queue
[2025-10-10T10:10:35.202+0000] {logging_mixin.py:188} INFO - [2025-10-10T10:10:35.202+0000] {dagbag.py:540} INFO - Filling up the DagBag from /opt/airflow/dags/environmental_data_pipeline.py
[2025-10-10T10:10:35.216+0000] {processor.py:840} INFO - DAG(s) 'environmental_data_pipeline' retrieved from /opt/airflow/dags/environmental_data_pipeline.py
[2025-10-10T10:10:35.251+0000] {logging_mixin.py:188} INFO - [2025-10-10T10:10:35.250+0000] {dag.py:3047} INFO - Sync 1 DAGs
[2025-10-10T10:10:35.290+0000] {logging_mixin.py:188} INFO - [2025-10-10T10:10:35.289+0000] {dag.py:3834} INFO - Setting next_dagrun for environmental_data_pipeline to 2025-10-10 10:00:00+00:00, run_after=2025-10-10 11:00:00+00:00
[2025-10-10T10:10:35.312+0000] {processor.py:183} INFO - Processing /opt/airflow/dags/environmental_data_pipeline.py took 0.118 seconds
[2025-10-10T10:11:05.965+0000] {processor.py:161} INFO - Started process (PID=1158) to work on /opt/airflow/dags/environmental_data_pipeline.py
[2025-10-10T10:11:05.967+0000] {processor.py:830} INFO - Processing file /opt/airflow/dags/environmental_data_pipeline.py for tasks to queue
[2025-10-10T10:11:05.979+0000] {logging_mixin.py:188} INFO - [2025-10-10T10:11:05.978+0000] {dagbag.py:540} INFO - Filling up the DagBag from /opt/airflow/dags/environmental_data_pipeline.py
[2025-10-10T10:11:06.028+0000] {processor.py:840} INFO - DAG(s) 'environmental_data_pipeline' retrieved from /opt/airflow/dags/environmental_data_pipeline.py
[2025-10-10T10:11:06.062+0000] {logging_mixin.py:188} INFO - [2025-10-10T10:11:06.062+0000] {dag.py:3047} INFO - Sync 1 DAGs
[2025-10-10T10:11:06.090+0000] {logging_mixin.py:188} INFO - [2025-10-10T10:11:06.090+0000] {dag.py:3834} INFO - Setting next_dagrun for environmental_data_pipeline to 2025-10-10 10:00:00+00:00, run_after=2025-10-10 11:00:00+00:00
[2025-10-10T10:11:06.111+0000] {processor.py:183} INFO - Processing /opt/airflow/dags/environmental_data_pipeline.py took 0.162 seconds
[2025-10-10T10:11:36.565+0000] {processor.py:161} INFO - Started process (PID=1163) to work on /opt/airflow/dags/environmental_data_pipeline.py
[2025-10-10T10:11:36.566+0000] {processor.py:830} INFO - Processing file /opt/airflow/dags/environmental_data_pipeline.py for tasks to queue
[2025-10-10T10:11:36.567+0000] {logging_mixin.py:188} INFO - [2025-10-10T10:11:36.567+0000] {dagbag.py:540} INFO - Filling up the DagBag from /opt/airflow/dags/environmental_data_pipeline.py
[2025-10-10T10:11:36.580+0000] {processor.py:840} INFO - DAG(s) 'environmental_data_pipeline' retrieved from /opt/airflow/dags/environmental_data_pipeline.py
[2025-10-10T10:11:36.610+0000] {logging_mixin.py:188} INFO - [2025-10-10T10:11:36.610+0000] {dag.py:3047} INFO - Sync 1 DAGs
[2025-10-10T10:11:36.633+0000] {logging_mixin.py:188} INFO - [2025-10-10T10:11:36.633+0000] {dag.py:3834} INFO - Setting next_dagrun for environmental_data_pipeline to 2025-10-10 10:00:00+00:00, run_after=2025-10-10 11:00:00+00:00
[2025-10-10T10:11:36.656+0000] {processor.py:183} INFO - Processing /opt/airflow/dags/environmental_data_pipeline.py took 0.095 seconds
[2025-10-10T10:12:07.190+0000] {processor.py:161} INFO - Started process (PID=1168) to work on /opt/airflow/dags/environmental_data_pipeline.py
[2025-10-10T10:12:07.195+0000] {processor.py:830} INFO - Processing file /opt/airflow/dags/environmental_data_pipeline.py for tasks to queue
[2025-10-10T10:12:07.196+0000] {logging_mixin.py:188} INFO - [2025-10-10T10:12:07.196+0000] {dagbag.py:540} INFO - Filling up the DagBag from /opt/airflow/dags/environmental_data_pipeline.py
[2025-10-10T10:12:07.210+0000] {processor.py:840} INFO - DAG(s) 'environmental_data_pipeline' retrieved from /opt/airflow/dags/environmental_data_pipeline.py
[2025-10-10T10:12:07.243+0000] {logging_mixin.py:188} INFO - [2025-10-10T10:12:07.243+0000] {dag.py:3047} INFO - Sync 1 DAGs
[2025-10-10T10:12:07.272+0000] {logging_mixin.py:188} INFO - [2025-10-10T10:12:07.272+0000] {dag.py:3834} INFO - Setting next_dagrun for environmental_data_pipeline to 2025-10-10 10:00:00+00:00, run_after=2025-10-10 11:00:00+00:00
[2025-10-10T10:12:07.308+0000] {processor.py:183} INFO - Processing /opt/airflow/dags/environmental_data_pipeline.py took 0.125 seconds
[2025-10-10T10:12:37.959+0000] {processor.py:161} INFO - Started process (PID=1173) to work on /opt/airflow/dags/environmental_data_pipeline.py
[2025-10-10T10:12:37.961+0000] {processor.py:830} INFO - Processing file /opt/airflow/dags/environmental_data_pipeline.py for tasks to queue
[2025-10-10T10:12:37.962+0000] {logging_mixin.py:188} INFO - [2025-10-10T10:12:37.961+0000] {dagbag.py:540} INFO - Filling up the DagBag from /opt/airflow/dags/environmental_data_pipeline.py
[2025-10-10T10:12:37.977+0000] {processor.py:840} INFO - DAG(s) 'environmental_data_pipeline' retrieved from /opt/airflow/dags/environmental_data_pipeline.py
[2025-10-10T10:12:38.016+0000] {logging_mixin.py:188} INFO - [2025-10-10T10:12:38.015+0000] {dag.py:3047} INFO - Sync 1 DAGs
[2025-10-10T10:12:38.058+0000] {logging_mixin.py:188} INFO - [2025-10-10T10:12:38.057+0000] {dag.py:3834} INFO - Setting next_dagrun for environmental_data_pipeline to 2025-10-10 10:00:00+00:00, run_after=2025-10-10 11:00:00+00:00
[2025-10-10T10:12:38.085+0000] {processor.py:183} INFO - Processing /opt/airflow/dags/environmental_data_pipeline.py took 0.132 seconds
[2025-10-10T10:13:08.590+0000] {processor.py:161} INFO - Started process (PID=1178) to work on /opt/airflow/dags/environmental_data_pipeline.py
[2025-10-10T10:13:08.603+0000] {processor.py:830} INFO - Processing file /opt/airflow/dags/environmental_data_pipeline.py for tasks to queue
[2025-10-10T10:13:08.604+0000] {logging_mixin.py:188} INFO - [2025-10-10T10:13:08.604+0000] {dagbag.py:540} INFO - Filling up the DagBag from /opt/airflow/dags/environmental_data_pipeline.py
[2025-10-10T10:13:08.639+0000] {processor.py:840} INFO - DAG(s) 'environmental_data_pipeline' retrieved from /opt/airflow/dags/environmental_data_pipeline.py
[2025-10-10T10:13:08.684+0000] {logging_mixin.py:188} INFO - [2025-10-10T10:13:08.684+0000] {dag.py:3047} INFO - Sync 1 DAGs
[2025-10-10T10:13:08.716+0000] {logging_mixin.py:188} INFO - [2025-10-10T10:13:08.716+0000] {dag.py:3834} INFO - Setting next_dagrun for environmental_data_pipeline to 2025-10-10 10:00:00+00:00, run_after=2025-10-10 11:00:00+00:00
[2025-10-10T10:13:08.745+0000] {processor.py:183} INFO - Processing /opt/airflow/dags/environmental_data_pipeline.py took 0.173 seconds
[2025-10-10T10:13:39.318+0000] {processor.py:161} INFO - Started process (PID=1183) to work on /opt/airflow/dags/environmental_data_pipeline.py
[2025-10-10T10:13:39.319+0000] {processor.py:830} INFO - Processing file /opt/airflow/dags/environmental_data_pipeline.py for tasks to queue
[2025-10-10T10:13:39.320+0000] {logging_mixin.py:188} INFO - [2025-10-10T10:13:39.320+0000] {dagbag.py:540} INFO - Filling up the DagBag from /opt/airflow/dags/environmental_data_pipeline.py
[2025-10-10T10:13:39.333+0000] {processor.py:840} INFO - DAG(s) 'environmental_data_pipeline' retrieved from /opt/airflow/dags/environmental_data_pipeline.py
[2025-10-10T10:13:39.362+0000] {logging_mixin.py:188} INFO - [2025-10-10T10:13:39.362+0000] {dag.py:3047} INFO - Sync 1 DAGs
[2025-10-10T10:13:39.386+0000] {logging_mixin.py:188} INFO - [2025-10-10T10:13:39.385+0000] {dag.py:3834} INFO - Setting next_dagrun for environmental_data_pipeline to 2025-10-10 10:00:00+00:00, run_after=2025-10-10 11:00:00+00:00
[2025-10-10T10:13:39.407+0000] {processor.py:183} INFO - Processing /opt/airflow/dags/environmental_data_pipeline.py took 0.092 seconds
[2025-10-10T10:14:10.070+0000] {processor.py:161} INFO - Started process (PID=1188) to work on /opt/airflow/dags/environmental_data_pipeline.py
[2025-10-10T10:14:10.074+0000] {processor.py:830} INFO - Processing file /opt/airflow/dags/environmental_data_pipeline.py for tasks to queue
[2025-10-10T10:14:10.075+0000] {logging_mixin.py:188} INFO - [2025-10-10T10:14:10.075+0000] {dagbag.py:540} INFO - Filling up the DagBag from /opt/airflow/dags/environmental_data_pipeline.py
[2025-10-10T10:14:10.091+0000] {processor.py:840} INFO - DAG(s) 'environmental_data_pipeline' retrieved from /opt/airflow/dags/environmental_data_pipeline.py
[2025-10-10T10:14:10.123+0000] {logging_mixin.py:188} INFO - [2025-10-10T10:14:10.123+0000] {dag.py:3047} INFO - Sync 1 DAGs
[2025-10-10T10:14:10.149+0000] {logging_mixin.py:188} INFO - [2025-10-10T10:14:10.148+0000] {dag.py:3834} INFO - Setting next_dagrun for environmental_data_pipeline to 2025-10-10 10:00:00+00:00, run_after=2025-10-10 11:00:00+00:00
[2025-10-10T10:14:10.179+0000] {processor.py:183} INFO - Processing /opt/airflow/dags/environmental_data_pipeline.py took 0.113 seconds
[2025-10-10T10:14:40.757+0000] {processor.py:161} INFO - Started process (PID=1193) to work on /opt/airflow/dags/environmental_data_pipeline.py
[2025-10-10T10:14:40.760+0000] {processor.py:830} INFO - Processing file /opt/airflow/dags/environmental_data_pipeline.py for tasks to queue
[2025-10-10T10:14:40.761+0000] {logging_mixin.py:188} INFO - [2025-10-10T10:14:40.761+0000] {dagbag.py:540} INFO - Filling up the DagBag from /opt/airflow/dags/environmental_data_pipeline.py
[2025-10-10T10:14:40.774+0000] {processor.py:840} INFO - DAG(s) 'environmental_data_pipeline' retrieved from /opt/airflow/dags/environmental_data_pipeline.py
[2025-10-10T10:14:40.806+0000] {logging_mixin.py:188} INFO - [2025-10-10T10:14:40.806+0000] {dag.py:3047} INFO - Sync 1 DAGs
[2025-10-10T10:14:40.835+0000] {logging_mixin.py:188} INFO - [2025-10-10T10:14:40.834+0000] {dag.py:3834} INFO - Setting next_dagrun for environmental_data_pipeline to 2025-10-10 10:00:00+00:00, run_after=2025-10-10 11:00:00+00:00
[2025-10-10T10:14:40.880+0000] {processor.py:183} INFO - Processing /opt/airflow/dags/environmental_data_pipeline.py took 0.129 seconds
[2025-10-10T10:15:11.479+0000] {processor.py:161} INFO - Started process (PID=1198) to work on /opt/airflow/dags/environmental_data_pipeline.py
[2025-10-10T10:15:11.483+0000] {processor.py:830} INFO - Processing file /opt/airflow/dags/environmental_data_pipeline.py for tasks to queue
[2025-10-10T10:15:11.485+0000] {logging_mixin.py:188} INFO - [2025-10-10T10:15:11.484+0000] {dagbag.py:540} INFO - Filling up the DagBag from /opt/airflow/dags/environmental_data_pipeline.py
[2025-10-10T10:15:11.510+0000] {processor.py:840} INFO - DAG(s) 'environmental_data_pipeline' retrieved from /opt/airflow/dags/environmental_data_pipeline.py
[2025-10-10T10:15:11.552+0000] {logging_mixin.py:188} INFO - [2025-10-10T10:15:11.552+0000] {dag.py:3047} INFO - Sync 1 DAGs
[2025-10-10T10:15:11.580+0000] {logging_mixin.py:188} INFO - [2025-10-10T10:15:11.580+0000] {dag.py:3834} INFO - Setting next_dagrun for environmental_data_pipeline to 2025-10-10 10:00:00+00:00, run_after=2025-10-10 11:00:00+00:00
[2025-10-10T10:15:11.607+0000] {processor.py:183} INFO - Processing /opt/airflow/dags/environmental_data_pipeline.py took 0.135 seconds
[2025-10-10T10:15:42.217+0000] {processor.py:161} INFO - Started process (PID=1203) to work on /opt/airflow/dags/environmental_data_pipeline.py
[2025-10-10T10:15:42.218+0000] {processor.py:830} INFO - Processing file /opt/airflow/dags/environmental_data_pipeline.py for tasks to queue
[2025-10-10T10:15:42.219+0000] {logging_mixin.py:188} INFO - [2025-10-10T10:15:42.219+0000] {dagbag.py:540} INFO - Filling up the DagBag from /opt/airflow/dags/environmental_data_pipeline.py
[2025-10-10T10:15:42.234+0000] {processor.py:840} INFO - DAG(s) 'environmental_data_pipeline' retrieved from /opt/airflow/dags/environmental_data_pipeline.py
[2025-10-10T10:15:42.268+0000] {logging_mixin.py:188} INFO - [2025-10-10T10:15:42.268+0000] {dag.py:3047} INFO - Sync 1 DAGs
[2025-10-10T10:15:42.299+0000] {logging_mixin.py:188} INFO - [2025-10-10T10:15:42.298+0000] {dag.py:3834} INFO - Setting next_dagrun for environmental_data_pipeline to 2025-10-10 10:00:00+00:00, run_after=2025-10-10 11:00:00+00:00
[2025-10-10T10:15:42.326+0000] {processor.py:183} INFO - Processing /opt/airflow/dags/environmental_data_pipeline.py took 0.114 seconds
[2025-10-10T10:16:13.024+0000] {processor.py:161} INFO - Started process (PID=1208) to work on /opt/airflow/dags/environmental_data_pipeline.py
[2025-10-10T10:16:13.027+0000] {processor.py:830} INFO - Processing file /opt/airflow/dags/environmental_data_pipeline.py for tasks to queue
[2025-10-10T10:16:13.029+0000] {logging_mixin.py:188} INFO - [2025-10-10T10:16:13.028+0000] {dagbag.py:540} INFO - Filling up the DagBag from /opt/airflow/dags/environmental_data_pipeline.py
[2025-10-10T10:16:13.044+0000] {processor.py:840} INFO - DAG(s) 'environmental_data_pipeline' retrieved from /opt/airflow/dags/environmental_data_pipeline.py
[2025-10-10T10:16:13.088+0000] {logging_mixin.py:188} INFO - [2025-10-10T10:16:13.088+0000] {dag.py:3047} INFO - Sync 1 DAGs
[2025-10-10T10:16:13.135+0000] {logging_mixin.py:188} INFO - [2025-10-10T10:16:13.135+0000] {dag.py:3834} INFO - Setting next_dagrun for environmental_data_pipeline to 2025-10-10 10:00:00+00:00, run_after=2025-10-10 11:00:00+00:00
[2025-10-10T10:16:13.163+0000] {processor.py:183} INFO - Processing /opt/airflow/dags/environmental_data_pipeline.py took 0.143 seconds
[2025-10-10T10:16:43.655+0000] {processor.py:161} INFO - Started process (PID=1213) to work on /opt/airflow/dags/environmental_data_pipeline.py
[2025-10-10T10:16:43.657+0000] {processor.py:830} INFO - Processing file /opt/airflow/dags/environmental_data_pipeline.py for tasks to queue
[2025-10-10T10:16:43.658+0000] {logging_mixin.py:188} INFO - [2025-10-10T10:16:43.657+0000] {dagbag.py:540} INFO - Filling up the DagBag from /opt/airflow/dags/environmental_data_pipeline.py
[2025-10-10T10:16:43.675+0000] {processor.py:840} INFO - DAG(s) 'environmental_data_pipeline' retrieved from /opt/airflow/dags/environmental_data_pipeline.py
[2025-10-10T10:16:43.708+0000] {logging_mixin.py:188} INFO - [2025-10-10T10:16:43.708+0000] {dag.py:3047} INFO - Sync 1 DAGs
[2025-10-10T10:16:43.733+0000] {logging_mixin.py:188} INFO - [2025-10-10T10:16:43.732+0000] {dag.py:3834} INFO - Setting next_dagrun for environmental_data_pipeline to 2025-10-10 10:00:00+00:00, run_after=2025-10-10 11:00:00+00:00
[2025-10-10T10:16:43.757+0000] {processor.py:183} INFO - Processing /opt/airflow/dags/environmental_data_pipeline.py took 0.107 seconds
[2025-10-10T10:17:14.354+0000] {processor.py:161} INFO - Started process (PID=1218) to work on /opt/airflow/dags/environmental_data_pipeline.py
[2025-10-10T10:17:14.355+0000] {processor.py:830} INFO - Processing file /opt/airflow/dags/environmental_data_pipeline.py for tasks to queue
[2025-10-10T10:17:14.356+0000] {logging_mixin.py:188} INFO - [2025-10-10T10:17:14.356+0000] {dagbag.py:540} INFO - Filling up the DagBag from /opt/airflow/dags/environmental_data_pipeline.py
[2025-10-10T10:17:14.371+0000] {processor.py:840} INFO - DAG(s) 'environmental_data_pipeline' retrieved from /opt/airflow/dags/environmental_data_pipeline.py
[2025-10-10T10:17:14.405+0000] {logging_mixin.py:188} INFO - [2025-10-10T10:17:14.404+0000] {dag.py:3047} INFO - Sync 1 DAGs
[2025-10-10T10:17:14.427+0000] {logging_mixin.py:188} INFO - [2025-10-10T10:17:14.427+0000] {dag.py:3834} INFO - Setting next_dagrun for environmental_data_pipeline to 2025-10-10 10:00:00+00:00, run_after=2025-10-10 11:00:00+00:00
[2025-10-10T10:17:14.458+0000] {processor.py:183} INFO - Processing /opt/airflow/dags/environmental_data_pipeline.py took 0.108 seconds
[2025-10-10T10:17:45.032+0000] {processor.py:161} INFO - Started process (PID=1223) to work on /opt/airflow/dags/environmental_data_pipeline.py
[2025-10-10T10:17:45.035+0000] {processor.py:830} INFO - Processing file /opt/airflow/dags/environmental_data_pipeline.py for tasks to queue
[2025-10-10T10:17:45.036+0000] {logging_mixin.py:188} INFO - [2025-10-10T10:17:45.036+0000] {dagbag.py:540} INFO - Filling up the DagBag from /opt/airflow/dags/environmental_data_pipeline.py
[2025-10-10T10:17:45.048+0000] {processor.py:840} INFO - DAG(s) 'environmental_data_pipeline' retrieved from /opt/airflow/dags/environmental_data_pipeline.py
[2025-10-10T10:17:45.081+0000] {logging_mixin.py:188} INFO - [2025-10-10T10:17:45.080+0000] {dag.py:3047} INFO - Sync 1 DAGs
[2025-10-10T10:17:45.105+0000] {logging_mixin.py:188} INFO - [2025-10-10T10:17:45.105+0000] {dag.py:3834} INFO - Setting next_dagrun for environmental_data_pipeline to 2025-10-10 10:00:00+00:00, run_after=2025-10-10 11:00:00+00:00
[2025-10-10T10:17:45.136+0000] {processor.py:183} INFO - Processing /opt/airflow/dags/environmental_data_pipeline.py took 0.110 seconds
[2025-10-10T10:18:15.780+0000] {processor.py:161} INFO - Started process (PID=1228) to work on /opt/airflow/dags/environmental_data_pipeline.py
[2025-10-10T10:18:15.782+0000] {processor.py:830} INFO - Processing file /opt/airflow/dags/environmental_data_pipeline.py for tasks to queue
[2025-10-10T10:18:15.783+0000] {logging_mixin.py:188} INFO - [2025-10-10T10:18:15.782+0000] {dagbag.py:540} INFO - Filling up the DagBag from /opt/airflow/dags/environmental_data_pipeline.py
[2025-10-10T10:18:15.801+0000] {processor.py:840} INFO - DAG(s) 'environmental_data_pipeline' retrieved from /opt/airflow/dags/environmental_data_pipeline.py
[2025-10-10T10:18:15.836+0000] {logging_mixin.py:188} INFO - [2025-10-10T10:18:15.836+0000] {dag.py:3047} INFO - Sync 1 DAGs
[2025-10-10T10:18:15.872+0000] {logging_mixin.py:188} INFO - [2025-10-10T10:18:15.871+0000] {dag.py:3834} INFO - Setting next_dagrun for environmental_data_pipeline to 2025-10-10 10:00:00+00:00, run_after=2025-10-10 11:00:00+00:00
[2025-10-10T10:18:15.899+0000] {processor.py:183} INFO - Processing /opt/airflow/dags/environmental_data_pipeline.py took 0.124 seconds
[2025-10-10T10:18:46.073+0000] {processor.py:161} INFO - Started process (PID=1233) to work on /opt/airflow/dags/environmental_data_pipeline.py
[2025-10-10T10:18:46.076+0000] {processor.py:830} INFO - Processing file /opt/airflow/dags/environmental_data_pipeline.py for tasks to queue
[2025-10-10T10:18:46.077+0000] {logging_mixin.py:188} INFO - [2025-10-10T10:18:46.076+0000] {dagbag.py:540} INFO - Filling up the DagBag from /opt/airflow/dags/environmental_data_pipeline.py
[2025-10-10T10:18:46.094+0000] {processor.py:840} INFO - DAG(s) 'environmental_data_pipeline' retrieved from /opt/airflow/dags/environmental_data_pipeline.py
[2025-10-10T10:18:46.144+0000] {logging_mixin.py:188} INFO - [2025-10-10T10:18:46.144+0000] {dag.py:3047} INFO - Sync 1 DAGs
[2025-10-10T10:18:46.188+0000] {logging_mixin.py:188} INFO - [2025-10-10T10:18:46.187+0000] {dag.py:3834} INFO - Setting next_dagrun for environmental_data_pipeline to 2025-10-10 10:00:00+00:00, run_after=2025-10-10 11:00:00+00:00
[2025-10-10T10:18:46.221+0000] {processor.py:183} INFO - Processing /opt/airflow/dags/environmental_data_pipeline.py took 0.153 seconds
[2025-10-10T10:19:16.839+0000] {processor.py:161} INFO - Started process (PID=1238) to work on /opt/airflow/dags/environmental_data_pipeline.py
[2025-10-10T10:19:16.845+0000] {processor.py:830} INFO - Processing file /opt/airflow/dags/environmental_data_pipeline.py for tasks to queue
[2025-10-10T10:19:16.847+0000] {logging_mixin.py:188} INFO - [2025-10-10T10:19:16.846+0000] {dagbag.py:540} INFO - Filling up the DagBag from /opt/airflow/dags/environmental_data_pipeline.py
[2025-10-10T10:19:16.883+0000] {processor.py:840} INFO - DAG(s) 'environmental_data_pipeline' retrieved from /opt/airflow/dags/environmental_data_pipeline.py
[2025-10-10T10:19:16.913+0000] {logging_mixin.py:188} INFO - [2025-10-10T10:19:16.913+0000] {dag.py:3047} INFO - Sync 1 DAGs
[2025-10-10T10:19:16.939+0000] {logging_mixin.py:188} INFO - [2025-10-10T10:19:16.939+0000] {dag.py:3834} INFO - Setting next_dagrun for environmental_data_pipeline to 2025-10-10 10:00:00+00:00, run_after=2025-10-10 11:00:00+00:00
[2025-10-10T10:19:16.965+0000] {processor.py:183} INFO - Processing /opt/airflow/dags/environmental_data_pipeline.py took 0.132 seconds
[2025-10-10T10:19:47.530+0000] {processor.py:161} INFO - Started process (PID=1243) to work on /opt/airflow/dags/environmental_data_pipeline.py
[2025-10-10T10:19:47.532+0000] {processor.py:830} INFO - Processing file /opt/airflow/dags/environmental_data_pipeline.py for tasks to queue
[2025-10-10T10:19:47.533+0000] {logging_mixin.py:188} INFO - [2025-10-10T10:19:47.533+0000] {dagbag.py:540} INFO - Filling up the DagBag from /opt/airflow/dags/environmental_data_pipeline.py
[2025-10-10T10:19:47.547+0000] {processor.py:840} INFO - DAG(s) 'environmental_data_pipeline' retrieved from /opt/airflow/dags/environmental_data_pipeline.py
[2025-10-10T10:19:47.580+0000] {logging_mixin.py:188} INFO - [2025-10-10T10:19:47.580+0000] {dag.py:3047} INFO - Sync 1 DAGs
[2025-10-10T10:19:47.607+0000] {logging_mixin.py:188} INFO - [2025-10-10T10:19:47.607+0000] {dag.py:3834} INFO - Setting next_dagrun for environmental_data_pipeline to 2025-10-10 10:00:00+00:00, run_after=2025-10-10 11:00:00+00:00
[2025-10-10T10:19:47.632+0000] {processor.py:183} INFO - Processing /opt/airflow/dags/environmental_data_pipeline.py took 0.106 seconds
[2025-10-10T10:20:18.248+0000] {processor.py:161} INFO - Started process (PID=1248) to work on /opt/airflow/dags/environmental_data_pipeline.py
[2025-10-10T10:20:18.250+0000] {processor.py:830} INFO - Processing file /opt/airflow/dags/environmental_data_pipeline.py for tasks to queue
[2025-10-10T10:20:18.250+0000] {logging_mixin.py:188} INFO - [2025-10-10T10:20:18.250+0000] {dagbag.py:540} INFO - Filling up the DagBag from /opt/airflow/dags/environmental_data_pipeline.py
[2025-10-10T10:20:18.263+0000] {processor.py:840} INFO - DAG(s) 'environmental_data_pipeline' retrieved from /opt/airflow/dags/environmental_data_pipeline.py
[2025-10-10T10:20:18.294+0000] {logging_mixin.py:188} INFO - [2025-10-10T10:20:18.294+0000] {dag.py:3047} INFO - Sync 1 DAGs
[2025-10-10T10:20:18.320+0000] {logging_mixin.py:188} INFO - [2025-10-10T10:20:18.320+0000] {dag.py:3834} INFO - Setting next_dagrun for environmental_data_pipeline to 2025-10-10 10:00:00+00:00, run_after=2025-10-10 11:00:00+00:00
[2025-10-10T10:20:18.346+0000] {processor.py:183} INFO - Processing /opt/airflow/dags/environmental_data_pipeline.py took 0.102 seconds
[2025-10-10T10:20:49.002+0000] {processor.py:161} INFO - Started process (PID=1253) to work on /opt/airflow/dags/environmental_data_pipeline.py
[2025-10-10T10:20:49.004+0000] {processor.py:830} INFO - Processing file /opt/airflow/dags/environmental_data_pipeline.py for tasks to queue
[2025-10-10T10:20:49.005+0000] {logging_mixin.py:188} INFO - [2025-10-10T10:20:49.005+0000] {dagbag.py:540} INFO - Filling up the DagBag from /opt/airflow/dags/environmental_data_pipeline.py
[2025-10-10T10:20:49.044+0000] {processor.py:840} INFO - DAG(s) 'environmental_data_pipeline' retrieved from /opt/airflow/dags/environmental_data_pipeline.py
[2025-10-10T10:20:49.082+0000] {logging_mixin.py:188} INFO - [2025-10-10T10:20:49.082+0000] {dag.py:3047} INFO - Sync 1 DAGs
[2025-10-10T10:20:49.112+0000] {logging_mixin.py:188} INFO - [2025-10-10T10:20:49.111+0000] {dag.py:3834} INFO - Setting next_dagrun for environmental_data_pipeline to 2025-10-10 10:00:00+00:00, run_after=2025-10-10 11:00:00+00:00
[2025-10-10T10:20:49.133+0000] {processor.py:183} INFO - Processing /opt/airflow/dags/environmental_data_pipeline.py took 0.146 seconds
[2025-10-10T10:21:19.710+0000] {processor.py:161} INFO - Started process (PID=1258) to work on /opt/airflow/dags/environmental_data_pipeline.py
[2025-10-10T10:21:19.713+0000] {processor.py:830} INFO - Processing file /opt/airflow/dags/environmental_data_pipeline.py for tasks to queue
[2025-10-10T10:21:19.715+0000] {logging_mixin.py:188} INFO - [2025-10-10T10:21:19.715+0000] {dagbag.py:540} INFO - Filling up the DagBag from /opt/airflow/dags/environmental_data_pipeline.py
[2025-10-10T10:21:19.794+0000] {processor.py:840} INFO - DAG(s) 'environmental_data_pipeline' retrieved from /opt/airflow/dags/environmental_data_pipeline.py
[2025-10-10T10:21:19.936+0000] {logging_mixin.py:188} INFO - [2025-10-10T10:21:19.936+0000] {dag.py:3047} INFO - Sync 1 DAGs
[2025-10-10T10:21:20.025+0000] {logging_mixin.py:188} INFO - [2025-10-10T10:21:20.025+0000] {dag.py:3834} INFO - Setting next_dagrun for environmental_data_pipeline to 2025-10-10 10:00:00+00:00, run_after=2025-10-10 11:00:00+00:00
[2025-10-10T10:21:20.088+0000] {processor.py:183} INFO - Processing /opt/airflow/dags/environmental_data_pipeline.py took 0.382 seconds
[2025-10-10T10:21:50.505+0000] {processor.py:161} INFO - Started process (PID=1263) to work on /opt/airflow/dags/environmental_data_pipeline.py
[2025-10-10T10:21:50.509+0000] {processor.py:830} INFO - Processing file /opt/airflow/dags/environmental_data_pipeline.py for tasks to queue
[2025-10-10T10:21:50.510+0000] {logging_mixin.py:188} INFO - [2025-10-10T10:21:50.510+0000] {dagbag.py:540} INFO - Filling up the DagBag from /opt/airflow/dags/environmental_data_pipeline.py
[2025-10-10T10:21:50.526+0000] {processor.py:840} INFO - DAG(s) 'environmental_data_pipeline' retrieved from /opt/airflow/dags/environmental_data_pipeline.py
[2025-10-10T10:21:50.743+0000] {logging_mixin.py:188} INFO - [2025-10-10T10:21:50.742+0000] {dag.py:3047} INFO - Sync 1 DAGs
[2025-10-10T10:21:50.829+0000] {logging_mixin.py:188} INFO - [2025-10-10T10:21:50.829+0000] {dag.py:3834} INFO - Setting next_dagrun for environmental_data_pipeline to 2025-10-10 10:00:00+00:00, run_after=2025-10-10 11:00:00+00:00
[2025-10-10T10:21:50.896+0000] {processor.py:183} INFO - Processing /opt/airflow/dags/environmental_data_pipeline.py took 0.395 seconds
[2025-10-10T10:22:21.511+0000] {processor.py:161} INFO - Started process (PID=1268) to work on /opt/airflow/dags/environmental_data_pipeline.py
[2025-10-10T10:22:21.513+0000] {processor.py:830} INFO - Processing file /opt/airflow/dags/environmental_data_pipeline.py for tasks to queue
[2025-10-10T10:22:21.514+0000] {logging_mixin.py:188} INFO - [2025-10-10T10:22:21.514+0000] {dagbag.py:540} INFO - Filling up the DagBag from /opt/airflow/dags/environmental_data_pipeline.py
[2025-10-10T10:22:21.532+0000] {processor.py:840} INFO - DAG(s) 'environmental_data_pipeline' retrieved from /opt/airflow/dags/environmental_data_pipeline.py
[2025-10-10T10:22:21.627+0000] {logging_mixin.py:188} INFO - [2025-10-10T10:22:21.626+0000] {dag.py:3047} INFO - Sync 1 DAGs
[2025-10-10T10:22:21.685+0000] {logging_mixin.py:188} INFO - [2025-10-10T10:22:21.684+0000] {dag.py:3834} INFO - Setting next_dagrun for environmental_data_pipeline to 2025-10-10 10:00:00+00:00, run_after=2025-10-10 11:00:00+00:00
[2025-10-10T10:22:21.728+0000] {processor.py:183} INFO - Processing /opt/airflow/dags/environmental_data_pipeline.py took 0.222 seconds
[2025-10-10T10:22:52.304+0000] {processor.py:161} INFO - Started process (PID=1273) to work on /opt/airflow/dags/environmental_data_pipeline.py
[2025-10-10T10:22:52.305+0000] {processor.py:830} INFO - Processing file /opt/airflow/dags/environmental_data_pipeline.py for tasks to queue
[2025-10-10T10:22:52.306+0000] {logging_mixin.py:188} INFO - [2025-10-10T10:22:52.306+0000] {dagbag.py:540} INFO - Filling up the DagBag from /opt/airflow/dags/environmental_data_pipeline.py
[2025-10-10T10:22:52.323+0000] {processor.py:840} INFO - DAG(s) 'environmental_data_pipeline' retrieved from /opt/airflow/dags/environmental_data_pipeline.py
[2025-10-10T10:22:52.366+0000] {logging_mixin.py:188} INFO - [2025-10-10T10:22:52.366+0000] {dag.py:3047} INFO - Sync 1 DAGs
[2025-10-10T10:22:52.402+0000] {logging_mixin.py:188} INFO - [2025-10-10T10:22:52.401+0000] {dag.py:3834} INFO - Setting next_dagrun for environmental_data_pipeline to 2025-10-10 10:00:00+00:00, run_after=2025-10-10 11:00:00+00:00
[2025-10-10T10:22:52.425+0000] {processor.py:183} INFO - Processing /opt/airflow/dags/environmental_data_pipeline.py took 0.127 seconds
[2025-10-10T10:23:23.073+0000] {processor.py:161} INFO - Started process (PID=1278) to work on /opt/airflow/dags/environmental_data_pipeline.py
[2025-10-10T10:23:23.076+0000] {processor.py:830} INFO - Processing file /opt/airflow/dags/environmental_data_pipeline.py for tasks to queue
[2025-10-10T10:23:23.077+0000] {logging_mixin.py:188} INFO - [2025-10-10T10:23:23.077+0000] {dagbag.py:540} INFO - Filling up the DagBag from /opt/airflow/dags/environmental_data_pipeline.py
[2025-10-10T10:23:23.096+0000] {processor.py:840} INFO - DAG(s) 'environmental_data_pipeline' retrieved from /opt/airflow/dags/environmental_data_pipeline.py
[2025-10-10T10:23:23.140+0000] {logging_mixin.py:188} INFO - [2025-10-10T10:23:23.139+0000] {dag.py:3047} INFO - Sync 1 DAGs
[2025-10-10T10:23:23.186+0000] {logging_mixin.py:188} INFO - [2025-10-10T10:23:23.185+0000] {dag.py:3834} INFO - Setting next_dagrun for environmental_data_pipeline to 2025-10-10 10:00:00+00:00, run_after=2025-10-10 11:00:00+00:00
[2025-10-10T10:23:23.231+0000] {processor.py:183} INFO - Processing /opt/airflow/dags/environmental_data_pipeline.py took 0.164 seconds
[2025-10-10T10:23:53.767+0000] {processor.py:161} INFO - Started process (PID=1283) to work on /opt/airflow/dags/environmental_data_pipeline.py
[2025-10-10T10:23:53.771+0000] {processor.py:830} INFO - Processing file /opt/airflow/dags/environmental_data_pipeline.py for tasks to queue
[2025-10-10T10:23:53.781+0000] {logging_mixin.py:188} INFO - [2025-10-10T10:23:53.775+0000] {dagbag.py:540} INFO - Filling up the DagBag from /opt/airflow/dags/environmental_data_pipeline.py
[2025-10-10T10:23:53.904+0000] {processor.py:840} INFO - DAG(s) 'environmental_data_pipeline' retrieved from /opt/airflow/dags/environmental_data_pipeline.py
[2025-10-10T10:23:53.970+0000] {logging_mixin.py:188} INFO - [2025-10-10T10:23:53.970+0000] {dag.py:3047} INFO - Sync 1 DAGs
[2025-10-10T10:23:54.015+0000] {logging_mixin.py:188} INFO - [2025-10-10T10:23:54.015+0000] {dag.py:3834} INFO - Setting next_dagrun for environmental_data_pipeline to 2025-10-10 10:00:00+00:00, run_after=2025-10-10 11:00:00+00:00
[2025-10-10T10:23:54.052+0000] {processor.py:183} INFO - Processing /opt/airflow/dags/environmental_data_pipeline.py took 0.318 seconds
[2025-10-10T10:24:24.652+0000] {processor.py:161} INFO - Started process (PID=1288) to work on /opt/airflow/dags/environmental_data_pipeline.py
[2025-10-10T10:24:24.662+0000] {processor.py:830} INFO - Processing file /opt/airflow/dags/environmental_data_pipeline.py for tasks to queue
[2025-10-10T10:24:24.665+0000] {logging_mixin.py:188} INFO - [2025-10-10T10:24:24.664+0000] {dagbag.py:540} INFO - Filling up the DagBag from /opt/airflow/dags/environmental_data_pipeline.py
[2025-10-10T10:24:24.687+0000] {processor.py:840} INFO - DAG(s) 'environmental_data_pipeline' retrieved from /opt/airflow/dags/environmental_data_pipeline.py
[2025-10-10T10:24:24.749+0000] {logging_mixin.py:188} INFO - [2025-10-10T10:24:24.748+0000] {dag.py:3047} INFO - Sync 1 DAGs
[2025-10-10T10:24:24.943+0000] {logging_mixin.py:188} INFO - [2025-10-10T10:24:24.943+0000] {dag.py:3834} INFO - Setting next_dagrun for environmental_data_pipeline to 2025-10-10 10:00:00+00:00, run_after=2025-10-10 11:00:00+00:00
[2025-10-10T10:24:25.057+0000] {processor.py:183} INFO - Processing /opt/airflow/dags/environmental_data_pipeline.py took 0.412 seconds
[2025-10-10T10:24:55.385+0000] {processor.py:161} INFO - Started process (PID=1293) to work on /opt/airflow/dags/environmental_data_pipeline.py
[2025-10-10T10:24:55.387+0000] {processor.py:830} INFO - Processing file /opt/airflow/dags/environmental_data_pipeline.py for tasks to queue
[2025-10-10T10:24:55.387+0000] {logging_mixin.py:188} INFO - [2025-10-10T10:24:55.387+0000] {dagbag.py:540} INFO - Filling up the DagBag from /opt/airflow/dags/environmental_data_pipeline.py
[2025-10-10T10:24:55.398+0000] {processor.py:840} INFO - DAG(s) 'environmental_data_pipeline' retrieved from /opt/airflow/dags/environmental_data_pipeline.py
[2025-10-10T10:24:55.431+0000] {logging_mixin.py:188} INFO - [2025-10-10T10:24:55.430+0000] {dag.py:3047} INFO - Sync 1 DAGs
[2025-10-10T10:24:55.455+0000] {logging_mixin.py:188} INFO - [2025-10-10T10:24:55.455+0000] {dag.py:3834} INFO - Setting next_dagrun for environmental_data_pipeline to 2025-10-10 10:00:00+00:00, run_after=2025-10-10 11:00:00+00:00
[2025-10-10T10:24:55.485+0000] {processor.py:183} INFO - Processing /opt/airflow/dags/environmental_data_pipeline.py took 0.103 seconds
[2025-10-10T10:25:26.125+0000] {processor.py:161} INFO - Started process (PID=1298) to work on /opt/airflow/dags/environmental_data_pipeline.py
[2025-10-10T10:25:26.127+0000] {processor.py:830} INFO - Processing file /opt/airflow/dags/environmental_data_pipeline.py for tasks to queue
[2025-10-10T10:25:26.128+0000] {logging_mixin.py:188} INFO - [2025-10-10T10:25:26.128+0000] {dagbag.py:540} INFO - Filling up the DagBag from /opt/airflow/dags/environmental_data_pipeline.py
[2025-10-10T10:25:26.142+0000] {processor.py:840} INFO - DAG(s) 'environmental_data_pipeline' retrieved from /opt/airflow/dags/environmental_data_pipeline.py
[2025-10-10T10:25:26.176+0000] {logging_mixin.py:188} INFO - [2025-10-10T10:25:26.175+0000] {dag.py:3047} INFO - Sync 1 DAGs
[2025-10-10T10:25:26.207+0000] {logging_mixin.py:188} INFO - [2025-10-10T10:25:26.207+0000] {dag.py:3834} INFO - Setting next_dagrun for environmental_data_pipeline to 2025-10-10 10:00:00+00:00, run_after=2025-10-10 11:00:00+00:00
[2025-10-10T10:25:26.228+0000] {processor.py:183} INFO - Processing /opt/airflow/dags/environmental_data_pipeline.py took 0.109 seconds
[2025-10-10T10:25:56.898+0000] {processor.py:161} INFO - Started process (PID=1303) to work on /opt/airflow/dags/environmental_data_pipeline.py
[2025-10-10T10:25:56.902+0000] {processor.py:830} INFO - Processing file /opt/airflow/dags/environmental_data_pipeline.py for tasks to queue
[2025-10-10T10:25:56.903+0000] {logging_mixin.py:188} INFO - [2025-10-10T10:25:56.903+0000] {dagbag.py:540} INFO - Filling up the DagBag from /opt/airflow/dags/environmental_data_pipeline.py
[2025-10-10T10:25:56.916+0000] {processor.py:840} INFO - DAG(s) 'environmental_data_pipeline' retrieved from /opt/airflow/dags/environmental_data_pipeline.py
[2025-10-10T10:25:56.944+0000] {logging_mixin.py:188} INFO - [2025-10-10T10:25:56.944+0000] {dag.py:3047} INFO - Sync 1 DAGs
[2025-10-10T10:25:56.967+0000] {logging_mixin.py:188} INFO - [2025-10-10T10:25:56.967+0000] {dag.py:3834} INFO - Setting next_dagrun for environmental_data_pipeline to 2025-10-10 10:00:00+00:00, run_after=2025-10-10 11:00:00+00:00
[2025-10-10T10:25:57.042+0000] {processor.py:183} INFO - Processing /opt/airflow/dags/environmental_data_pipeline.py took 0.148 seconds
[2025-10-10T10:26:27.556+0000] {processor.py:161} INFO - Started process (PID=1308) to work on /opt/airflow/dags/environmental_data_pipeline.py
[2025-10-10T10:26:27.557+0000] {processor.py:830} INFO - Processing file /opt/airflow/dags/environmental_data_pipeline.py for tasks to queue
[2025-10-10T10:26:27.558+0000] {logging_mixin.py:188} INFO - [2025-10-10T10:26:27.558+0000] {dagbag.py:540} INFO - Filling up the DagBag from /opt/airflow/dags/environmental_data_pipeline.py
[2025-10-10T10:26:27.570+0000] {processor.py:840} INFO - DAG(s) 'environmental_data_pipeline' retrieved from /opt/airflow/dags/environmental_data_pipeline.py
[2025-10-10T10:26:27.599+0000] {logging_mixin.py:188} INFO - [2025-10-10T10:26:27.598+0000] {dag.py:3047} INFO - Sync 1 DAGs
[2025-10-10T10:26:27.628+0000] {logging_mixin.py:188} INFO - [2025-10-10T10:26:27.627+0000] {dag.py:3834} INFO - Setting next_dagrun for environmental_data_pipeline to 2025-10-10 10:00:00+00:00, run_after=2025-10-10 11:00:00+00:00
[2025-10-10T10:26:27.666+0000] {processor.py:183} INFO - Processing /opt/airflow/dags/environmental_data_pipeline.py took 0.115 seconds
[2025-10-10T10:26:58.306+0000] {processor.py:161} INFO - Started process (PID=1313) to work on /opt/airflow/dags/environmental_data_pipeline.py
[2025-10-10T10:26:58.337+0000] {processor.py:830} INFO - Processing file /opt/airflow/dags/environmental_data_pipeline.py for tasks to queue
[2025-10-10T10:26:58.339+0000] {logging_mixin.py:188} INFO - [2025-10-10T10:26:58.338+0000] {dagbag.py:540} INFO - Filling up the DagBag from /opt/airflow/dags/environmental_data_pipeline.py
[2025-10-10T10:26:58.648+0000] {processor.py:840} INFO - DAG(s) 'environmental_data_pipeline' retrieved from /opt/airflow/dags/environmental_data_pipeline.py
[2025-10-10T10:26:58.999+0000] {logging_mixin.py:188} INFO - [2025-10-10T10:26:58.998+0000] {dag.py:3047} INFO - Sync 1 DAGs
[2025-10-10T10:26:59.854+0000] {logging_mixin.py:188} INFO - [2025-10-10T10:26:59.766+0000] {dag.py:3834} INFO - Setting next_dagrun for environmental_data_pipeline to 2025-10-10 10:00:00+00:00, run_after=2025-10-10 11:00:00+00:00
[2025-10-10T10:27:00.281+0000] {processor.py:183} INFO - Processing /opt/airflow/dags/environmental_data_pipeline.py took 1.991 seconds
[2025-10-10T10:27:31.024+0000] {processor.py:161} INFO - Started process (PID=1318) to work on /opt/airflow/dags/environmental_data_pipeline.py
[2025-10-10T10:27:31.025+0000] {processor.py:830} INFO - Processing file /opt/airflow/dags/environmental_data_pipeline.py for tasks to queue
[2025-10-10T10:27:31.027+0000] {logging_mixin.py:188} INFO - [2025-10-10T10:27:31.026+0000] {dagbag.py:540} INFO - Filling up the DagBag from /opt/airflow/dags/environmental_data_pipeline.py
[2025-10-10T10:27:31.049+0000] {processor.py:840} INFO - DAG(s) 'environmental_data_pipeline' retrieved from /opt/airflow/dags/environmental_data_pipeline.py
[2025-10-10T10:27:31.101+0000] {logging_mixin.py:188} INFO - [2025-10-10T10:27:31.100+0000] {dag.py:3047} INFO - Sync 1 DAGs
[2025-10-10T10:27:31.131+0000] {logging_mixin.py:188} INFO - [2025-10-10T10:27:31.131+0000] {dag.py:3834} INFO - Setting next_dagrun for environmental_data_pipeline to 2025-10-10 10:00:00+00:00, run_after=2025-10-10 11:00:00+00:00
[2025-10-10T10:27:31.161+0000] {processor.py:183} INFO - Processing /opt/airflow/dags/environmental_data_pipeline.py took 0.141 seconds
[2025-10-10T10:28:01.801+0000] {processor.py:161} INFO - Started process (PID=1323) to work on /opt/airflow/dags/environmental_data_pipeline.py
[2025-10-10T10:28:01.803+0000] {processor.py:830} INFO - Processing file /opt/airflow/dags/environmental_data_pipeline.py for tasks to queue
[2025-10-10T10:28:01.804+0000] {logging_mixin.py:188} INFO - [2025-10-10T10:28:01.803+0000] {dagbag.py:540} INFO - Filling up the DagBag from /opt/airflow/dags/environmental_data_pipeline.py
[2025-10-10T10:28:01.820+0000] {processor.py:840} INFO - DAG(s) 'environmental_data_pipeline' retrieved from /opt/airflow/dags/environmental_data_pipeline.py
[2025-10-10T10:28:01.854+0000] {logging_mixin.py:188} INFO - [2025-10-10T10:28:01.854+0000] {dag.py:3047} INFO - Sync 1 DAGs
[2025-10-10T10:28:01.924+0000] {logging_mixin.py:188} INFO - [2025-10-10T10:28:01.924+0000] {dag.py:3834} INFO - Setting next_dagrun for environmental_data_pipeline to 2025-10-10 10:00:00+00:00, run_after=2025-10-10 11:00:00+00:00
[2025-10-10T10:28:01.956+0000] {processor.py:183} INFO - Processing /opt/airflow/dags/environmental_data_pipeline.py took 0.160 seconds
[2025-10-10T10:28:32.535+0000] {processor.py:161} INFO - Started process (PID=1328) to work on /opt/airflow/dags/environmental_data_pipeline.py
[2025-10-10T10:28:32.537+0000] {processor.py:830} INFO - Processing file /opt/airflow/dags/environmental_data_pipeline.py for tasks to queue
[2025-10-10T10:28:32.538+0000] {logging_mixin.py:188} INFO - [2025-10-10T10:28:32.538+0000] {dagbag.py:540} INFO - Filling up the DagBag from /opt/airflow/dags/environmental_data_pipeline.py
[2025-10-10T10:28:32.553+0000] {processor.py:840} INFO - DAG(s) 'environmental_data_pipeline' retrieved from /opt/airflow/dags/environmental_data_pipeline.py
[2025-10-10T10:28:32.625+0000] {logging_mixin.py:188} INFO - [2025-10-10T10:28:32.625+0000] {dag.py:3047} INFO - Sync 1 DAGs
[2025-10-10T10:28:32.654+0000] {logging_mixin.py:188} INFO - [2025-10-10T10:28:32.654+0000] {dag.py:3834} INFO - Setting next_dagrun for environmental_data_pipeline to 2025-10-10 10:00:00+00:00, run_after=2025-10-10 11:00:00+00:00
[2025-10-10T10:28:32.686+0000] {processor.py:183} INFO - Processing /opt/airflow/dags/environmental_data_pipeline.py took 0.156 seconds
[2025-10-10T10:29:03.325+0000] {processor.py:161} INFO - Started process (PID=1333) to work on /opt/airflow/dags/environmental_data_pipeline.py
[2025-10-10T10:29:03.327+0000] {processor.py:830} INFO - Processing file /opt/airflow/dags/environmental_data_pipeline.py for tasks to queue
[2025-10-10T10:29:03.329+0000] {logging_mixin.py:188} INFO - [2025-10-10T10:29:03.328+0000] {dagbag.py:540} INFO - Filling up the DagBag from /opt/airflow/dags/environmental_data_pipeline.py
[2025-10-10T10:29:03.356+0000] {processor.py:840} INFO - DAG(s) 'environmental_data_pipeline' retrieved from /opt/airflow/dags/environmental_data_pipeline.py
[2025-10-10T10:29:03.394+0000] {logging_mixin.py:188} INFO - [2025-10-10T10:29:03.393+0000] {dag.py:3047} INFO - Sync 1 DAGs
[2025-10-10T10:29:03.480+0000] {logging_mixin.py:188} INFO - [2025-10-10T10:29:03.479+0000] {dag.py:3834} INFO - Setting next_dagrun for environmental_data_pipeline to 2025-10-10 10:00:00+00:00, run_after=2025-10-10 11:00:00+00:00
[2025-10-10T10:29:03.551+0000] {processor.py:183} INFO - Processing /opt/airflow/dags/environmental_data_pipeline.py took 0.232 seconds
[2025-10-10T10:29:34.139+0000] {processor.py:161} INFO - Started process (PID=1338) to work on /opt/airflow/dags/environmental_data_pipeline.py
[2025-10-10T10:29:34.141+0000] {processor.py:830} INFO - Processing file /opt/airflow/dags/environmental_data_pipeline.py for tasks to queue
[2025-10-10T10:29:34.142+0000] {logging_mixin.py:188} INFO - [2025-10-10T10:29:34.142+0000] {dagbag.py:540} INFO - Filling up the DagBag from /opt/airflow/dags/environmental_data_pipeline.py
[2025-10-10T10:29:34.161+0000] {processor.py:840} INFO - DAG(s) 'environmental_data_pipeline' retrieved from /opt/airflow/dags/environmental_data_pipeline.py
[2025-10-10T10:29:34.215+0000] {logging_mixin.py:188} INFO - [2025-10-10T10:29:34.214+0000] {dag.py:3047} INFO - Sync 1 DAGs
[2025-10-10T10:29:34.259+0000] {logging_mixin.py:188} INFO - [2025-10-10T10:29:34.259+0000] {dag.py:3834} INFO - Setting next_dagrun for environmental_data_pipeline to 2025-10-10 10:00:00+00:00, run_after=2025-10-10 11:00:00+00:00
[2025-10-10T10:29:34.327+0000] {processor.py:183} INFO - Processing /opt/airflow/dags/environmental_data_pipeline.py took 0.194 seconds
[2025-10-10T10:30:04.879+0000] {processor.py:161} INFO - Started process (PID=1343) to work on /opt/airflow/dags/environmental_data_pipeline.py
[2025-10-10T10:30:04.881+0000] {processor.py:830} INFO - Processing file /opt/airflow/dags/environmental_data_pipeline.py for tasks to queue
[2025-10-10T10:30:04.882+0000] {logging_mixin.py:188} INFO - [2025-10-10T10:30:04.881+0000] {dagbag.py:540} INFO - Filling up the DagBag from /opt/airflow/dags/environmental_data_pipeline.py
[2025-10-10T10:30:04.895+0000] {processor.py:840} INFO - DAG(s) 'environmental_data_pipeline' retrieved from /opt/airflow/dags/environmental_data_pipeline.py
[2025-10-10T10:30:04.929+0000] {logging_mixin.py:188} INFO - [2025-10-10T10:30:04.928+0000] {dag.py:3047} INFO - Sync 1 DAGs
[2025-10-10T10:30:04.971+0000] {logging_mixin.py:188} INFO - [2025-10-10T10:30:04.970+0000] {dag.py:3834} INFO - Setting next_dagrun for environmental_data_pipeline to 2025-10-10 10:00:00+00:00, run_after=2025-10-10 11:00:00+00:00
[2025-10-10T10:30:05.002+0000] {processor.py:183} INFO - Processing /opt/airflow/dags/environmental_data_pipeline.py took 0.127 seconds
[2025-10-10T10:30:35.660+0000] {processor.py:161} INFO - Started process (PID=1348) to work on /opt/airflow/dags/environmental_data_pipeline.py
[2025-10-10T10:30:35.661+0000] {processor.py:830} INFO - Processing file /opt/airflow/dags/environmental_data_pipeline.py for tasks to queue
[2025-10-10T10:30:35.662+0000] {logging_mixin.py:188} INFO - [2025-10-10T10:30:35.662+0000] {dagbag.py:540} INFO - Filling up the DagBag from /opt/airflow/dags/environmental_data_pipeline.py
[2025-10-10T10:30:35.681+0000] {processor.py:840} INFO - DAG(s) 'environmental_data_pipeline' retrieved from /opt/airflow/dags/environmental_data_pipeline.py
[2025-10-10T10:30:35.778+0000] {logging_mixin.py:188} INFO - [2025-10-10T10:30:35.778+0000] {dag.py:3047} INFO - Sync 1 DAGs
[2025-10-10T10:30:35.817+0000] {logging_mixin.py:188} INFO - [2025-10-10T10:30:35.817+0000] {dag.py:3834} INFO - Setting next_dagrun for environmental_data_pipeline to 2025-10-10 10:00:00+00:00, run_after=2025-10-10 11:00:00+00:00
[2025-10-10T10:30:35.842+0000] {processor.py:183} INFO - Processing /opt/airflow/dags/environmental_data_pipeline.py took 0.185 seconds
[2025-10-10T10:31:06.366+0000] {processor.py:161} INFO - Started process (PID=1353) to work on /opt/airflow/dags/environmental_data_pipeline.py
[2025-10-10T10:31:06.369+0000] {processor.py:830} INFO - Processing file /opt/airflow/dags/environmental_data_pipeline.py for tasks to queue
[2025-10-10T10:31:06.370+0000] {logging_mixin.py:188} INFO - [2025-10-10T10:31:06.369+0000] {dagbag.py:540} INFO - Filling up the DagBag from /opt/airflow/dags/environmental_data_pipeline.py
[2025-10-10T10:31:06.385+0000] {processor.py:840} INFO - DAG(s) 'environmental_data_pipeline' retrieved from /opt/airflow/dags/environmental_data_pipeline.py
[2025-10-10T10:31:06.427+0000] {logging_mixin.py:188} INFO - [2025-10-10T10:31:06.427+0000] {dag.py:3047} INFO - Sync 1 DAGs
[2025-10-10T10:31:06.457+0000] {logging_mixin.py:188} INFO - [2025-10-10T10:31:06.457+0000] {dag.py:3834} INFO - Setting next_dagrun for environmental_data_pipeline to 2025-10-10 10:00:00+00:00, run_after=2025-10-10 11:00:00+00:00
[2025-10-10T10:31:06.550+0000] {processor.py:183} INFO - Processing /opt/airflow/dags/environmental_data_pipeline.py took 0.188 seconds
[2025-10-10T10:31:37.295+0000] {processor.py:161} INFO - Started process (PID=1358) to work on /opt/airflow/dags/environmental_data_pipeline.py
[2025-10-10T10:31:37.296+0000] {processor.py:830} INFO - Processing file /opt/airflow/dags/environmental_data_pipeline.py for tasks to queue
[2025-10-10T10:31:37.298+0000] {logging_mixin.py:188} INFO - [2025-10-10T10:31:37.297+0000] {dagbag.py:540} INFO - Filling up the DagBag from /opt/airflow/dags/environmental_data_pipeline.py
[2025-10-10T10:31:37.310+0000] {processor.py:840} INFO - DAG(s) 'environmental_data_pipeline' retrieved from /opt/airflow/dags/environmental_data_pipeline.py
[2025-10-10T10:31:37.342+0000] {logging_mixin.py:188} INFO - [2025-10-10T10:31:37.342+0000] {dag.py:3047} INFO - Sync 1 DAGs
[2025-10-10T10:31:37.401+0000] {logging_mixin.py:188} INFO - [2025-10-10T10:31:37.401+0000] {dag.py:3834} INFO - Setting next_dagrun for environmental_data_pipeline to 2025-10-10 10:00:00+00:00, run_after=2025-10-10 11:00:00+00:00
[2025-10-10T10:31:37.446+0000] {processor.py:183} INFO - Processing /opt/airflow/dags/environmental_data_pipeline.py took 0.154 seconds
[2025-10-10T10:32:07.925+0000] {processor.py:161} INFO - Started process (PID=1363) to work on /opt/airflow/dags/environmental_data_pipeline.py
[2025-10-10T10:32:07.926+0000] {processor.py:830} INFO - Processing file /opt/airflow/dags/environmental_data_pipeline.py for tasks to queue
[2025-10-10T10:32:07.927+0000] {logging_mixin.py:188} INFO - [2025-10-10T10:32:07.927+0000] {dagbag.py:540} INFO - Filling up the DagBag from /opt/airflow/dags/environmental_data_pipeline.py
[2025-10-10T10:32:07.999+0000] {processor.py:840} INFO - DAG(s) 'environmental_data_pipeline' retrieved from /opt/airflow/dags/environmental_data_pipeline.py
[2025-10-10T10:32:08.036+0000] {logging_mixin.py:188} INFO - [2025-10-10T10:32:08.036+0000] {dag.py:3047} INFO - Sync 1 DAGs
[2025-10-10T10:32:08.070+0000] {logging_mixin.py:188} INFO - [2025-10-10T10:32:08.070+0000] {dag.py:3834} INFO - Setting next_dagrun for environmental_data_pipeline to 2025-10-10 10:00:00+00:00, run_after=2025-10-10 11:00:00+00:00
[2025-10-10T10:32:08.109+0000] {processor.py:183} INFO - Processing /opt/airflow/dags/environmental_data_pipeline.py took 0.188 seconds
[2025-10-10T10:32:38.812+0000] {processor.py:161} INFO - Started process (PID=1368) to work on /opt/airflow/dags/environmental_data_pipeline.py
[2025-10-10T10:32:38.814+0000] {processor.py:830} INFO - Processing file /opt/airflow/dags/environmental_data_pipeline.py for tasks to queue
[2025-10-10T10:32:38.815+0000] {logging_mixin.py:188} INFO - [2025-10-10T10:32:38.815+0000] {dagbag.py:540} INFO - Filling up the DagBag from /opt/airflow/dags/environmental_data_pipeline.py
[2025-10-10T10:32:38.829+0000] {processor.py:840} INFO - DAG(s) 'environmental_data_pipeline' retrieved from /opt/airflow/dags/environmental_data_pipeline.py
[2025-10-10T10:32:38.888+0000] {logging_mixin.py:188} INFO - [2025-10-10T10:32:38.888+0000] {dag.py:3047} INFO - Sync 1 DAGs
[2025-10-10T10:32:38.954+0000] {logging_mixin.py:188} INFO - [2025-10-10T10:32:38.953+0000] {dag.py:3834} INFO - Setting next_dagrun for environmental_data_pipeline to 2025-10-10 10:00:00+00:00, run_after=2025-10-10 11:00:00+00:00
[2025-10-10T10:32:39.026+0000] {processor.py:183} INFO - Processing /opt/airflow/dags/environmental_data_pipeline.py took 0.218 seconds
[2025-10-10T10:33:09.240+0000] {processor.py:161} INFO - Started process (PID=1373) to work on /opt/airflow/dags/environmental_data_pipeline.py
[2025-10-10T10:33:09.242+0000] {processor.py:830} INFO - Processing file /opt/airflow/dags/environmental_data_pipeline.py for tasks to queue
[2025-10-10T10:33:09.242+0000] {logging_mixin.py:188} INFO - [2025-10-10T10:33:09.242+0000] {dagbag.py:540} INFO - Filling up the DagBag from /opt/airflow/dags/environmental_data_pipeline.py
[2025-10-10T10:33:09.253+0000] {processor.py:840} INFO - DAG(s) 'environmental_data_pipeline' retrieved from /opt/airflow/dags/environmental_data_pipeline.py
[2025-10-10T10:33:09.283+0000] {logging_mixin.py:188} INFO - [2025-10-10T10:33:09.282+0000] {dag.py:3047} INFO - Sync 1 DAGs
[2025-10-10T10:33:09.315+0000] {logging_mixin.py:188} INFO - [2025-10-10T10:33:09.315+0000] {dag.py:3834} INFO - Setting next_dagrun for environmental_data_pipeline to 2025-10-10 10:00:00+00:00, run_after=2025-10-10 11:00:00+00:00
[2025-10-10T10:33:09.346+0000] {processor.py:183} INFO - Processing /opt/airflow/dags/environmental_data_pipeline.py took 0.110 seconds
[2025-10-10T10:33:39.893+0000] {processor.py:161} INFO - Started process (PID=1378) to work on /opt/airflow/dags/environmental_data_pipeline.py
[2025-10-10T10:33:39.895+0000] {processor.py:830} INFO - Processing file /opt/airflow/dags/environmental_data_pipeline.py for tasks to queue
[2025-10-10T10:33:39.896+0000] {logging_mixin.py:188} INFO - [2025-10-10T10:33:39.896+0000] {dagbag.py:540} INFO - Filling up the DagBag from /opt/airflow/dags/environmental_data_pipeline.py
[2025-10-10T10:33:39.911+0000] {processor.py:840} INFO - DAG(s) 'environmental_data_pipeline' retrieved from /opt/airflow/dags/environmental_data_pipeline.py
[2025-10-10T10:33:39.945+0000] {logging_mixin.py:188} INFO - [2025-10-10T10:33:39.944+0000] {dag.py:3047} INFO - Sync 1 DAGs
[2025-10-10T10:33:39.979+0000] {logging_mixin.py:188} INFO - [2025-10-10T10:33:39.979+0000] {dag.py:3834} INFO - Setting next_dagrun for environmental_data_pipeline to 2025-10-10 10:00:00+00:00, run_after=2025-10-10 11:00:00+00:00
[2025-10-10T10:33:40.025+0000] {processor.py:183} INFO - Processing /opt/airflow/dags/environmental_data_pipeline.py took 0.136 seconds
[2025-10-10T10:34:10.647+0000] {processor.py:161} INFO - Started process (PID=1383) to work on /opt/airflow/dags/environmental_data_pipeline.py
[2025-10-10T10:34:10.649+0000] {processor.py:830} INFO - Processing file /opt/airflow/dags/environmental_data_pipeline.py for tasks to queue
[2025-10-10T10:34:10.650+0000] {logging_mixin.py:188} INFO - [2025-10-10T10:34:10.649+0000] {dagbag.py:540} INFO - Filling up the DagBag from /opt/airflow/dags/environmental_data_pipeline.py
[2025-10-10T10:34:10.665+0000] {processor.py:840} INFO - DAG(s) 'environmental_data_pipeline' retrieved from /opt/airflow/dags/environmental_data_pipeline.py
[2025-10-10T10:34:10.726+0000] {logging_mixin.py:188} INFO - [2025-10-10T10:34:10.726+0000] {dag.py:3047} INFO - Sync 1 DAGs
[2025-10-10T10:34:10.751+0000] {logging_mixin.py:188} INFO - [2025-10-10T10:34:10.751+0000] {dag.py:3834} INFO - Setting next_dagrun for environmental_data_pipeline to 2025-10-10 10:00:00+00:00, run_after=2025-10-10 11:00:00+00:00
[2025-10-10T10:34:10.773+0000] {processor.py:183} INFO - Processing /opt/airflow/dags/environmental_data_pipeline.py took 0.131 seconds
[2025-10-10T10:34:41.277+0000] {processor.py:161} INFO - Started process (PID=1388) to work on /opt/airflow/dags/environmental_data_pipeline.py
[2025-10-10T10:34:41.278+0000] {processor.py:830} INFO - Processing file /opt/airflow/dags/environmental_data_pipeline.py for tasks to queue
[2025-10-10T10:34:41.279+0000] {logging_mixin.py:188} INFO - [2025-10-10T10:34:41.279+0000] {dagbag.py:540} INFO - Filling up the DagBag from /opt/airflow/dags/environmental_data_pipeline.py
[2025-10-10T10:34:41.292+0000] {processor.py:840} INFO - DAG(s) 'environmental_data_pipeline' retrieved from /opt/airflow/dags/environmental_data_pipeline.py
[2025-10-10T10:34:41.322+0000] {logging_mixin.py:188} INFO - [2025-10-10T10:34:41.322+0000] {dag.py:3047} INFO - Sync 1 DAGs
[2025-10-10T10:34:41.347+0000] {logging_mixin.py:188} INFO - [2025-10-10T10:34:41.347+0000] {dag.py:3834} INFO - Setting next_dagrun for environmental_data_pipeline to 2025-10-10 10:00:00+00:00, run_after=2025-10-10 11:00:00+00:00
[2025-10-10T10:34:41.377+0000] {processor.py:183} INFO - Processing /opt/airflow/dags/environmental_data_pipeline.py took 0.105 seconds
[2025-10-10T10:35:11.998+0000] {processor.py:161} INFO - Started process (PID=1393) to work on /opt/airflow/dags/environmental_data_pipeline.py
[2025-10-10T10:35:11.999+0000] {processor.py:830} INFO - Processing file /opt/airflow/dags/environmental_data_pipeline.py for tasks to queue
[2025-10-10T10:35:12.000+0000] {logging_mixin.py:188} INFO - [2025-10-10T10:35:12.000+0000] {dagbag.py:540} INFO - Filling up the DagBag from /opt/airflow/dags/environmental_data_pipeline.py
[2025-10-10T10:35:12.012+0000] {processor.py:840} INFO - DAG(s) 'environmental_data_pipeline' retrieved from /opt/airflow/dags/environmental_data_pipeline.py
[2025-10-10T10:35:12.043+0000] {logging_mixin.py:188} INFO - [2025-10-10T10:35:12.043+0000] {dag.py:3047} INFO - Sync 1 DAGs
[2025-10-10T10:35:12.066+0000] {logging_mixin.py:188} INFO - [2025-10-10T10:35:12.066+0000] {dag.py:3834} INFO - Setting next_dagrun for environmental_data_pipeline to 2025-10-10 10:00:00+00:00, run_after=2025-10-10 11:00:00+00:00
[2025-10-10T10:35:12.091+0000] {processor.py:183} INFO - Processing /opt/airflow/dags/environmental_data_pipeline.py took 0.097 seconds
[2025-10-10T10:35:42.647+0000] {processor.py:161} INFO - Started process (PID=1398) to work on /opt/airflow/dags/environmental_data_pipeline.py
[2025-10-10T10:35:42.648+0000] {processor.py:830} INFO - Processing file /opt/airflow/dags/environmental_data_pipeline.py for tasks to queue
[2025-10-10T10:35:42.649+0000] {logging_mixin.py:188} INFO - [2025-10-10T10:35:42.649+0000] {dagbag.py:540} INFO - Filling up the DagBag from /opt/airflow/dags/environmental_data_pipeline.py
[2025-10-10T10:35:42.663+0000] {processor.py:840} INFO - DAG(s) 'environmental_data_pipeline' retrieved from /opt/airflow/dags/environmental_data_pipeline.py
[2025-10-10T10:35:42.695+0000] {logging_mixin.py:188} INFO - [2025-10-10T10:35:42.695+0000] {dag.py:3047} INFO - Sync 1 DAGs
[2025-10-10T10:35:42.732+0000] {logging_mixin.py:188} INFO - [2025-10-10T10:35:42.732+0000] {dag.py:3834} INFO - Setting next_dagrun for environmental_data_pipeline to 2025-10-10 10:00:00+00:00, run_after=2025-10-10 11:00:00+00:00
[2025-10-10T10:35:42.761+0000] {processor.py:183} INFO - Processing /opt/airflow/dags/environmental_data_pipeline.py took 0.118 seconds
[2025-10-10T10:36:13.516+0000] {processor.py:161} INFO - Started process (PID=1403) to work on /opt/airflow/dags/environmental_data_pipeline.py
[2025-10-10T10:36:13.520+0000] {processor.py:830} INFO - Processing file /opt/airflow/dags/environmental_data_pipeline.py for tasks to queue
[2025-10-10T10:36:13.522+0000] {logging_mixin.py:188} INFO - [2025-10-10T10:36:13.521+0000] {dagbag.py:540} INFO - Filling up the DagBag from /opt/airflow/dags/environmental_data_pipeline.py
[2025-10-10T10:36:13.557+0000] {processor.py:840} INFO - DAG(s) 'environmental_data_pipeline' retrieved from /opt/airflow/dags/environmental_data_pipeline.py
[2025-10-10T10:36:13.602+0000] {logging_mixin.py:188} INFO - [2025-10-10T10:36:13.601+0000] {dag.py:3047} INFO - Sync 1 DAGs
[2025-10-10T10:36:13.645+0000] {logging_mixin.py:188} INFO - [2025-10-10T10:36:13.644+0000] {dag.py:3834} INFO - Setting next_dagrun for environmental_data_pipeline to 2025-10-10 10:00:00+00:00, run_after=2025-10-10 11:00:00+00:00
[2025-10-10T10:36:13.680+0000] {processor.py:183} INFO - Processing /opt/airflow/dags/environmental_data_pipeline.py took 0.178 seconds
[2025-10-10T10:36:44.168+0000] {processor.py:161} INFO - Started process (PID=1408) to work on /opt/airflow/dags/environmental_data_pipeline.py
[2025-10-10T10:36:44.170+0000] {processor.py:830} INFO - Processing file /opt/airflow/dags/environmental_data_pipeline.py for tasks to queue
[2025-10-10T10:36:44.171+0000] {logging_mixin.py:188} INFO - [2025-10-10T10:36:44.171+0000] {dagbag.py:540} INFO - Filling up the DagBag from /opt/airflow/dags/environmental_data_pipeline.py
[2025-10-10T10:36:44.187+0000] {processor.py:840} INFO - DAG(s) 'environmental_data_pipeline' retrieved from /opt/airflow/dags/environmental_data_pipeline.py
[2025-10-10T10:36:44.227+0000] {logging_mixin.py:188} INFO - [2025-10-10T10:36:44.227+0000] {dag.py:3047} INFO - Sync 1 DAGs
[2025-10-10T10:36:44.266+0000] {logging_mixin.py:188} INFO - [2025-10-10T10:36:44.266+0000] {dag.py:3834} INFO - Setting next_dagrun for environmental_data_pipeline to 2025-10-10 10:00:00+00:00, run_after=2025-10-10 11:00:00+00:00
[2025-10-10T10:36:44.295+0000] {processor.py:183} INFO - Processing /opt/airflow/dags/environmental_data_pipeline.py took 0.132 seconds
[2025-10-10T10:37:14.843+0000] {processor.py:161} INFO - Started process (PID=1413) to work on /opt/airflow/dags/environmental_data_pipeline.py
[2025-10-10T10:37:14.844+0000] {processor.py:830} INFO - Processing file /opt/airflow/dags/environmental_data_pipeline.py for tasks to queue
[2025-10-10T10:37:14.845+0000] {logging_mixin.py:188} INFO - [2025-10-10T10:37:14.845+0000] {dagbag.py:540} INFO - Filling up the DagBag from /opt/airflow/dags/environmental_data_pipeline.py
[2025-10-10T10:37:14.858+0000] {processor.py:840} INFO - DAG(s) 'environmental_data_pipeline' retrieved from /opt/airflow/dags/environmental_data_pipeline.py
[2025-10-10T10:37:14.886+0000] {logging_mixin.py:188} INFO - [2025-10-10T10:37:14.886+0000] {dag.py:3047} INFO - Sync 1 DAGs
[2025-10-10T10:37:14.955+0000] {logging_mixin.py:188} INFO - [2025-10-10T10:37:14.955+0000] {dag.py:3834} INFO - Setting next_dagrun for environmental_data_pipeline to 2025-10-10 10:00:00+00:00, run_after=2025-10-10 11:00:00+00:00
[2025-10-10T10:37:14.990+0000] {processor.py:183} INFO - Processing /opt/airflow/dags/environmental_data_pipeline.py took 0.151 seconds
[2025-10-10T10:37:45.570+0000] {processor.py:161} INFO - Started process (PID=1418) to work on /opt/airflow/dags/environmental_data_pipeline.py
[2025-10-10T10:37:45.571+0000] {processor.py:830} INFO - Processing file /opt/airflow/dags/environmental_data_pipeline.py for tasks to queue
[2025-10-10T10:37:45.572+0000] {logging_mixin.py:188} INFO - [2025-10-10T10:37:45.572+0000] {dagbag.py:540} INFO - Filling up the DagBag from /opt/airflow/dags/environmental_data_pipeline.py
[2025-10-10T10:37:45.584+0000] {processor.py:840} INFO - DAG(s) 'environmental_data_pipeline' retrieved from /opt/airflow/dags/environmental_data_pipeline.py
[2025-10-10T10:37:45.616+0000] {logging_mixin.py:188} INFO - [2025-10-10T10:37:45.616+0000] {dag.py:3047} INFO - Sync 1 DAGs
[2025-10-10T10:37:45.642+0000] {logging_mixin.py:188} INFO - [2025-10-10T10:37:45.642+0000] {dag.py:3834} INFO - Setting next_dagrun for environmental_data_pipeline to 2025-10-10 10:00:00+00:00, run_after=2025-10-10 11:00:00+00:00
[2025-10-10T10:37:45.667+0000] {processor.py:183} INFO - Processing /opt/airflow/dags/environmental_data_pipeline.py took 0.102 seconds
[2025-10-10T10:38:16.238+0000] {processor.py:161} INFO - Started process (PID=1423) to work on /opt/airflow/dags/environmental_data_pipeline.py
[2025-10-10T10:38:16.240+0000] {processor.py:830} INFO - Processing file /opt/airflow/dags/environmental_data_pipeline.py for tasks to queue
[2025-10-10T10:38:16.241+0000] {logging_mixin.py:188} INFO - [2025-10-10T10:38:16.241+0000] {dagbag.py:540} INFO - Filling up the DagBag from /opt/airflow/dags/environmental_data_pipeline.py
[2025-10-10T10:38:16.259+0000] {processor.py:840} INFO - DAG(s) 'environmental_data_pipeline' retrieved from /opt/airflow/dags/environmental_data_pipeline.py
[2025-10-10T10:38:16.294+0000] {logging_mixin.py:188} INFO - [2025-10-10T10:38:16.294+0000] {dag.py:3047} INFO - Sync 1 DAGs
[2025-10-10T10:38:16.323+0000] {logging_mixin.py:188} INFO - [2025-10-10T10:38:16.323+0000] {dag.py:3834} INFO - Setting next_dagrun for environmental_data_pipeline to 2025-10-10 10:00:00+00:00, run_after=2025-10-10 11:00:00+00:00
[2025-10-10T10:38:16.348+0000] {processor.py:183} INFO - Processing /opt/airflow/dags/environmental_data_pipeline.py took 0.116 seconds
[2025-10-10T10:38:46.917+0000] {processor.py:161} INFO - Started process (PID=1428) to work on /opt/airflow/dags/environmental_data_pipeline.py
[2025-10-10T10:38:46.920+0000] {processor.py:830} INFO - Processing file /opt/airflow/dags/environmental_data_pipeline.py for tasks to queue
[2025-10-10T10:38:46.921+0000] {logging_mixin.py:188} INFO - [2025-10-10T10:38:46.920+0000] {dagbag.py:540} INFO - Filling up the DagBag from /opt/airflow/dags/environmental_data_pipeline.py
[2025-10-10T10:38:46.935+0000] {processor.py:840} INFO - DAG(s) 'environmental_data_pipeline' retrieved from /opt/airflow/dags/environmental_data_pipeline.py
[2025-10-10T10:38:46.965+0000] {logging_mixin.py:188} INFO - [2025-10-10T10:38:46.965+0000] {dag.py:3047} INFO - Sync 1 DAGs
[2025-10-10T10:38:46.990+0000] {logging_mixin.py:188} INFO - [2025-10-10T10:38:46.990+0000] {dag.py:3834} INFO - Setting next_dagrun for environmental_data_pipeline to 2025-10-10 10:00:00+00:00, run_after=2025-10-10 11:00:00+00:00
[2025-10-10T10:38:47.014+0000] {processor.py:183} INFO - Processing /opt/airflow/dags/environmental_data_pipeline.py took 0.101 seconds
[2025-10-10T10:39:17.655+0000] {processor.py:161} INFO - Started process (PID=1433) to work on /opt/airflow/dags/environmental_data_pipeline.py
[2025-10-10T10:39:17.656+0000] {processor.py:830} INFO - Processing file /opt/airflow/dags/environmental_data_pipeline.py for tasks to queue
[2025-10-10T10:39:17.657+0000] {logging_mixin.py:188} INFO - [2025-10-10T10:39:17.657+0000] {dagbag.py:540} INFO - Filling up the DagBag from /opt/airflow/dags/environmental_data_pipeline.py
[2025-10-10T10:39:17.677+0000] {processor.py:840} INFO - DAG(s) 'environmental_data_pipeline' retrieved from /opt/airflow/dags/environmental_data_pipeline.py
[2025-10-10T10:39:17.722+0000] {logging_mixin.py:188} INFO - [2025-10-10T10:39:17.721+0000] {dag.py:3047} INFO - Sync 1 DAGs
[2025-10-10T10:39:17.752+0000] {logging_mixin.py:188} INFO - [2025-10-10T10:39:17.751+0000] {dag.py:3834} INFO - Setting next_dagrun for environmental_data_pipeline to 2025-10-10 10:00:00+00:00, run_after=2025-10-10 11:00:00+00:00
[2025-10-10T10:39:17.776+0000] {processor.py:183} INFO - Processing /opt/airflow/dags/environmental_data_pipeline.py took 0.126 seconds
[2025-10-10T10:39:48.315+0000] {processor.py:161} INFO - Started process (PID=1438) to work on /opt/airflow/dags/environmental_data_pipeline.py
[2025-10-10T10:39:48.316+0000] {processor.py:830} INFO - Processing file /opt/airflow/dags/environmental_data_pipeline.py for tasks to queue
[2025-10-10T10:39:48.317+0000] {logging_mixin.py:188} INFO - [2025-10-10T10:39:48.317+0000] {dagbag.py:540} INFO - Filling up the DagBag from /opt/airflow/dags/environmental_data_pipeline.py
[2025-10-10T10:39:48.332+0000] {processor.py:840} INFO - DAG(s) 'environmental_data_pipeline' retrieved from /opt/airflow/dags/environmental_data_pipeline.py
[2025-10-10T10:39:48.363+0000] {logging_mixin.py:188} INFO - [2025-10-10T10:39:48.363+0000] {dag.py:3047} INFO - Sync 1 DAGs
[2025-10-10T10:39:48.391+0000] {logging_mixin.py:188} INFO - [2025-10-10T10:39:48.390+0000] {dag.py:3834} INFO - Setting next_dagrun for environmental_data_pipeline to 2025-10-10 10:00:00+00:00, run_after=2025-10-10 11:00:00+00:00
[2025-10-10T10:39:48.416+0000] {processor.py:183} INFO - Processing /opt/airflow/dags/environmental_data_pipeline.py took 0.107 seconds
[2025-10-10T10:40:19.145+0000] {processor.py:161} INFO - Started process (PID=1443) to work on /opt/airflow/dags/environmental_data_pipeline.py
[2025-10-10T10:40:19.146+0000] {processor.py:830} INFO - Processing file /opt/airflow/dags/environmental_data_pipeline.py for tasks to queue
[2025-10-10T10:40:19.147+0000] {logging_mixin.py:188} INFO - [2025-10-10T10:40:19.147+0000] {dagbag.py:540} INFO - Filling up the DagBag from /opt/airflow/dags/environmental_data_pipeline.py
[2025-10-10T10:40:19.161+0000] {processor.py:840} INFO - DAG(s) 'environmental_data_pipeline' retrieved from /opt/airflow/dags/environmental_data_pipeline.py
[2025-10-10T10:40:19.192+0000] {logging_mixin.py:188} INFO - [2025-10-10T10:40:19.192+0000] {dag.py:3047} INFO - Sync 1 DAGs
[2025-10-10T10:40:19.218+0000] {logging_mixin.py:188} INFO - [2025-10-10T10:40:19.218+0000] {dag.py:3834} INFO - Setting next_dagrun for environmental_data_pipeline to 2025-10-10 10:00:00+00:00, run_after=2025-10-10 11:00:00+00:00
[2025-10-10T10:40:19.249+0000] {processor.py:183} INFO - Processing /opt/airflow/dags/environmental_data_pipeline.py took 0.107 seconds
[2025-10-10T10:40:49.930+0000] {processor.py:161} INFO - Started process (PID=1448) to work on /opt/airflow/dags/environmental_data_pipeline.py
[2025-10-10T10:40:49.931+0000] {processor.py:830} INFO - Processing file /opt/airflow/dags/environmental_data_pipeline.py for tasks to queue
[2025-10-10T10:40:49.932+0000] {logging_mixin.py:188} INFO - [2025-10-10T10:40:49.932+0000] {dagbag.py:540} INFO - Filling up the DagBag from /opt/airflow/dags/environmental_data_pipeline.py
[2025-10-10T10:40:49.946+0000] {processor.py:840} INFO - DAG(s) 'environmental_data_pipeline' retrieved from /opt/airflow/dags/environmental_data_pipeline.py
[2025-10-10T10:40:49.979+0000] {logging_mixin.py:188} INFO - [2025-10-10T10:40:49.978+0000] {dag.py:3047} INFO - Sync 1 DAGs
[2025-10-10T10:40:50.002+0000] {logging_mixin.py:188} INFO - [2025-10-10T10:40:50.002+0000] {dag.py:3834} INFO - Setting next_dagrun for environmental_data_pipeline to 2025-10-10 10:00:00+00:00, run_after=2025-10-10 11:00:00+00:00
[2025-10-10T10:40:50.028+0000] {processor.py:183} INFO - Processing /opt/airflow/dags/environmental_data_pipeline.py took 0.104 seconds
[2025-10-10T10:41:20.623+0000] {processor.py:161} INFO - Started process (PID=1453) to work on /opt/airflow/dags/environmental_data_pipeline.py
[2025-10-10T10:41:20.626+0000] {processor.py:830} INFO - Processing file /opt/airflow/dags/environmental_data_pipeline.py for tasks to queue
[2025-10-10T10:41:20.627+0000] {logging_mixin.py:188} INFO - [2025-10-10T10:41:20.626+0000] {dagbag.py:540} INFO - Filling up the DagBag from /opt/airflow/dags/environmental_data_pipeline.py
[2025-10-10T10:41:20.643+0000] {processor.py:840} INFO - DAG(s) 'environmental_data_pipeline' retrieved from /opt/airflow/dags/environmental_data_pipeline.py
[2025-10-10T10:41:20.672+0000] {logging_mixin.py:188} INFO - [2025-10-10T10:41:20.671+0000] {dag.py:3047} INFO - Sync 1 DAGs
[2025-10-10T10:41:20.694+0000] {logging_mixin.py:188} INFO - [2025-10-10T10:41:20.694+0000] {dag.py:3834} INFO - Setting next_dagrun for environmental_data_pipeline to 2025-10-10 10:00:00+00:00, run_after=2025-10-10 11:00:00+00:00
[2025-10-10T10:41:20.719+0000] {processor.py:183} INFO - Processing /opt/airflow/dags/environmental_data_pipeline.py took 0.101 seconds
[2025-10-10T10:41:51.368+0000] {processor.py:161} INFO - Started process (PID=1458) to work on /opt/airflow/dags/environmental_data_pipeline.py
[2025-10-10T10:41:51.371+0000] {processor.py:830} INFO - Processing file /opt/airflow/dags/environmental_data_pipeline.py for tasks to queue
[2025-10-10T10:41:51.372+0000] {logging_mixin.py:188} INFO - [2025-10-10T10:41:51.372+0000] {dagbag.py:540} INFO - Filling up the DagBag from /opt/airflow/dags/environmental_data_pipeline.py
[2025-10-10T10:41:51.399+0000] {processor.py:840} INFO - DAG(s) 'environmental_data_pipeline' retrieved from /opt/airflow/dags/environmental_data_pipeline.py
[2025-10-10T10:41:51.437+0000] {logging_mixin.py:188} INFO - [2025-10-10T10:41:51.437+0000] {dag.py:3047} INFO - Sync 1 DAGs
[2025-10-10T10:41:51.466+0000] {logging_mixin.py:188} INFO - [2025-10-10T10:41:51.465+0000] {dag.py:3834} INFO - Setting next_dagrun for environmental_data_pipeline to 2025-10-10 10:00:00+00:00, run_after=2025-10-10 11:00:00+00:00
[2025-10-10T10:41:51.490+0000] {processor.py:183} INFO - Processing /opt/airflow/dags/environmental_data_pipeline.py took 0.126 seconds
[2025-10-10T10:42:22.048+0000] {processor.py:161} INFO - Started process (PID=1463) to work on /opt/airflow/dags/environmental_data_pipeline.py
[2025-10-10T10:42:22.049+0000] {processor.py:830} INFO - Processing file /opt/airflow/dags/environmental_data_pipeline.py for tasks to queue
[2025-10-10T10:42:22.050+0000] {logging_mixin.py:188} INFO - [2025-10-10T10:42:22.049+0000] {dagbag.py:540} INFO - Filling up the DagBag from /opt/airflow/dags/environmental_data_pipeline.py
[2025-10-10T10:42:22.063+0000] {processor.py:840} INFO - DAG(s) 'environmental_data_pipeline' retrieved from /opt/airflow/dags/environmental_data_pipeline.py
[2025-10-10T10:42:22.094+0000] {logging_mixin.py:188} INFO - [2025-10-10T10:42:22.094+0000] {dag.py:3047} INFO - Sync 1 DAGs
[2025-10-10T10:42:22.117+0000] {logging_mixin.py:188} INFO - [2025-10-10T10:42:22.117+0000] {dag.py:3834} INFO - Setting next_dagrun for environmental_data_pipeline to 2025-10-10 10:00:00+00:00, run_after=2025-10-10 11:00:00+00:00
[2025-10-10T10:42:22.145+0000] {processor.py:183} INFO - Processing /opt/airflow/dags/environmental_data_pipeline.py took 0.102 seconds
[2025-10-10T10:42:52.709+0000] {processor.py:161} INFO - Started process (PID=1468) to work on /opt/airflow/dags/environmental_data_pipeline.py
[2025-10-10T10:42:52.711+0000] {processor.py:830} INFO - Processing file /opt/airflow/dags/environmental_data_pipeline.py for tasks to queue
[2025-10-10T10:42:52.712+0000] {logging_mixin.py:188} INFO - [2025-10-10T10:42:52.711+0000] {dagbag.py:540} INFO - Filling up the DagBag from /opt/airflow/dags/environmental_data_pipeline.py
[2025-10-10T10:42:52.723+0000] {processor.py:840} INFO - DAG(s) 'environmental_data_pipeline' retrieved from /opt/airflow/dags/environmental_data_pipeline.py
[2025-10-10T10:42:52.753+0000] {logging_mixin.py:188} INFO - [2025-10-10T10:42:52.752+0000] {dag.py:3047} INFO - Sync 1 DAGs
[2025-10-10T10:42:52.775+0000] {logging_mixin.py:188} INFO - [2025-10-10T10:42:52.775+0000] {dag.py:3834} INFO - Setting next_dagrun for environmental_data_pipeline to 2025-10-10 10:00:00+00:00, run_after=2025-10-10 11:00:00+00:00
[2025-10-10T10:42:52.802+0000] {processor.py:183} INFO - Processing /opt/airflow/dags/environmental_data_pipeline.py took 0.096 seconds
[2025-10-10T10:43:23.476+0000] {processor.py:161} INFO - Started process (PID=1473) to work on /opt/airflow/dags/environmental_data_pipeline.py
[2025-10-10T10:43:23.479+0000] {processor.py:830} INFO - Processing file /opt/airflow/dags/environmental_data_pipeline.py for tasks to queue
[2025-10-10T10:43:23.480+0000] {logging_mixin.py:188} INFO - [2025-10-10T10:43:23.480+0000] {dagbag.py:540} INFO - Filling up the DagBag from /opt/airflow/dags/environmental_data_pipeline.py
[2025-10-10T10:43:23.498+0000] {processor.py:840} INFO - DAG(s) 'environmental_data_pipeline' retrieved from /opt/airflow/dags/environmental_data_pipeline.py
[2025-10-10T10:43:23.540+0000] {logging_mixin.py:188} INFO - [2025-10-10T10:43:23.540+0000] {dag.py:3047} INFO - Sync 1 DAGs
[2025-10-10T10:43:23.572+0000] {logging_mixin.py:188} INFO - [2025-10-10T10:43:23.572+0000] {dag.py:3834} INFO - Setting next_dagrun for environmental_data_pipeline to 2025-10-10 10:00:00+00:00, run_after=2025-10-10 11:00:00+00:00
[2025-10-10T10:43:23.596+0000] {processor.py:183} INFO - Processing /opt/airflow/dags/environmental_data_pipeline.py took 0.124 seconds
[2025-10-10T10:43:54.179+0000] {processor.py:161} INFO - Started process (PID=1478) to work on /opt/airflow/dags/environmental_data_pipeline.py
[2025-10-10T10:43:54.180+0000] {processor.py:830} INFO - Processing file /opt/airflow/dags/environmental_data_pipeline.py for tasks to queue
[2025-10-10T10:43:54.181+0000] {logging_mixin.py:188} INFO - [2025-10-10T10:43:54.181+0000] {dagbag.py:540} INFO - Filling up the DagBag from /opt/airflow/dags/environmental_data_pipeline.py
[2025-10-10T10:43:54.193+0000] {processor.py:840} INFO - DAG(s) 'environmental_data_pipeline' retrieved from /opt/airflow/dags/environmental_data_pipeline.py
[2025-10-10T10:43:54.227+0000] {logging_mixin.py:188} INFO - [2025-10-10T10:43:54.227+0000] {dag.py:3047} INFO - Sync 1 DAGs
[2025-10-10T10:43:54.263+0000] {logging_mixin.py:188} INFO - [2025-10-10T10:43:54.262+0000] {dag.py:3834} INFO - Setting next_dagrun for environmental_data_pipeline to 2025-10-10 10:00:00+00:00, run_after=2025-10-10 11:00:00+00:00
[2025-10-10T10:43:54.289+0000] {processor.py:183} INFO - Processing /opt/airflow/dags/environmental_data_pipeline.py took 0.114 seconds
[2025-10-10T10:44:24.828+0000] {processor.py:161} INFO - Started process (PID=1483) to work on /opt/airflow/dags/environmental_data_pipeline.py
[2025-10-10T10:44:24.830+0000] {processor.py:830} INFO - Processing file /opt/airflow/dags/environmental_data_pipeline.py for tasks to queue
[2025-10-10T10:44:24.831+0000] {logging_mixin.py:188} INFO - [2025-10-10T10:44:24.830+0000] {dagbag.py:540} INFO - Filling up the DagBag from /opt/airflow/dags/environmental_data_pipeline.py
[2025-10-10T10:44:24.845+0000] {processor.py:840} INFO - DAG(s) 'environmental_data_pipeline' retrieved from /opt/airflow/dags/environmental_data_pipeline.py
[2025-10-10T10:44:24.876+0000] {logging_mixin.py:188} INFO - [2025-10-10T10:44:24.876+0000] {dag.py:3047} INFO - Sync 1 DAGs
[2025-10-10T10:44:24.916+0000] {logging_mixin.py:188} INFO - [2025-10-10T10:44:24.915+0000] {dag.py:3834} INFO - Setting next_dagrun for environmental_data_pipeline to 2025-10-10 10:00:00+00:00, run_after=2025-10-10 11:00:00+00:00
[2025-10-10T10:44:24.956+0000] {processor.py:183} INFO - Processing /opt/airflow/dags/environmental_data_pipeline.py took 0.131 seconds
[2025-10-10T10:44:55.860+0000] {processor.py:161} INFO - Started process (PID=1488) to work on /opt/airflow/dags/environmental_data_pipeline.py
[2025-10-10T10:44:55.862+0000] {processor.py:830} INFO - Processing file /opt/airflow/dags/environmental_data_pipeline.py for tasks to queue
[2025-10-10T10:44:55.863+0000] {logging_mixin.py:188} INFO - [2025-10-10T10:44:55.862+0000] {dagbag.py:540} INFO - Filling up the DagBag from /opt/airflow/dags/environmental_data_pipeline.py
[2025-10-10T10:44:55.875+0000] {processor.py:840} INFO - DAG(s) 'environmental_data_pipeline' retrieved from /opt/airflow/dags/environmental_data_pipeline.py
[2025-10-10T10:44:55.910+0000] {logging_mixin.py:188} INFO - [2025-10-10T10:44:55.910+0000] {dag.py:3047} INFO - Sync 1 DAGs
[2025-10-10T10:44:55.938+0000] {logging_mixin.py:188} INFO - [2025-10-10T10:44:55.938+0000] {dag.py:3834} INFO - Setting next_dagrun for environmental_data_pipeline to 2025-10-10 10:00:00+00:00, run_after=2025-10-10 11:00:00+00:00
[2025-10-10T10:44:55.968+0000] {processor.py:183} INFO - Processing /opt/airflow/dags/environmental_data_pipeline.py took 0.112 seconds
[2025-10-10T10:45:26.686+0000] {processor.py:161} INFO - Started process (PID=1493) to work on /opt/airflow/dags/environmental_data_pipeline.py
[2025-10-10T10:45:26.687+0000] {processor.py:830} INFO - Processing file /opt/airflow/dags/environmental_data_pipeline.py for tasks to queue
[2025-10-10T10:45:26.688+0000] {logging_mixin.py:188} INFO - [2025-10-10T10:45:26.688+0000] {dagbag.py:540} INFO - Filling up the DagBag from /opt/airflow/dags/environmental_data_pipeline.py
[2025-10-10T10:45:26.700+0000] {processor.py:840} INFO - DAG(s) 'environmental_data_pipeline' retrieved from /opt/airflow/dags/environmental_data_pipeline.py
[2025-10-10T10:45:26.740+0000] {logging_mixin.py:188} INFO - [2025-10-10T10:45:26.740+0000] {dag.py:3047} INFO - Sync 1 DAGs
[2025-10-10T10:45:26.783+0000] {logging_mixin.py:188} INFO - [2025-10-10T10:45:26.783+0000] {dag.py:3834} INFO - Setting next_dagrun for environmental_data_pipeline to 2025-10-10 10:00:00+00:00, run_after=2025-10-10 11:00:00+00:00
[2025-10-10T10:45:26.811+0000] {processor.py:183} INFO - Processing /opt/airflow/dags/environmental_data_pipeline.py took 0.129 seconds
[2025-10-10T10:45:57.413+0000] {processor.py:161} INFO - Started process (PID=1498) to work on /opt/airflow/dags/environmental_data_pipeline.py
[2025-10-10T10:45:57.419+0000] {processor.py:830} INFO - Processing file /opt/airflow/dags/environmental_data_pipeline.py for tasks to queue
[2025-10-10T10:45:57.421+0000] {logging_mixin.py:188} INFO - [2025-10-10T10:45:57.420+0000] {dagbag.py:540} INFO - Filling up the DagBag from /opt/airflow/dags/environmental_data_pipeline.py
[2025-10-10T10:45:57.448+0000] {processor.py:840} INFO - DAG(s) 'environmental_data_pipeline' retrieved from /opt/airflow/dags/environmental_data_pipeline.py
[2025-10-10T10:45:57.490+0000] {logging_mixin.py:188} INFO - [2025-10-10T10:45:57.490+0000] {dag.py:3047} INFO - Sync 1 DAGs
[2025-10-10T10:45:57.520+0000] {logging_mixin.py:188} INFO - [2025-10-10T10:45:57.520+0000] {dag.py:3834} INFO - Setting next_dagrun for environmental_data_pipeline to 2025-10-10 10:00:00+00:00, run_after=2025-10-10 11:00:00+00:00
[2025-10-10T10:45:57.547+0000] {processor.py:183} INFO - Processing /opt/airflow/dags/environmental_data_pipeline.py took 0.145 seconds
[2025-10-10T10:46:28.228+0000] {processor.py:161} INFO - Started process (PID=1503) to work on /opt/airflow/dags/environmental_data_pipeline.py
[2025-10-10T10:46:28.230+0000] {processor.py:830} INFO - Processing file /opt/airflow/dags/environmental_data_pipeline.py for tasks to queue
[2025-10-10T10:46:28.231+0000] {logging_mixin.py:188} INFO - [2025-10-10T10:46:28.231+0000] {dagbag.py:540} INFO - Filling up the DagBag from /opt/airflow/dags/environmental_data_pipeline.py
[2025-10-10T10:46:28.246+0000] {processor.py:840} INFO - DAG(s) 'environmental_data_pipeline' retrieved from /opt/airflow/dags/environmental_data_pipeline.py
[2025-10-10T10:46:28.310+0000] {logging_mixin.py:188} INFO - [2025-10-10T10:46:28.310+0000] {dag.py:3047} INFO - Sync 1 DAGs
[2025-10-10T10:46:28.362+0000] {logging_mixin.py:188} INFO - [2025-10-10T10:46:28.361+0000] {dag.py:3834} INFO - Setting next_dagrun for environmental_data_pipeline to 2025-10-10 10:00:00+00:00, run_after=2025-10-10 11:00:00+00:00
[2025-10-10T10:46:28.419+0000] {processor.py:183} INFO - Processing /opt/airflow/dags/environmental_data_pipeline.py took 0.195 seconds
[2025-10-10T10:46:59.066+0000] {processor.py:161} INFO - Started process (PID=1508) to work on /opt/airflow/dags/environmental_data_pipeline.py
[2025-10-10T10:46:59.077+0000] {processor.py:830} INFO - Processing file /opt/airflow/dags/environmental_data_pipeline.py for tasks to queue
[2025-10-10T10:46:59.079+0000] {logging_mixin.py:188} INFO - [2025-10-10T10:46:59.078+0000] {dagbag.py:540} INFO - Filling up the DagBag from /opt/airflow/dags/environmental_data_pipeline.py
[2025-10-10T10:46:59.150+0000] {processor.py:840} INFO - DAG(s) 'environmental_data_pipeline' retrieved from /opt/airflow/dags/environmental_data_pipeline.py
[2025-10-10T10:46:59.535+0000] {logging_mixin.py:188} INFO - [2025-10-10T10:46:59.534+0000] {dag.py:3047} INFO - Sync 1 DAGs
[2025-10-10T10:47:00.043+0000] {logging_mixin.py:188} INFO - [2025-10-10T10:47:00.042+0000] {dag.py:3834} INFO - Setting next_dagrun for environmental_data_pipeline to 2025-10-10 10:00:00+00:00, run_after=2025-10-10 11:00:00+00:00
[2025-10-10T10:47:00.629+0000] {processor.py:183} INFO - Processing /opt/airflow/dags/environmental_data_pipeline.py took 1.580 seconds
[2025-10-10T10:47:30.853+0000] {processor.py:161} INFO - Started process (PID=1513) to work on /opt/airflow/dags/environmental_data_pipeline.py
[2025-10-10T10:47:30.855+0000] {processor.py:830} INFO - Processing file /opt/airflow/dags/environmental_data_pipeline.py for tasks to queue
[2025-10-10T10:47:30.858+0000] {logging_mixin.py:188} INFO - [2025-10-10T10:47:30.858+0000] {dagbag.py:540} INFO - Filling up the DagBag from /opt/airflow/dags/environmental_data_pipeline.py
[2025-10-10T10:47:30.900+0000] {processor.py:840} INFO - DAG(s) 'environmental_data_pipeline' retrieved from /opt/airflow/dags/environmental_data_pipeline.py
[2025-10-10T10:47:30.962+0000] {logging_mixin.py:188} INFO - [2025-10-10T10:47:30.962+0000] {dag.py:3047} INFO - Sync 1 DAGs
[2025-10-10T10:47:31.060+0000] {logging_mixin.py:188} INFO - [2025-10-10T10:47:31.060+0000] {dag.py:3834} INFO - Setting next_dagrun for environmental_data_pipeline to 2025-10-10 10:00:00+00:00, run_after=2025-10-10 11:00:00+00:00
[2025-10-10T10:47:31.145+0000] {processor.py:183} INFO - Processing /opt/airflow/dags/environmental_data_pipeline.py took 0.296 seconds
[2025-10-10T10:48:01.558+0000] {processor.py:161} INFO - Started process (PID=1518) to work on /opt/airflow/dags/environmental_data_pipeline.py
[2025-10-10T10:48:01.559+0000] {processor.py:830} INFO - Processing file /opt/airflow/dags/environmental_data_pipeline.py for tasks to queue
[2025-10-10T10:48:01.560+0000] {logging_mixin.py:188} INFO - [2025-10-10T10:48:01.560+0000] {dagbag.py:540} INFO - Filling up the DagBag from /opt/airflow/dags/environmental_data_pipeline.py
[2025-10-10T10:48:01.576+0000] {processor.py:840} INFO - DAG(s) 'environmental_data_pipeline' retrieved from /opt/airflow/dags/environmental_data_pipeline.py
[2025-10-10T10:48:01.717+0000] {logging_mixin.py:188} INFO - [2025-10-10T10:48:01.717+0000] {dag.py:3047} INFO - Sync 1 DAGs
[2025-10-10T10:48:01.900+0000] {logging_mixin.py:188} INFO - [2025-10-10T10:48:01.899+0000] {dag.py:3834} INFO - Setting next_dagrun for environmental_data_pipeline to 2025-10-10 10:00:00+00:00, run_after=2025-10-10 11:00:00+00:00
[2025-10-10T10:48:02.002+0000] {processor.py:183} INFO - Processing /opt/airflow/dags/environmental_data_pipeline.py took 0.450 seconds
[2025-10-10T10:48:32.329+0000] {processor.py:161} INFO - Started process (PID=1523) to work on /opt/airflow/dags/environmental_data_pipeline.py
[2025-10-10T10:48:32.331+0000] {processor.py:830} INFO - Processing file /opt/airflow/dags/environmental_data_pipeline.py for tasks to queue
[2025-10-10T10:48:32.333+0000] {logging_mixin.py:188} INFO - [2025-10-10T10:48:32.332+0000] {dagbag.py:540} INFO - Filling up the DagBag from /opt/airflow/dags/environmental_data_pipeline.py
[2025-10-10T10:48:32.356+0000] {processor.py:840} INFO - DAG(s) 'environmental_data_pipeline' retrieved from /opt/airflow/dags/environmental_data_pipeline.py
[2025-10-10T10:48:32.399+0000] {logging_mixin.py:188} INFO - [2025-10-10T10:48:32.399+0000] {dag.py:3047} INFO - Sync 1 DAGs
[2025-10-10T10:48:32.449+0000] {logging_mixin.py:188} INFO - [2025-10-10T10:48:32.448+0000] {dag.py:3834} INFO - Setting next_dagrun for environmental_data_pipeline to 2025-10-10 10:00:00+00:00, run_after=2025-10-10 11:00:00+00:00
[2025-10-10T10:48:32.488+0000] {processor.py:183} INFO - Processing /opt/airflow/dags/environmental_data_pipeline.py took 0.164 seconds
[2025-10-10T10:49:03.169+0000] {processor.py:161} INFO - Started process (PID=1528) to work on /opt/airflow/dags/environmental_data_pipeline.py
[2025-10-10T10:49:03.171+0000] {processor.py:830} INFO - Processing file /opt/airflow/dags/environmental_data_pipeline.py for tasks to queue
[2025-10-10T10:49:03.172+0000] {logging_mixin.py:188} INFO - [2025-10-10T10:49:03.171+0000] {dagbag.py:540} INFO - Filling up the DagBag from /opt/airflow/dags/environmental_data_pipeline.py
[2025-10-10T10:49:03.189+0000] {processor.py:840} INFO - DAG(s) 'environmental_data_pipeline' retrieved from /opt/airflow/dags/environmental_data_pipeline.py
[2025-10-10T10:49:03.227+0000] {logging_mixin.py:188} INFO - [2025-10-10T10:49:03.227+0000] {dag.py:3047} INFO - Sync 1 DAGs
[2025-10-10T10:49:03.258+0000] {logging_mixin.py:188} INFO - [2025-10-10T10:49:03.258+0000] {dag.py:3834} INFO - Setting next_dagrun for environmental_data_pipeline to 2025-10-10 10:00:00+00:00, run_after=2025-10-10 11:00:00+00:00
[2025-10-10T10:49:03.288+0000] {processor.py:183} INFO - Processing /opt/airflow/dags/environmental_data_pipeline.py took 0.124 seconds
[2025-10-10T10:49:33.979+0000] {processor.py:161} INFO - Started process (PID=1533) to work on /opt/airflow/dags/environmental_data_pipeline.py
[2025-10-10T10:49:33.980+0000] {processor.py:830} INFO - Processing file /opt/airflow/dags/environmental_data_pipeline.py for tasks to queue
[2025-10-10T10:49:33.981+0000] {logging_mixin.py:188} INFO - [2025-10-10T10:49:33.981+0000] {dagbag.py:540} INFO - Filling up the DagBag from /opt/airflow/dags/environmental_data_pipeline.py
[2025-10-10T10:49:33.994+0000] {processor.py:840} INFO - DAG(s) 'environmental_data_pipeline' retrieved from /opt/airflow/dags/environmental_data_pipeline.py
[2025-10-10T10:49:34.028+0000] {logging_mixin.py:188} INFO - [2025-10-10T10:49:34.028+0000] {dag.py:3047} INFO - Sync 1 DAGs
[2025-10-10T10:49:34.052+0000] {logging_mixin.py:188} INFO - [2025-10-10T10:49:34.052+0000] {dag.py:3834} INFO - Setting next_dagrun for environmental_data_pipeline to 2025-10-10 10:00:00+00:00, run_after=2025-10-10 11:00:00+00:00
[2025-10-10T10:49:34.077+0000] {processor.py:183} INFO - Processing /opt/airflow/dags/environmental_data_pipeline.py took 0.103 seconds
[2025-10-10T10:50:04.797+0000] {processor.py:161} INFO - Started process (PID=1538) to work on /opt/airflow/dags/environmental_data_pipeline.py
[2025-10-10T10:50:04.799+0000] {processor.py:830} INFO - Processing file /opt/airflow/dags/environmental_data_pipeline.py for tasks to queue
[2025-10-10T10:50:04.800+0000] {logging_mixin.py:188} INFO - [2025-10-10T10:50:04.800+0000] {dagbag.py:540} INFO - Filling up the DagBag from /opt/airflow/dags/environmental_data_pipeline.py
[2025-10-10T10:50:04.812+0000] {processor.py:840} INFO - DAG(s) 'environmental_data_pipeline' retrieved from /opt/airflow/dags/environmental_data_pipeline.py
[2025-10-10T10:50:04.842+0000] {logging_mixin.py:188} INFO - [2025-10-10T10:50:04.842+0000] {dag.py:3047} INFO - Sync 1 DAGs
[2025-10-10T10:50:04.865+0000] {logging_mixin.py:188} INFO - [2025-10-10T10:50:04.865+0000] {dag.py:3834} INFO - Setting next_dagrun for environmental_data_pipeline to 2025-10-10 10:00:00+00:00, run_after=2025-10-10 11:00:00+00:00
[2025-10-10T10:50:04.889+0000] {processor.py:183} INFO - Processing /opt/airflow/dags/environmental_data_pipeline.py took 0.095 seconds
[2025-10-10T10:50:35.553+0000] {processor.py:161} INFO - Started process (PID=1543) to work on /opt/airflow/dags/environmental_data_pipeline.py
[2025-10-10T10:50:35.558+0000] {processor.py:830} INFO - Processing file /opt/airflow/dags/environmental_data_pipeline.py for tasks to queue
[2025-10-10T10:50:35.559+0000] {logging_mixin.py:188} INFO - [2025-10-10T10:50:35.559+0000] {dagbag.py:540} INFO - Filling up the DagBag from /opt/airflow/dags/environmental_data_pipeline.py
[2025-10-10T10:50:35.581+0000] {processor.py:840} INFO - DAG(s) 'environmental_data_pipeline' retrieved from /opt/airflow/dags/environmental_data_pipeline.py
[2025-10-10T10:50:35.623+0000] {logging_mixin.py:188} INFO - [2025-10-10T10:50:35.622+0000] {dag.py:3047} INFO - Sync 1 DAGs
[2025-10-10T10:50:35.655+0000] {logging_mixin.py:188} INFO - [2025-10-10T10:50:35.655+0000] {dag.py:3834} INFO - Setting next_dagrun for environmental_data_pipeline to 2025-10-10 10:00:00+00:00, run_after=2025-10-10 11:00:00+00:00
[2025-10-10T10:50:35.683+0000] {processor.py:183} INFO - Processing /opt/airflow/dags/environmental_data_pipeline.py took 0.134 seconds
[2025-10-10T10:51:06.304+0000] {processor.py:161} INFO - Started process (PID=1548) to work on /opt/airflow/dags/environmental_data_pipeline.py
[2025-10-10T10:51:06.306+0000] {processor.py:830} INFO - Processing file /opt/airflow/dags/environmental_data_pipeline.py for tasks to queue
[2025-10-10T10:51:06.307+0000] {logging_mixin.py:188} INFO - [2025-10-10T10:51:06.307+0000] {dagbag.py:540} INFO - Filling up the DagBag from /opt/airflow/dags/environmental_data_pipeline.py
[2025-10-10T10:51:06.339+0000] {processor.py:840} INFO - DAG(s) 'environmental_data_pipeline' retrieved from /opt/airflow/dags/environmental_data_pipeline.py
[2025-10-10T10:51:06.543+0000] {logging_mixin.py:188} INFO - [2025-10-10T10:51:06.542+0000] {dag.py:3047} INFO - Sync 1 DAGs
[2025-10-10T10:51:06.621+0000] {logging_mixin.py:188} INFO - [2025-10-10T10:51:06.621+0000] {dag.py:3834} INFO - Setting next_dagrun for environmental_data_pipeline to 2025-10-10 10:00:00+00:00, run_after=2025-10-10 11:00:00+00:00
[2025-10-10T10:51:06.653+0000] {processor.py:183} INFO - Processing /opt/airflow/dags/environmental_data_pipeline.py took 0.357 seconds
[2025-10-10T10:51:37.086+0000] {processor.py:161} INFO - Started process (PID=1553) to work on /opt/airflow/dags/environmental_data_pipeline.py
[2025-10-10T10:51:37.087+0000] {processor.py:830} INFO - Processing file /opt/airflow/dags/environmental_data_pipeline.py for tasks to queue
[2025-10-10T10:51:37.088+0000] {logging_mixin.py:188} INFO - [2025-10-10T10:51:37.088+0000] {dagbag.py:540} INFO - Filling up the DagBag from /opt/airflow/dags/environmental_data_pipeline.py
[2025-10-10T10:51:37.106+0000] {processor.py:840} INFO - DAG(s) 'environmental_data_pipeline' retrieved from /opt/airflow/dags/environmental_data_pipeline.py
[2025-10-10T10:51:37.150+0000] {logging_mixin.py:188} INFO - [2025-10-10T10:51:37.149+0000] {dag.py:3047} INFO - Sync 1 DAGs
[2025-10-10T10:51:37.189+0000] {logging_mixin.py:188} INFO - [2025-10-10T10:51:37.189+0000] {dag.py:3834} INFO - Setting next_dagrun for environmental_data_pipeline to 2025-10-10 10:00:00+00:00, run_after=2025-10-10 11:00:00+00:00
[2025-10-10T10:51:37.267+0000] {processor.py:183} INFO - Processing /opt/airflow/dags/environmental_data_pipeline.py took 0.185 seconds
[2025-10-10T10:52:07.831+0000] {processor.py:161} INFO - Started process (PID=1558) to work on /opt/airflow/dags/environmental_data_pipeline.py
[2025-10-10T10:52:07.833+0000] {processor.py:830} INFO - Processing file /opt/airflow/dags/environmental_data_pipeline.py for tasks to queue
[2025-10-10T10:52:07.834+0000] {logging_mixin.py:188} INFO - [2025-10-10T10:52:07.834+0000] {dagbag.py:540} INFO - Filling up the DagBag from /opt/airflow/dags/environmental_data_pipeline.py
[2025-10-10T10:52:07.888+0000] {processor.py:840} INFO - DAG(s) 'environmental_data_pipeline' retrieved from /opt/airflow/dags/environmental_data_pipeline.py
[2025-10-10T10:52:07.931+0000] {logging_mixin.py:188} INFO - [2025-10-10T10:52:07.931+0000] {dag.py:3047} INFO - Sync 1 DAGs
[2025-10-10T10:52:07.961+0000] {logging_mixin.py:188} INFO - [2025-10-10T10:52:07.960+0000] {dag.py:3834} INFO - Setting next_dagrun for environmental_data_pipeline to 2025-10-10 10:00:00+00:00, run_after=2025-10-10 11:00:00+00:00
[2025-10-10T10:52:07.983+0000] {processor.py:183} INFO - Processing /opt/airflow/dags/environmental_data_pipeline.py took 0.156 seconds
[2025-10-10T10:52:38.503+0000] {processor.py:161} INFO - Started process (PID=1563) to work on /opt/airflow/dags/environmental_data_pipeline.py
[2025-10-10T10:52:38.530+0000] {processor.py:830} INFO - Processing file /opt/airflow/dags/environmental_data_pipeline.py for tasks to queue
[2025-10-10T10:52:38.533+0000] {logging_mixin.py:188} INFO - [2025-10-10T10:52:38.531+0000] {dagbag.py:540} INFO - Filling up the DagBag from /opt/airflow/dags/environmental_data_pipeline.py
[2025-10-10T10:52:38.614+0000] {processor.py:840} INFO - DAG(s) 'environmental_data_pipeline' retrieved from /opt/airflow/dags/environmental_data_pipeline.py
[2025-10-10T10:52:38.768+0000] {logging_mixin.py:188} INFO - [2025-10-10T10:52:38.767+0000] {dag.py:3047} INFO - Sync 1 DAGs
[2025-10-10T10:52:38.906+0000] {logging_mixin.py:188} INFO - [2025-10-10T10:52:38.906+0000] {dag.py:3834} INFO - Setting next_dagrun for environmental_data_pipeline to 2025-10-10 10:00:00+00:00, run_after=2025-10-10 11:00:00+00:00
[2025-10-10T10:52:39.111+0000] {processor.py:183} INFO - Processing /opt/airflow/dags/environmental_data_pipeline.py took 0.628 seconds
[2025-10-10T10:53:09.377+0000] {processor.py:161} INFO - Started process (PID=1568) to work on /opt/airflow/dags/environmental_data_pipeline.py
[2025-10-10T10:53:09.381+0000] {processor.py:830} INFO - Processing file /opt/airflow/dags/environmental_data_pipeline.py for tasks to queue
[2025-10-10T10:53:09.383+0000] {logging_mixin.py:188} INFO - [2025-10-10T10:53:09.382+0000] {dagbag.py:540} INFO - Filling up the DagBag from /opt/airflow/dags/environmental_data_pipeline.py
[2025-10-10T10:53:09.415+0000] {processor.py:840} INFO - DAG(s) 'environmental_data_pipeline' retrieved from /opt/airflow/dags/environmental_data_pipeline.py
[2025-10-10T10:53:09.477+0000] {logging_mixin.py:188} INFO - [2025-10-10T10:53:09.477+0000] {dag.py:3047} INFO - Sync 1 DAGs
[2025-10-10T10:53:09.528+0000] {logging_mixin.py:188} INFO - [2025-10-10T10:53:09.527+0000] {dag.py:3834} INFO - Setting next_dagrun for environmental_data_pipeline to 2025-10-10 10:00:00+00:00, run_after=2025-10-10 11:00:00+00:00
[2025-10-10T10:53:09.569+0000] {processor.py:183} INFO - Processing /opt/airflow/dags/environmental_data_pipeline.py took 0.199 seconds
[2025-10-10T10:53:40.191+0000] {processor.py:161} INFO - Started process (PID=1573) to work on /opt/airflow/dags/environmental_data_pipeline.py
[2025-10-10T10:53:40.197+0000] {processor.py:830} INFO - Processing file /opt/airflow/dags/environmental_data_pipeline.py for tasks to queue
[2025-10-10T10:53:40.198+0000] {logging_mixin.py:188} INFO - [2025-10-10T10:53:40.198+0000] {dagbag.py:540} INFO - Filling up the DagBag from /opt/airflow/dags/environmental_data_pipeline.py
[2025-10-10T10:53:40.238+0000] {processor.py:840} INFO - DAG(s) 'environmental_data_pipeline' retrieved from /opt/airflow/dags/environmental_data_pipeline.py
[2025-10-10T10:53:40.374+0000] {logging_mixin.py:188} INFO - [2025-10-10T10:53:40.374+0000] {dag.py:3047} INFO - Sync 1 DAGs
[2025-10-10T10:53:40.529+0000] {logging_mixin.py:188} INFO - [2025-10-10T10:53:40.529+0000] {dag.py:3834} INFO - Setting next_dagrun for environmental_data_pipeline to 2025-10-10 10:00:00+00:00, run_after=2025-10-10 11:00:00+00:00
[2025-10-10T10:53:40.573+0000] {processor.py:183} INFO - Processing /opt/airflow/dags/environmental_data_pipeline.py took 0.386 seconds
[2025-10-10T10:54:11.020+0000] {processor.py:161} INFO - Started process (PID=1578) to work on /opt/airflow/dags/environmental_data_pipeline.py
[2025-10-10T10:54:11.022+0000] {processor.py:830} INFO - Processing file /opt/airflow/dags/environmental_data_pipeline.py for tasks to queue
[2025-10-10T10:54:11.023+0000] {logging_mixin.py:188} INFO - [2025-10-10T10:54:11.022+0000] {dagbag.py:540} INFO - Filling up the DagBag from /opt/airflow/dags/environmental_data_pipeline.py
[2025-10-10T10:54:11.047+0000] {processor.py:840} INFO - DAG(s) 'environmental_data_pipeline' retrieved from /opt/airflow/dags/environmental_data_pipeline.py
[2025-10-10T10:54:11.141+0000] {logging_mixin.py:188} INFO - [2025-10-10T10:54:11.141+0000] {dag.py:3047} INFO - Sync 1 DAGs
[2025-10-10T10:54:11.177+0000] {logging_mixin.py:188} INFO - [2025-10-10T10:54:11.177+0000] {dag.py:3834} INFO - Setting next_dagrun for environmental_data_pipeline to 2025-10-10 10:00:00+00:00, run_after=2025-10-10 11:00:00+00:00
[2025-10-10T10:54:11.206+0000] {processor.py:183} INFO - Processing /opt/airflow/dags/environmental_data_pipeline.py took 0.191 seconds
[2025-10-10T10:54:41.661+0000] {processor.py:161} INFO - Started process (PID=1583) to work on /opt/airflow/dags/environmental_data_pipeline.py
[2025-10-10T10:54:41.664+0000] {processor.py:830} INFO - Processing file /opt/airflow/dags/environmental_data_pipeline.py for tasks to queue
[2025-10-10T10:54:41.665+0000] {logging_mixin.py:188} INFO - [2025-10-10T10:54:41.665+0000] {dagbag.py:540} INFO - Filling up the DagBag from /opt/airflow/dags/environmental_data_pipeline.py
[2025-10-10T10:54:41.718+0000] {processor.py:840} INFO - DAG(s) 'environmental_data_pipeline' retrieved from /opt/airflow/dags/environmental_data_pipeline.py
[2025-10-10T10:54:41.821+0000] {logging_mixin.py:188} INFO - [2025-10-10T10:54:41.820+0000] {dag.py:3047} INFO - Sync 1 DAGs
[2025-10-10T10:54:41.965+0000] {logging_mixin.py:188} INFO - [2025-10-10T10:54:41.965+0000] {dag.py:3834} INFO - Setting next_dagrun for environmental_data_pipeline to 2025-10-10 10:00:00+00:00, run_after=2025-10-10 11:00:00+00:00
[2025-10-10T10:54:42.001+0000] {processor.py:183} INFO - Processing /opt/airflow/dags/environmental_data_pipeline.py took 0.345 seconds
[2025-10-10T10:55:12.522+0000] {processor.py:161} INFO - Started process (PID=1588) to work on /opt/airflow/dags/environmental_data_pipeline.py
[2025-10-10T10:55:12.525+0000] {processor.py:830} INFO - Processing file /opt/airflow/dags/environmental_data_pipeline.py for tasks to queue
[2025-10-10T10:55:12.526+0000] {logging_mixin.py:188} INFO - [2025-10-10T10:55:12.526+0000] {dagbag.py:540} INFO - Filling up the DagBag from /opt/airflow/dags/environmental_data_pipeline.py
[2025-10-10T10:55:12.545+0000] {processor.py:840} INFO - DAG(s) 'environmental_data_pipeline' retrieved from /opt/airflow/dags/environmental_data_pipeline.py
[2025-10-10T10:55:12.585+0000] {logging_mixin.py:188} INFO - [2025-10-10T10:55:12.584+0000] {dag.py:3047} INFO - Sync 1 DAGs
[2025-10-10T10:55:12.631+0000] {logging_mixin.py:188} INFO - [2025-10-10T10:55:12.630+0000] {dag.py:3834} INFO - Setting next_dagrun for environmental_data_pipeline to 2025-10-10 10:00:00+00:00, run_after=2025-10-10 11:00:00+00:00
[2025-10-10T10:55:12.690+0000] {processor.py:183} INFO - Processing /opt/airflow/dags/environmental_data_pipeline.py took 0.173 seconds
[2025-10-10T10:55:43.339+0000] {processor.py:161} INFO - Started process (PID=1593) to work on /opt/airflow/dags/environmental_data_pipeline.py
[2025-10-10T10:55:43.341+0000] {processor.py:830} INFO - Processing file /opt/airflow/dags/environmental_data_pipeline.py for tasks to queue
[2025-10-10T10:55:43.342+0000] {logging_mixin.py:188} INFO - [2025-10-10T10:55:43.342+0000] {dagbag.py:540} INFO - Filling up the DagBag from /opt/airflow/dags/environmental_data_pipeline.py
[2025-10-10T10:55:43.360+0000] {processor.py:840} INFO - DAG(s) 'environmental_data_pipeline' retrieved from /opt/airflow/dags/environmental_data_pipeline.py
[2025-10-10T10:55:43.403+0000] {logging_mixin.py:188} INFO - [2025-10-10T10:55:43.402+0000] {dag.py:3047} INFO - Sync 1 DAGs
[2025-10-10T10:55:43.449+0000] {logging_mixin.py:188} INFO - [2025-10-10T10:55:43.448+0000] {dag.py:3834} INFO - Setting next_dagrun for environmental_data_pipeline to 2025-10-10 10:00:00+00:00, run_after=2025-10-10 11:00:00+00:00
[2025-10-10T10:55:43.490+0000] {processor.py:183} INFO - Processing /opt/airflow/dags/environmental_data_pipeline.py took 0.157 seconds
[2025-10-10T10:56:13.933+0000] {processor.py:161} INFO - Started process (PID=1598) to work on /opt/airflow/dags/environmental_data_pipeline.py
[2025-10-10T10:56:13.940+0000] {processor.py:830} INFO - Processing file /opt/airflow/dags/environmental_data_pipeline.py for tasks to queue
[2025-10-10T10:56:13.942+0000] {logging_mixin.py:188} INFO - [2025-10-10T10:56:13.941+0000] {dagbag.py:540} INFO - Filling up the DagBag from /opt/airflow/dags/environmental_data_pipeline.py
[2025-10-10T10:56:13.965+0000] {processor.py:840} INFO - DAG(s) 'environmental_data_pipeline' retrieved from /opt/airflow/dags/environmental_data_pipeline.py
[2025-10-10T10:56:14.011+0000] {logging_mixin.py:188} INFO - [2025-10-10T10:56:14.011+0000] {dag.py:3047} INFO - Sync 1 DAGs
[2025-10-10T10:56:14.045+0000] {logging_mixin.py:188} INFO - [2025-10-10T10:56:14.045+0000] {dag.py:3834} INFO - Setting next_dagrun for environmental_data_pipeline to 2025-10-10 10:00:00+00:00, run_after=2025-10-10 11:00:00+00:00
[2025-10-10T10:56:14.079+0000] {processor.py:183} INFO - Processing /opt/airflow/dags/environmental_data_pipeline.py took 0.151 seconds
[2025-10-10T10:56:44.784+0000] {processor.py:161} INFO - Started process (PID=1603) to work on /opt/airflow/dags/environmental_data_pipeline.py
[2025-10-10T10:56:44.786+0000] {processor.py:830} INFO - Processing file /opt/airflow/dags/environmental_data_pipeline.py for tasks to queue
[2025-10-10T10:56:44.787+0000] {logging_mixin.py:188} INFO - [2025-10-10T10:56:44.786+0000] {dagbag.py:540} INFO - Filling up the DagBag from /opt/airflow/dags/environmental_data_pipeline.py
[2025-10-10T10:56:44.807+0000] {processor.py:840} INFO - DAG(s) 'environmental_data_pipeline' retrieved from /opt/airflow/dags/environmental_data_pipeline.py
[2025-10-10T10:56:44.850+0000] {logging_mixin.py:188} INFO - [2025-10-10T10:56:44.850+0000] {dag.py:3047} INFO - Sync 1 DAGs
[2025-10-10T10:56:44.888+0000] {logging_mixin.py:188} INFO - [2025-10-10T10:56:44.887+0000] {dag.py:3834} INFO - Setting next_dagrun for environmental_data_pipeline to 2025-10-10 10:00:00+00:00, run_after=2025-10-10 11:00:00+00:00
[2025-10-10T10:56:44.920+0000] {processor.py:183} INFO - Processing /opt/airflow/dags/environmental_data_pipeline.py took 0.142 seconds
[2025-10-10T10:57:15.481+0000] {processor.py:161} INFO - Started process (PID=1608) to work on /opt/airflow/dags/environmental_data_pipeline.py
[2025-10-10T10:57:15.487+0000] {processor.py:830} INFO - Processing file /opt/airflow/dags/environmental_data_pipeline.py for tasks to queue
[2025-10-10T10:57:15.490+0000] {logging_mixin.py:188} INFO - [2025-10-10T10:57:15.489+0000] {dagbag.py:540} INFO - Filling up the DagBag from /opt/airflow/dags/environmental_data_pipeline.py
[2025-10-10T10:57:15.509+0000] {processor.py:840} INFO - DAG(s) 'environmental_data_pipeline' retrieved from /opt/airflow/dags/environmental_data_pipeline.py
[2025-10-10T10:57:15.601+0000] {logging_mixin.py:188} INFO - [2025-10-10T10:57:15.601+0000] {dag.py:3047} INFO - Sync 1 DAGs
[2025-10-10T10:57:15.635+0000] {logging_mixin.py:188} INFO - [2025-10-10T10:57:15.635+0000] {dag.py:3834} INFO - Setting next_dagrun for environmental_data_pipeline to 2025-10-10 10:00:00+00:00, run_after=2025-10-10 11:00:00+00:00
[2025-10-10T10:57:15.668+0000] {processor.py:183} INFO - Processing /opt/airflow/dags/environmental_data_pipeline.py took 0.194 seconds
[2025-10-10T10:57:46.333+0000] {processor.py:161} INFO - Started process (PID=1613) to work on /opt/airflow/dags/environmental_data_pipeline.py
[2025-10-10T10:57:46.335+0000] {processor.py:830} INFO - Processing file /opt/airflow/dags/environmental_data_pipeline.py for tasks to queue
[2025-10-10T10:57:46.338+0000] {logging_mixin.py:188} INFO - [2025-10-10T10:57:46.336+0000] {dagbag.py:540} INFO - Filling up the DagBag from /opt/airflow/dags/environmental_data_pipeline.py
[2025-10-10T10:57:46.362+0000] {processor.py:840} INFO - DAG(s) 'environmental_data_pipeline' retrieved from /opt/airflow/dags/environmental_data_pipeline.py
[2025-10-10T10:57:46.425+0000] {logging_mixin.py:188} INFO - [2025-10-10T10:57:46.424+0000] {dag.py:3047} INFO - Sync 1 DAGs
[2025-10-10T10:57:46.475+0000] {logging_mixin.py:188} INFO - [2025-10-10T10:57:46.475+0000] {dag.py:3834} INFO - Setting next_dagrun for environmental_data_pipeline to 2025-10-10 10:00:00+00:00, run_after=2025-10-10 11:00:00+00:00
[2025-10-10T10:57:46.670+0000] {processor.py:183} INFO - Processing /opt/airflow/dags/environmental_data_pipeline.py took 0.344 seconds
[2025-10-10T10:58:17.216+0000] {processor.py:161} INFO - Started process (PID=1618) to work on /opt/airflow/dags/environmental_data_pipeline.py
[2025-10-10T10:58:17.229+0000] {processor.py:830} INFO - Processing file /opt/airflow/dags/environmental_data_pipeline.py for tasks to queue
[2025-10-10T10:58:17.232+0000] {logging_mixin.py:188} INFO - [2025-10-10T10:58:17.231+0000] {dagbag.py:540} INFO - Filling up the DagBag from /opt/airflow/dags/environmental_data_pipeline.py
[2025-10-10T10:58:17.392+0000] {processor.py:840} INFO - DAG(s) 'environmental_data_pipeline' retrieved from /opt/airflow/dags/environmental_data_pipeline.py
[2025-10-10T10:58:18.113+0000] {logging_mixin.py:188} INFO - [2025-10-10T10:58:18.112+0000] {dag.py:3047} INFO - Sync 1 DAGs
[2025-10-10T10:58:18.393+0000] {logging_mixin.py:188} INFO - [2025-10-10T10:58:18.393+0000] {dag.py:3834} INFO - Setting next_dagrun for environmental_data_pipeline to 2025-10-10 10:00:00+00:00, run_after=2025-10-10 11:00:00+00:00
[2025-10-10T10:58:18.583+0000] {processor.py:183} INFO - Processing /opt/airflow/dags/environmental_data_pipeline.py took 1.441 seconds
[2025-10-10T10:58:49.205+0000] {processor.py:161} INFO - Started process (PID=1623) to work on /opt/airflow/dags/environmental_data_pipeline.py
[2025-10-10T10:58:49.207+0000] {processor.py:830} INFO - Processing file /opt/airflow/dags/environmental_data_pipeline.py for tasks to queue
[2025-10-10T10:58:49.208+0000] {logging_mixin.py:188} INFO - [2025-10-10T10:58:49.208+0000] {dagbag.py:540} INFO - Filling up the DagBag from /opt/airflow/dags/environmental_data_pipeline.py
[2025-10-10T10:58:49.239+0000] {processor.py:840} INFO - DAG(s) 'environmental_data_pipeline' retrieved from /opt/airflow/dags/environmental_data_pipeline.py
[2025-10-10T10:58:49.299+0000] {logging_mixin.py:188} INFO - [2025-10-10T10:58:49.299+0000] {dag.py:3047} INFO - Sync 1 DAGs
[2025-10-10T10:58:49.335+0000] {logging_mixin.py:188} INFO - [2025-10-10T10:58:49.334+0000] {dag.py:3834} INFO - Setting next_dagrun for environmental_data_pipeline to 2025-10-10 10:00:00+00:00, run_after=2025-10-10 11:00:00+00:00
[2025-10-10T10:58:49.363+0000] {processor.py:183} INFO - Processing /opt/airflow/dags/environmental_data_pipeline.py took 0.165 seconds
[2025-10-10T10:59:19.894+0000] {processor.py:161} INFO - Started process (PID=1628) to work on /opt/airflow/dags/environmental_data_pipeline.py
[2025-10-10T10:59:19.896+0000] {processor.py:830} INFO - Processing file /opt/airflow/dags/environmental_data_pipeline.py for tasks to queue
[2025-10-10T10:59:19.897+0000] {logging_mixin.py:188} INFO - [2025-10-10T10:59:19.896+0000] {dagbag.py:540} INFO - Filling up the DagBag from /opt/airflow/dags/environmental_data_pipeline.py
[2025-10-10T10:59:19.914+0000] {processor.py:840} INFO - DAG(s) 'environmental_data_pipeline' retrieved from /opt/airflow/dags/environmental_data_pipeline.py
[2025-10-10T10:59:19.955+0000] {logging_mixin.py:188} INFO - [2025-10-10T10:59:19.954+0000] {dag.py:3047} INFO - Sync 1 DAGs
[2025-10-10T10:59:19.995+0000] {logging_mixin.py:188} INFO - [2025-10-10T10:59:19.995+0000] {dag.py:3834} INFO - Setting next_dagrun for environmental_data_pipeline to 2025-10-10 10:00:00+00:00, run_after=2025-10-10 11:00:00+00:00
[2025-10-10T10:59:20.022+0000] {processor.py:183} INFO - Processing /opt/airflow/dags/environmental_data_pipeline.py took 0.132 seconds
[2025-10-10T10:59:50.551+0000] {processor.py:161} INFO - Started process (PID=1633) to work on /opt/airflow/dags/environmental_data_pipeline.py
[2025-10-10T10:59:50.552+0000] {processor.py:830} INFO - Processing file /opt/airflow/dags/environmental_data_pipeline.py for tasks to queue
[2025-10-10T10:59:50.553+0000] {logging_mixin.py:188} INFO - [2025-10-10T10:59:50.553+0000] {dagbag.py:540} INFO - Filling up the DagBag from /opt/airflow/dags/environmental_data_pipeline.py
[2025-10-10T10:59:50.568+0000] {processor.py:840} INFO - DAG(s) 'environmental_data_pipeline' retrieved from /opt/airflow/dags/environmental_data_pipeline.py
[2025-10-10T10:59:50.602+0000] {logging_mixin.py:188} INFO - [2025-10-10T10:59:50.602+0000] {dag.py:3047} INFO - Sync 1 DAGs
[2025-10-10T10:59:50.630+0000] {logging_mixin.py:188} INFO - [2025-10-10T10:59:50.630+0000] {dag.py:3834} INFO - Setting next_dagrun for environmental_data_pipeline to 2025-10-10 10:00:00+00:00, run_after=2025-10-10 11:00:00+00:00
[2025-10-10T10:59:50.658+0000] {processor.py:183} INFO - Processing /opt/airflow/dags/environmental_data_pipeline.py took 0.112 seconds
[2025-10-10T11:00:21.555+0000] {processor.py:161} INFO - Started process (PID=1644) to work on /opt/airflow/dags/environmental_data_pipeline.py
[2025-10-10T11:00:21.572+0000] {processor.py:830} INFO - Processing file /opt/airflow/dags/environmental_data_pipeline.py for tasks to queue
[2025-10-10T11:00:21.581+0000] {logging_mixin.py:188} INFO - [2025-10-10T11:00:21.581+0000] {dagbag.py:540} INFO - Filling up the DagBag from /opt/airflow/dags/environmental_data_pipeline.py
[2025-10-10T11:00:21.628+0000] {processor.py:840} INFO - DAG(s) 'environmental_data_pipeline' retrieved from /opt/airflow/dags/environmental_data_pipeline.py
[2025-10-10T11:00:21.711+0000] {logging_mixin.py:188} INFO - [2025-10-10T11:00:21.710+0000] {dag.py:3047} INFO - Sync 1 DAGs
[2025-10-10T11:00:21.771+0000] {logging_mixin.py:188} INFO - [2025-10-10T11:00:21.771+0000] {dag.py:3834} INFO - Setting next_dagrun for environmental_data_pipeline to 2025-10-10 11:00:00+00:00, run_after=2025-10-10 12:00:00+00:00
[2025-10-10T11:00:21.817+0000] {processor.py:183} INFO - Processing /opt/airflow/dags/environmental_data_pipeline.py took 0.271 seconds
[2025-10-10T11:00:52.319+0000] {processor.py:161} INFO - Started process (PID=1649) to work on /opt/airflow/dags/environmental_data_pipeline.py
[2025-10-10T11:00:52.320+0000] {processor.py:830} INFO - Processing file /opt/airflow/dags/environmental_data_pipeline.py for tasks to queue
[2025-10-10T11:00:52.322+0000] {logging_mixin.py:188} INFO - [2025-10-10T11:00:52.321+0000] {dagbag.py:540} INFO - Filling up the DagBag from /opt/airflow/dags/environmental_data_pipeline.py
[2025-10-10T11:00:52.339+0000] {processor.py:840} INFO - DAG(s) 'environmental_data_pipeline' retrieved from /opt/airflow/dags/environmental_data_pipeline.py
[2025-10-10T11:00:52.372+0000] {logging_mixin.py:188} INFO - [2025-10-10T11:00:52.372+0000] {dag.py:3047} INFO - Sync 1 DAGs
[2025-10-10T11:00:52.409+0000] {logging_mixin.py:188} INFO - [2025-10-10T11:00:52.409+0000] {dag.py:3834} INFO - Setting next_dagrun for environmental_data_pipeline to 2025-10-10 11:00:00+00:00, run_after=2025-10-10 12:00:00+00:00
[2025-10-10T11:00:52.440+0000] {processor.py:183} INFO - Processing /opt/airflow/dags/environmental_data_pipeline.py took 0.126 seconds
[2025-10-10T11:01:23.030+0000] {processor.py:161} INFO - Started process (PID=1654) to work on /opt/airflow/dags/environmental_data_pipeline.py
[2025-10-10T11:01:23.034+0000] {processor.py:830} INFO - Processing file /opt/airflow/dags/environmental_data_pipeline.py for tasks to queue
[2025-10-10T11:01:23.036+0000] {logging_mixin.py:188} INFO - [2025-10-10T11:01:23.035+0000] {dagbag.py:540} INFO - Filling up the DagBag from /opt/airflow/dags/environmental_data_pipeline.py
[2025-10-10T11:01:23.063+0000] {processor.py:840} INFO - DAG(s) 'environmental_data_pipeline' retrieved from /opt/airflow/dags/environmental_data_pipeline.py
[2025-10-10T11:01:23.125+0000] {logging_mixin.py:188} INFO - [2025-10-10T11:01:23.124+0000] {dag.py:3047} INFO - Sync 1 DAGs
[2025-10-10T11:01:23.188+0000] {logging_mixin.py:188} INFO - [2025-10-10T11:01:23.187+0000] {dag.py:3834} INFO - Setting next_dagrun for environmental_data_pipeline to 2025-10-10 11:00:00+00:00, run_after=2025-10-10 12:00:00+00:00
[2025-10-10T11:01:23.231+0000] {processor.py:183} INFO - Processing /opt/airflow/dags/environmental_data_pipeline.py took 0.210 seconds
[2025-10-10T11:01:53.876+0000] {processor.py:161} INFO - Started process (PID=1659) to work on /opt/airflow/dags/environmental_data_pipeline.py
[2025-10-10T11:01:53.882+0000] {processor.py:830} INFO - Processing file /opt/airflow/dags/environmental_data_pipeline.py for tasks to queue
[2025-10-10T11:01:53.883+0000] {logging_mixin.py:188} INFO - [2025-10-10T11:01:53.883+0000] {dagbag.py:540} INFO - Filling up the DagBag from /opt/airflow/dags/environmental_data_pipeline.py
[2025-10-10T11:01:53.912+0000] {processor.py:840} INFO - DAG(s) 'environmental_data_pipeline' retrieved from /opt/airflow/dags/environmental_data_pipeline.py
[2025-10-10T11:01:53.956+0000] {logging_mixin.py:188} INFO - [2025-10-10T11:01:53.956+0000] {dag.py:3047} INFO - Sync 1 DAGs
[2025-10-10T11:01:53.987+0000] {logging_mixin.py:188} INFO - [2025-10-10T11:01:53.987+0000] {dag.py:3834} INFO - Setting next_dagrun for environmental_data_pipeline to 2025-10-10 11:00:00+00:00, run_after=2025-10-10 12:00:00+00:00
[2025-10-10T11:01:54.018+0000] {processor.py:183} INFO - Processing /opt/airflow/dags/environmental_data_pipeline.py took 0.150 seconds
[2025-10-10T11:02:24.791+0000] {processor.py:161} INFO - Started process (PID=1664) to work on /opt/airflow/dags/environmental_data_pipeline.py
[2025-10-10T11:02:24.793+0000] {processor.py:830} INFO - Processing file /opt/airflow/dags/environmental_data_pipeline.py for tasks to queue
[2025-10-10T11:02:24.795+0000] {logging_mixin.py:188} INFO - [2025-10-10T11:02:24.795+0000] {dagbag.py:540} INFO - Filling up the DagBag from /opt/airflow/dags/environmental_data_pipeline.py
[2025-10-10T11:02:24.814+0000] {processor.py:840} INFO - DAG(s) 'environmental_data_pipeline' retrieved from /opt/airflow/dags/environmental_data_pipeline.py
[2025-10-10T11:02:24.858+0000] {logging_mixin.py:188} INFO - [2025-10-10T11:02:24.857+0000] {dag.py:3047} INFO - Sync 1 DAGs
[2025-10-10T11:02:24.897+0000] {logging_mixin.py:188} INFO - [2025-10-10T11:02:24.897+0000] {dag.py:3834} INFO - Setting next_dagrun for environmental_data_pipeline to 2025-10-10 11:00:00+00:00, run_after=2025-10-10 12:00:00+00:00
[2025-10-10T11:02:24.923+0000] {processor.py:183} INFO - Processing /opt/airflow/dags/environmental_data_pipeline.py took 0.144 seconds
[2025-10-10T11:02:55.588+0000] {processor.py:161} INFO - Started process (PID=1669) to work on /opt/airflow/dags/environmental_data_pipeline.py
[2025-10-10T11:02:55.591+0000] {processor.py:830} INFO - Processing file /opt/airflow/dags/environmental_data_pipeline.py for tasks to queue
[2025-10-10T11:02:55.594+0000] {logging_mixin.py:188} INFO - [2025-10-10T11:02:55.592+0000] {dagbag.py:540} INFO - Filling up the DagBag from /opt/airflow/dags/environmental_data_pipeline.py
[2025-10-10T11:02:55.615+0000] {processor.py:840} INFO - DAG(s) 'environmental_data_pipeline' retrieved from /opt/airflow/dags/environmental_data_pipeline.py
[2025-10-10T11:02:55.666+0000] {logging_mixin.py:188} INFO - [2025-10-10T11:02:55.666+0000] {dag.py:3047} INFO - Sync 1 DAGs
[2025-10-10T11:02:55.714+0000] {logging_mixin.py:188} INFO - [2025-10-10T11:02:55.714+0000] {dag.py:3834} INFO - Setting next_dagrun for environmental_data_pipeline to 2025-10-10 11:00:00+00:00, run_after=2025-10-10 12:00:00+00:00
[2025-10-10T11:02:55.769+0000] {processor.py:183} INFO - Processing /opt/airflow/dags/environmental_data_pipeline.py took 0.190 seconds
[2025-10-10T11:03:25.929+0000] {processor.py:161} INFO - Started process (PID=1674) to work on /opt/airflow/dags/environmental_data_pipeline.py
[2025-10-10T11:03:25.931+0000] {processor.py:830} INFO - Processing file /opt/airflow/dags/environmental_data_pipeline.py for tasks to queue
[2025-10-10T11:03:25.932+0000] {logging_mixin.py:188} INFO - [2025-10-10T11:03:25.932+0000] {dagbag.py:540} INFO - Filling up the DagBag from /opt/airflow/dags/environmental_data_pipeline.py
[2025-10-10T11:03:25.948+0000] {processor.py:840} INFO - DAG(s) 'environmental_data_pipeline' retrieved from /opt/airflow/dags/environmental_data_pipeline.py
[2025-10-10T11:03:25.988+0000] {logging_mixin.py:188} INFO - [2025-10-10T11:03:25.987+0000] {dag.py:3047} INFO - Sync 1 DAGs
[2025-10-10T11:03:26.030+0000] {logging_mixin.py:188} INFO - [2025-10-10T11:03:26.029+0000] {dag.py:3834} INFO - Setting next_dagrun for environmental_data_pipeline to 2025-10-10 11:00:00+00:00, run_after=2025-10-10 12:00:00+00:00
[2025-10-10T11:03:26.072+0000] {processor.py:183} INFO - Processing /opt/airflow/dags/environmental_data_pipeline.py took 0.146 seconds
[2025-10-10T11:03:56.907+0000] {processor.py:161} INFO - Started process (PID=1679) to work on /opt/airflow/dags/environmental_data_pipeline.py
[2025-10-10T11:03:56.911+0000] {processor.py:830} INFO - Processing file /opt/airflow/dags/environmental_data_pipeline.py for tasks to queue
[2025-10-10T11:03:56.912+0000] {logging_mixin.py:188} INFO - [2025-10-10T11:03:56.912+0000] {dagbag.py:540} INFO - Filling up the DagBag from /opt/airflow/dags/environmental_data_pipeline.py
[2025-10-10T11:03:56.934+0000] {processor.py:840} INFO - DAG(s) 'environmental_data_pipeline' retrieved from /opt/airflow/dags/environmental_data_pipeline.py
[2025-10-10T11:03:56.971+0000] {logging_mixin.py:188} INFO - [2025-10-10T11:03:56.971+0000] {dag.py:3047} INFO - Sync 1 DAGs
[2025-10-10T11:03:57.011+0000] {logging_mixin.py:188} INFO - [2025-10-10T11:03:57.010+0000] {dag.py:3834} INFO - Setting next_dagrun for environmental_data_pipeline to 2025-10-10 11:00:00+00:00, run_after=2025-10-10 12:00:00+00:00
[2025-10-10T11:03:57.033+0000] {processor.py:183} INFO - Processing /opt/airflow/dags/environmental_data_pipeline.py took 0.132 seconds
[2025-10-10T11:04:27.542+0000] {processor.py:161} INFO - Started process (PID=1684) to work on /opt/airflow/dags/environmental_data_pipeline.py
[2025-10-10T11:04:27.584+0000] {processor.py:830} INFO - Processing file /opt/airflow/dags/environmental_data_pipeline.py for tasks to queue
[2025-10-10T11:04:27.586+0000] {logging_mixin.py:188} INFO - [2025-10-10T11:04:27.585+0000] {dagbag.py:540} INFO - Filling up the DagBag from /opt/airflow/dags/environmental_data_pipeline.py
[2025-10-10T11:04:27.654+0000] {processor.py:840} INFO - DAG(s) 'environmental_data_pipeline' retrieved from /opt/airflow/dags/environmental_data_pipeline.py
[2025-10-10T11:04:27.767+0000] {logging_mixin.py:188} INFO - [2025-10-10T11:04:27.767+0000] {dag.py:3047} INFO - Sync 1 DAGs
[2025-10-10T11:04:27.825+0000] {logging_mixin.py:188} INFO - [2025-10-10T11:04:27.824+0000] {dag.py:3834} INFO - Setting next_dagrun for environmental_data_pipeline to 2025-10-10 11:00:00+00:00, run_after=2025-10-10 12:00:00+00:00
[2025-10-10T11:04:27.874+0000] {processor.py:183} INFO - Processing /opt/airflow/dags/environmental_data_pipeline.py took 0.345 seconds
[2025-10-10T11:04:58.476+0000] {processor.py:161} INFO - Started process (PID=1689) to work on /opt/airflow/dags/environmental_data_pipeline.py
[2025-10-10T11:04:58.478+0000] {processor.py:830} INFO - Processing file /opt/airflow/dags/environmental_data_pipeline.py for tasks to queue
[2025-10-10T11:04:58.479+0000] {logging_mixin.py:188} INFO - [2025-10-10T11:04:58.479+0000] {dagbag.py:540} INFO - Filling up the DagBag from /opt/airflow/dags/environmental_data_pipeline.py
[2025-10-10T11:04:58.504+0000] {processor.py:840} INFO - DAG(s) 'environmental_data_pipeline' retrieved from /opt/airflow/dags/environmental_data_pipeline.py
[2025-10-10T11:04:58.575+0000] {logging_mixin.py:188} INFO - [2025-10-10T11:04:58.574+0000] {dag.py:3047} INFO - Sync 1 DAGs
[2025-10-10T11:04:58.604+0000] {logging_mixin.py:188} INFO - [2025-10-10T11:04:58.604+0000] {dag.py:3834} INFO - Setting next_dagrun for environmental_data_pipeline to 2025-10-10 11:00:00+00:00, run_after=2025-10-10 12:00:00+00:00
[2025-10-10T11:04:58.671+0000] {processor.py:183} INFO - Processing /opt/airflow/dags/environmental_data_pipeline.py took 0.200 seconds
[2025-10-10T11:05:29.405+0000] {processor.py:161} INFO - Started process (PID=1694) to work on /opt/airflow/dags/environmental_data_pipeline.py
[2025-10-10T11:05:29.406+0000] {processor.py:830} INFO - Processing file /opt/airflow/dags/environmental_data_pipeline.py for tasks to queue
[2025-10-10T11:05:29.408+0000] {logging_mixin.py:188} INFO - [2025-10-10T11:05:29.407+0000] {dagbag.py:540} INFO - Filling up the DagBag from /opt/airflow/dags/environmental_data_pipeline.py
[2025-10-10T11:05:29.424+0000] {processor.py:840} INFO - DAG(s) 'environmental_data_pipeline' retrieved from /opt/airflow/dags/environmental_data_pipeline.py
[2025-10-10T11:05:29.465+0000] {logging_mixin.py:188} INFO - [2025-10-10T11:05:29.464+0000] {dag.py:3047} INFO - Sync 1 DAGs
[2025-10-10T11:05:29.500+0000] {logging_mixin.py:188} INFO - [2025-10-10T11:05:29.500+0000] {dag.py:3834} INFO - Setting next_dagrun for environmental_data_pipeline to 2025-10-10 11:00:00+00:00, run_after=2025-10-10 12:00:00+00:00
[2025-10-10T11:05:29.532+0000] {processor.py:183} INFO - Processing /opt/airflow/dags/environmental_data_pipeline.py took 0.133 seconds
[2025-10-10T11:06:00.226+0000] {processor.py:161} INFO - Started process (PID=1699) to work on /opt/airflow/dags/environmental_data_pipeline.py
[2025-10-10T11:06:00.228+0000] {processor.py:830} INFO - Processing file /opt/airflow/dags/environmental_data_pipeline.py for tasks to queue
[2025-10-10T11:06:00.229+0000] {logging_mixin.py:188} INFO - [2025-10-10T11:06:00.229+0000] {dagbag.py:540} INFO - Filling up the DagBag from /opt/airflow/dags/environmental_data_pipeline.py
[2025-10-10T11:06:00.244+0000] {processor.py:840} INFO - DAG(s) 'environmental_data_pipeline' retrieved from /opt/airflow/dags/environmental_data_pipeline.py
[2025-10-10T11:06:00.280+0000] {logging_mixin.py:188} INFO - [2025-10-10T11:06:00.280+0000] {dag.py:3047} INFO - Sync 1 DAGs
[2025-10-10T11:06:00.305+0000] {logging_mixin.py:188} INFO - [2025-10-10T11:06:00.305+0000] {dag.py:3834} INFO - Setting next_dagrun for environmental_data_pipeline to 2025-10-10 11:00:00+00:00, run_after=2025-10-10 12:00:00+00:00
[2025-10-10T11:06:00.331+0000] {processor.py:183} INFO - Processing /opt/airflow/dags/environmental_data_pipeline.py took 0.109 seconds
[2025-10-10T11:06:31.044+0000] {processor.py:161} INFO - Started process (PID=1704) to work on /opt/airflow/dags/environmental_data_pipeline.py
[2025-10-10T11:06:31.047+0000] {processor.py:830} INFO - Processing file /opt/airflow/dags/environmental_data_pipeline.py for tasks to queue
[2025-10-10T11:06:31.053+0000] {logging_mixin.py:188} INFO - [2025-10-10T11:06:31.052+0000] {dagbag.py:540} INFO - Filling up the DagBag from /opt/airflow/dags/environmental_data_pipeline.py
[2025-10-10T11:06:31.115+0000] {processor.py:840} INFO - DAG(s) 'environmental_data_pipeline' retrieved from /opt/airflow/dags/environmental_data_pipeline.py
[2025-10-10T11:06:31.193+0000] {logging_mixin.py:188} INFO - [2025-10-10T11:06:31.193+0000] {dag.py:3047} INFO - Sync 1 DAGs
[2025-10-10T11:06:31.281+0000] {logging_mixin.py:188} INFO - [2025-10-10T11:06:31.280+0000] {dag.py:3834} INFO - Setting next_dagrun for environmental_data_pipeline to 2025-10-10 11:00:00+00:00, run_after=2025-10-10 12:00:00+00:00
[2025-10-10T11:06:31.339+0000] {processor.py:183} INFO - Processing /opt/airflow/dags/environmental_data_pipeline.py took 0.304 seconds
[2025-10-10T11:07:01.788+0000] {processor.py:161} INFO - Started process (PID=1709) to work on /opt/airflow/dags/environmental_data_pipeline.py
[2025-10-10T11:07:01.791+0000] {processor.py:830} INFO - Processing file /opt/airflow/dags/environmental_data_pipeline.py for tasks to queue
[2025-10-10T11:07:01.792+0000] {logging_mixin.py:188} INFO - [2025-10-10T11:07:01.792+0000] {dagbag.py:540} INFO - Filling up the DagBag from /opt/airflow/dags/environmental_data_pipeline.py
[2025-10-10T11:07:01.849+0000] {processor.py:840} INFO - DAG(s) 'environmental_data_pipeline' retrieved from /opt/airflow/dags/environmental_data_pipeline.py
[2025-10-10T11:07:01.917+0000] {logging_mixin.py:188} INFO - [2025-10-10T11:07:01.917+0000] {dag.py:3047} INFO - Sync 1 DAGs
[2025-10-10T11:07:01.966+0000] {logging_mixin.py:188} INFO - [2025-10-10T11:07:01.965+0000] {dag.py:3834} INFO - Setting next_dagrun for environmental_data_pipeline to 2025-10-10 11:00:00+00:00, run_after=2025-10-10 12:00:00+00:00
[2025-10-10T11:07:02.013+0000] {processor.py:183} INFO - Processing /opt/airflow/dags/environmental_data_pipeline.py took 0.234 seconds
[2025-10-10T11:07:32.517+0000] {processor.py:161} INFO - Started process (PID=1714) to work on /opt/airflow/dags/environmental_data_pipeline.py
[2025-10-10T11:07:32.521+0000] {processor.py:830} INFO - Processing file /opt/airflow/dags/environmental_data_pipeline.py for tasks to queue
[2025-10-10T11:07:32.522+0000] {logging_mixin.py:188} INFO - [2025-10-10T11:07:32.522+0000] {dagbag.py:540} INFO - Filling up the DagBag from /opt/airflow/dags/environmental_data_pipeline.py
[2025-10-10T11:07:32.540+0000] {processor.py:840} INFO - DAG(s) 'environmental_data_pipeline' retrieved from /opt/airflow/dags/environmental_data_pipeline.py
[2025-10-10T11:07:32.584+0000] {logging_mixin.py:188} INFO - [2025-10-10T11:07:32.583+0000] {dag.py:3047} INFO - Sync 1 DAGs
[2025-10-10T11:07:32.617+0000] {logging_mixin.py:188} INFO - [2025-10-10T11:07:32.616+0000] {dag.py:3834} INFO - Setting next_dagrun for environmental_data_pipeline to 2025-10-10 11:00:00+00:00, run_after=2025-10-10 12:00:00+00:00
[2025-10-10T11:07:32.647+0000] {processor.py:183} INFO - Processing /opt/airflow/dags/environmental_data_pipeline.py took 0.137 seconds
[2025-10-10T11:08:03.323+0000] {processor.py:161} INFO - Started process (PID=1719) to work on /opt/airflow/dags/environmental_data_pipeline.py
[2025-10-10T11:08:03.333+0000] {processor.py:830} INFO - Processing file /opt/airflow/dags/environmental_data_pipeline.py for tasks to queue
[2025-10-10T11:08:03.337+0000] {logging_mixin.py:188} INFO - [2025-10-10T11:08:03.336+0000] {dagbag.py:540} INFO - Filling up the DagBag from /opt/airflow/dags/environmental_data_pipeline.py
[2025-10-10T11:08:03.380+0000] {processor.py:840} INFO - DAG(s) 'environmental_data_pipeline' retrieved from /opt/airflow/dags/environmental_data_pipeline.py
[2025-10-10T11:08:03.443+0000] {logging_mixin.py:188} INFO - [2025-10-10T11:08:03.442+0000] {dag.py:3047} INFO - Sync 1 DAGs
[2025-10-10T11:08:03.480+0000] {logging_mixin.py:188} INFO - [2025-10-10T11:08:03.480+0000] {dag.py:3834} INFO - Setting next_dagrun for environmental_data_pipeline to 2025-10-10 11:00:00+00:00, run_after=2025-10-10 12:00:00+00:00
[2025-10-10T11:08:03.536+0000] {processor.py:183} INFO - Processing /opt/airflow/dags/environmental_data_pipeline.py took 0.232 seconds
[2025-10-10T11:08:34.083+0000] {processor.py:161} INFO - Started process (PID=1724) to work on /opt/airflow/dags/environmental_data_pipeline.py
[2025-10-10T11:08:34.088+0000] {processor.py:830} INFO - Processing file /opt/airflow/dags/environmental_data_pipeline.py for tasks to queue
[2025-10-10T11:08:34.089+0000] {logging_mixin.py:188} INFO - [2025-10-10T11:08:34.089+0000] {dagbag.py:540} INFO - Filling up the DagBag from /opt/airflow/dags/environmental_data_pipeline.py
[2025-10-10T11:08:34.108+0000] {processor.py:840} INFO - DAG(s) 'environmental_data_pipeline' retrieved from /opt/airflow/dags/environmental_data_pipeline.py
[2025-10-10T11:08:34.158+0000] {logging_mixin.py:188} INFO - [2025-10-10T11:08:34.158+0000] {dag.py:3047} INFO - Sync 1 DAGs
[2025-10-10T11:08:34.204+0000] {logging_mixin.py:188} INFO - [2025-10-10T11:08:34.203+0000] {dag.py:3834} INFO - Setting next_dagrun for environmental_data_pipeline to 2025-10-10 11:00:00+00:00, run_after=2025-10-10 12:00:00+00:00
[2025-10-10T11:08:34.253+0000] {processor.py:183} INFO - Processing /opt/airflow/dags/environmental_data_pipeline.py took 0.178 seconds
[2025-10-10T11:09:04.995+0000] {processor.py:161} INFO - Started process (PID=1729) to work on /opt/airflow/dags/environmental_data_pipeline.py
[2025-10-10T11:09:04.996+0000] {processor.py:830} INFO - Processing file /opt/airflow/dags/environmental_data_pipeline.py for tasks to queue
[2025-10-10T11:09:04.998+0000] {logging_mixin.py:188} INFO - [2025-10-10T11:09:04.997+0000] {dagbag.py:540} INFO - Filling up the DagBag from /opt/airflow/dags/environmental_data_pipeline.py
[2025-10-10T11:09:05.013+0000] {processor.py:840} INFO - DAG(s) 'environmental_data_pipeline' retrieved from /opt/airflow/dags/environmental_data_pipeline.py
[2025-10-10T11:09:05.047+0000] {logging_mixin.py:188} INFO - [2025-10-10T11:09:05.046+0000] {dag.py:3047} INFO - Sync 1 DAGs
[2025-10-10T11:09:05.072+0000] {logging_mixin.py:188} INFO - [2025-10-10T11:09:05.072+0000] {dag.py:3834} INFO - Setting next_dagrun for environmental_data_pipeline to 2025-10-10 11:00:00+00:00, run_after=2025-10-10 12:00:00+00:00
[2025-10-10T11:09:05.097+0000] {processor.py:183} INFO - Processing /opt/airflow/dags/environmental_data_pipeline.py took 0.107 seconds
[2025-10-10T11:09:35.768+0000] {processor.py:161} INFO - Started process (PID=1734) to work on /opt/airflow/dags/environmental_data_pipeline.py
[2025-10-10T11:09:35.772+0000] {processor.py:830} INFO - Processing file /opt/airflow/dags/environmental_data_pipeline.py for tasks to queue
[2025-10-10T11:09:35.773+0000] {logging_mixin.py:188} INFO - [2025-10-10T11:09:35.773+0000] {dagbag.py:540} INFO - Filling up the DagBag from /opt/airflow/dags/environmental_data_pipeline.py
[2025-10-10T11:09:35.802+0000] {processor.py:840} INFO - DAG(s) 'environmental_data_pipeline' retrieved from /opt/airflow/dags/environmental_data_pipeline.py
[2025-10-10T11:09:35.838+0000] {logging_mixin.py:188} INFO - [2025-10-10T11:09:35.837+0000] {dag.py:3047} INFO - Sync 1 DAGs
[2025-10-10T11:09:35.870+0000] {logging_mixin.py:188} INFO - [2025-10-10T11:09:35.870+0000] {dag.py:3834} INFO - Setting next_dagrun for environmental_data_pipeline to 2025-10-10 11:00:00+00:00, run_after=2025-10-10 12:00:00+00:00
[2025-10-10T11:09:35.895+0000] {processor.py:183} INFO - Processing /opt/airflow/dags/environmental_data_pipeline.py took 0.132 seconds
[2025-10-10T11:10:06.524+0000] {processor.py:161} INFO - Started process (PID=1739) to work on /opt/airflow/dags/environmental_data_pipeline.py
[2025-10-10T11:10:06.529+0000] {processor.py:830} INFO - Processing file /opt/airflow/dags/environmental_data_pipeline.py for tasks to queue
[2025-10-10T11:10:06.531+0000] {logging_mixin.py:188} INFO - [2025-10-10T11:10:06.530+0000] {dagbag.py:540} INFO - Filling up the DagBag from /opt/airflow/dags/environmental_data_pipeline.py
[2025-10-10T11:10:06.568+0000] {processor.py:840} INFO - DAG(s) 'environmental_data_pipeline' retrieved from /opt/airflow/dags/environmental_data_pipeline.py
[2025-10-10T11:10:06.627+0000] {logging_mixin.py:188} INFO - [2025-10-10T11:10:06.626+0000] {dag.py:3047} INFO - Sync 1 DAGs
[2025-10-10T11:10:06.665+0000] {logging_mixin.py:188} INFO - [2025-10-10T11:10:06.665+0000] {dag.py:3834} INFO - Setting next_dagrun for environmental_data_pipeline to 2025-10-10 11:00:00+00:00, run_after=2025-10-10 12:00:00+00:00
[2025-10-10T11:10:06.697+0000] {processor.py:183} INFO - Processing /opt/airflow/dags/environmental_data_pipeline.py took 0.181 seconds
[2025-10-10T11:10:37.335+0000] {processor.py:161} INFO - Started process (PID=1744) to work on /opt/airflow/dags/environmental_data_pipeline.py
[2025-10-10T11:10:37.337+0000] {processor.py:830} INFO - Processing file /opt/airflow/dags/environmental_data_pipeline.py for tasks to queue
[2025-10-10T11:10:37.339+0000] {logging_mixin.py:188} INFO - [2025-10-10T11:10:37.338+0000] {dagbag.py:540} INFO - Filling up the DagBag from /opt/airflow/dags/environmental_data_pipeline.py
[2025-10-10T11:10:37.367+0000] {processor.py:840} INFO - DAG(s) 'environmental_data_pipeline' retrieved from /opt/airflow/dags/environmental_data_pipeline.py
[2025-10-10T11:10:37.434+0000] {logging_mixin.py:188} INFO - [2025-10-10T11:10:37.433+0000] {dag.py:3047} INFO - Sync 1 DAGs
[2025-10-10T11:10:37.470+0000] {logging_mixin.py:188} INFO - [2025-10-10T11:10:37.470+0000] {dag.py:3834} INFO - Setting next_dagrun for environmental_data_pipeline to 2025-10-10 11:00:00+00:00, run_after=2025-10-10 12:00:00+00:00
[2025-10-10T11:10:37.504+0000] {processor.py:183} INFO - Processing /opt/airflow/dags/environmental_data_pipeline.py took 0.176 seconds
[2025-10-10T11:11:08.219+0000] {processor.py:161} INFO - Started process (PID=1749) to work on /opt/airflow/dags/environmental_data_pipeline.py
[2025-10-10T11:11:08.227+0000] {processor.py:830} INFO - Processing file /opt/airflow/dags/environmental_data_pipeline.py for tasks to queue
[2025-10-10T11:11:08.230+0000] {logging_mixin.py:188} INFO - [2025-10-10T11:11:08.229+0000] {dagbag.py:540} INFO - Filling up the DagBag from /opt/airflow/dags/environmental_data_pipeline.py
[2025-10-10T11:11:08.255+0000] {processor.py:840} INFO - DAG(s) 'environmental_data_pipeline' retrieved from /opt/airflow/dags/environmental_data_pipeline.py
[2025-10-10T11:11:08.318+0000] {logging_mixin.py:188} INFO - [2025-10-10T11:11:08.318+0000] {dag.py:3047} INFO - Sync 1 DAGs
[2025-10-10T11:11:08.366+0000] {logging_mixin.py:188} INFO - [2025-10-10T11:11:08.365+0000] {dag.py:3834} INFO - Setting next_dagrun for environmental_data_pipeline to 2025-10-10 11:00:00+00:00, run_after=2025-10-10 12:00:00+00:00
[2025-10-10T11:11:08.468+0000] {processor.py:183} INFO - Processing /opt/airflow/dags/environmental_data_pipeline.py took 0.256 seconds
[2025-10-10T11:11:39.081+0000] {processor.py:161} INFO - Started process (PID=1754) to work on /opt/airflow/dags/environmental_data_pipeline.py
[2025-10-10T11:11:39.083+0000] {processor.py:830} INFO - Processing file /opt/airflow/dags/environmental_data_pipeline.py for tasks to queue
[2025-10-10T11:11:39.085+0000] {logging_mixin.py:188} INFO - [2025-10-10T11:11:39.084+0000] {dagbag.py:540} INFO - Filling up the DagBag from /opt/airflow/dags/environmental_data_pipeline.py
[2025-10-10T11:11:39.107+0000] {processor.py:840} INFO - DAG(s) 'environmental_data_pipeline' retrieved from /opt/airflow/dags/environmental_data_pipeline.py
[2025-10-10T11:11:39.169+0000] {logging_mixin.py:188} INFO - [2025-10-10T11:11:39.168+0000] {dag.py:3047} INFO - Sync 1 DAGs
[2025-10-10T11:11:39.215+0000] {logging_mixin.py:188} INFO - [2025-10-10T11:11:39.214+0000] {dag.py:3834} INFO - Setting next_dagrun for environmental_data_pipeline to 2025-10-10 11:00:00+00:00, run_after=2025-10-10 12:00:00+00:00
[2025-10-10T11:11:39.377+0000] {processor.py:183} INFO - Processing /opt/airflow/dags/environmental_data_pipeline.py took 0.303 seconds
[2025-10-10T11:12:09.855+0000] {processor.py:161} INFO - Started process (PID=1759) to work on /opt/airflow/dags/environmental_data_pipeline.py
[2025-10-10T11:12:09.859+0000] {processor.py:830} INFO - Processing file /opt/airflow/dags/environmental_data_pipeline.py for tasks to queue
[2025-10-10T11:12:09.861+0000] {logging_mixin.py:188} INFO - [2025-10-10T11:12:09.860+0000] {dagbag.py:540} INFO - Filling up the DagBag from /opt/airflow/dags/environmental_data_pipeline.py
[2025-10-10T11:12:09.887+0000] {processor.py:840} INFO - DAG(s) 'environmental_data_pipeline' retrieved from /opt/airflow/dags/environmental_data_pipeline.py
[2025-10-10T11:12:09.929+0000] {logging_mixin.py:188} INFO - [2025-10-10T11:12:09.929+0000] {dag.py:3047} INFO - Sync 1 DAGs
[2025-10-10T11:12:09.956+0000] {logging_mixin.py:188} INFO - [2025-10-10T11:12:09.956+0000] {dag.py:3834} INFO - Setting next_dagrun for environmental_data_pipeline to 2025-10-10 11:00:00+00:00, run_after=2025-10-10 12:00:00+00:00
[2025-10-10T11:12:09.981+0000] {processor.py:183} INFO - Processing /opt/airflow/dags/environmental_data_pipeline.py took 0.130 seconds
[2025-10-10T11:12:40.664+0000] {processor.py:161} INFO - Started process (PID=1764) to work on /opt/airflow/dags/environmental_data_pipeline.py
[2025-10-10T11:12:40.673+0000] {processor.py:830} INFO - Processing file /opt/airflow/dags/environmental_data_pipeline.py for tasks to queue
[2025-10-10T11:12:40.675+0000] {logging_mixin.py:188} INFO - [2025-10-10T11:12:40.674+0000] {dagbag.py:540} INFO - Filling up the DagBag from /opt/airflow/dags/environmental_data_pipeline.py
[2025-10-10T11:12:40.742+0000] {processor.py:840} INFO - DAG(s) 'environmental_data_pipeline' retrieved from /opt/airflow/dags/environmental_data_pipeline.py
[2025-10-10T11:12:41.128+0000] {logging_mixin.py:188} INFO - [2025-10-10T11:12:41.128+0000] {dag.py:3047} INFO - Sync 1 DAGs
[2025-10-10T11:12:41.266+0000] {logging_mixin.py:188} INFO - [2025-10-10T11:12:41.265+0000] {dag.py:3834} INFO - Setting next_dagrun for environmental_data_pipeline to 2025-10-10 11:00:00+00:00, run_after=2025-10-10 12:00:00+00:00
[2025-10-10T11:12:41.368+0000] {processor.py:183} INFO - Processing /opt/airflow/dags/environmental_data_pipeline.py took 0.722 seconds
[2025-10-10T11:13:11.636+0000] {processor.py:161} INFO - Started process (PID=1769) to work on /opt/airflow/dags/environmental_data_pipeline.py
[2025-10-10T11:13:11.642+0000] {processor.py:830} INFO - Processing file /opt/airflow/dags/environmental_data_pipeline.py for tasks to queue
[2025-10-10T11:13:11.644+0000] {logging_mixin.py:188} INFO - [2025-10-10T11:13:11.643+0000] {dagbag.py:540} INFO - Filling up the DagBag from /opt/airflow/dags/environmental_data_pipeline.py
[2025-10-10T11:13:11.709+0000] {processor.py:840} INFO - DAG(s) 'environmental_data_pipeline' retrieved from /opt/airflow/dags/environmental_data_pipeline.py
[2025-10-10T11:13:11.910+0000] {logging_mixin.py:188} INFO - [2025-10-10T11:13:11.909+0000] {dag.py:3047} INFO - Sync 1 DAGs
[2025-10-10T11:13:12.001+0000] {logging_mixin.py:188} INFO - [2025-10-10T11:13:11.999+0000] {dag.py:3834} INFO - Setting next_dagrun for environmental_data_pipeline to 2025-10-10 11:00:00+00:00, run_after=2025-10-10 12:00:00+00:00
[2025-10-10T11:13:12.088+0000] {processor.py:183} INFO - Processing /opt/airflow/dags/environmental_data_pipeline.py took 0.459 seconds
